product_id,feed_id,url,title,title_chars,meta_description,meta_chars,http_status,canonical,robots,brand,mpn,condition,category,description_words,schema_description,image_count,primary_image_http,flags
5649,286057418642,https://flipandstrip.com/product/5649/2000-victory-v92sc-crankshaft-and-connecting-rods-2203143-low-miles,2000 Victory V92sc Crankshaft and Connecting Rods 2203143 Low Miles | Flip and Strip,84,2000 Victory V92sc Crankshaft and Connecting Rods 2203143 Low Miles. Used Victory. Price: $139.95. HARLEY DAVIDSON XL 883 1200 SPORTSTER 04-06 CLUTCH DERBY,155,200,https://flipandstrip.com/product/5649/2000-victory-v92sc-crankshaft-and-connecting-rods-2203143-low-miles,"index, follow",Victory,2203143,used,MOTORCYCLE > VICTORY > V92SC,184,HARLEY DAVIDSON XL 883 1200 SPORTSTER 04-06 CLUTCH DERBY CHROME COVER # 34742-04,10,200,LONG_TITLE_REVIEW; DUPLICATE_SCHEMA_DESCRIPTION; IMAGE_DIMENSIONS; RESPONSIVE_IMAGE; DESCRIPTION_RELEVANCE_REVIEW; MARKETPLACE_BOILERPLATE; CONFIRMED_WRONG_DESCRIPTION
5650,285921534866,https://flipandstrip.com/product/5650/96-03-kawasaki-ninja-zx7r-transmission-gearbox-shafts-and-gears-13127-1244,96-03 KAWASAKI NINJA ZX7R TRANSMISSION / GEARBOX SHAFTS AND GEARS # 13127-1244 | Flip and Strip,95,96-03 KAWASAKI NINJA ZX7R TRANSMISSION / GEARBOX SHAFTS AND GEARS # 13127-1244. Used Kawasaki. Price: $75.00. KAWASAKI NINJA ZX7R (96-03) TRANSMISSION /,152,200,https://flipandstrip.com/product/5650/96-03-kawasaki-ninja-zx7r-transmission-gearbox-shafts-and-gears-13127-1244,"index, follow",Kawasaki,13127-1244,used,MOTORCYCLE > KAWASAKI > KAWASAKI SPORT BIKE,342,KAWASAKI NINJA ZX7R (96-03) TRANSMISSION / GEARBOX SHAFTS AND GEARS # 13127-1244 This item is a transmission shaft and gear set as shown from a 1998 Kawasaki,12,200,LONG_TITLE_REVIEW; IMAGE_DIMENSIONS; RESPONSIVE_IMAGE; MARKETPLACE_BOILERPLATE; EBAY_SHIPPING_COPY
5651,286952874633,https://flipandstrip.com/product/5651/06-11-kawasaki-zx14-zx-14-frame-caps-cover-custom-beauty-set-skully-black,06-11 Kawasaki ZX14 ZX-14 Frame Caps Cover Custom Beauty Set SKULLY Black | Flip and Strip,90,06-11 Kawasaki ZX14 ZX-14 Frame Caps Cover Custom Beauty Set SKULLY Black. New Kawasaki. Price: $39.95. The product is a set of custom beauty frame caps for a,158,200,https://flipandstrip.com/product/5651/06-11-kawasaki-zx14-zx-14-frame-caps-cover-custom-beauty-set-skully-black,"index, follow",Kawasaki,na,new,MOTORCYCLE > KAWASAKI > ZX-14 ZX14 / ZZR14 NINJA,145,"The product is a set of custom beauty frame caps for a Kawasaki ZX14 motorcycle, designed with a Skully pattern in black flexible TPU plastic. It includes 6",18,200,LONG_TITLE_REVIEW; IMAGE_DIMENSIONS; RESPONSIVE_IMAGE; PLACEHOLDER_MPN; USED_TEMPLATE_ON_NEW_ITEM
5652,285921534840,https://flipandstrip.com/product/5652/harley-davidson-set-of-2-rear-axle-spacers-fits-1-1-8-vt-44-0690,"HARLEY DAVIDSON ( SET OF 2 ) REAR AXLE SPACERS ( FITS 1 1/8"" ) # VT 44-0690 | Flip and Strip",92,"HARLEY DAVIDSON ( SET OF 2 ) REAR AXLE SPACERS ( FITS 1 1/8"" ) # VT 44-0690. New V-Twin Manufacturing. Price: $14.99. HARLEY DAVIDSON XL 883 1200 SPORTSTER",155,200,https://flipandstrip.com/product/5652/harley-davidson-set-of-2-rear-axle-spacers-fits-1-1-8-vt-44-0690,"index, follow",V-Twin Manufacturing,VT 44-0690,new,MOTORCYCLE > HARLEY DAVIDSON > HARLEY DAVIDSON,414,HARLEY DAVIDSON XL 883 1200 SPORTSTER 04-06 CLUTCH DERBY CHROME COVER # 34742-04,12,200,LONG_TITLE_REVIEW; DUPLICATE_SCHEMA_DESCRIPTION; IMAGE_DIMENSIONS; RESPONSIVE_IMAGE; MARKETPLACE_BOILERPLATE; EBAY_SHIPPING_COPY; USED_TEMPLATE_ON_NEW_ITEM
5654,286722318330,https://flipandstrip.com/product/5654/kawasaki-zl900-eliminator-neck-frame-fuel-tank-cover-right-oem-14024-1076,Kawasaki ZL900 Eliminator Neck Frame Fuel Tank Cover Right OEM 14024-1076 | Flip and Strip,90,Kawasaki ZL900 Eliminator Neck Frame Fuel Tank Cover Right OEM 14024-1076. Used Kawasaki. Price: $24.95. KAWASAKI ZL 900 ELIMINATOR > UPPER FORK HOLDER /,153,200,https://flipandstrip.com/product/5654/kawasaki-zl900-eliminator-neck-frame-fuel-tank-cover-right-oem-14024-1076,"index, follow",Kawasaki,14024-1076,used,MOTORCYCLE > KAWASAKI > KAWASAKI CRUISER,269,KAWASAKI ZL 900 ELIMINATOR > UPPER FORK HOLDER / TRIPLE TREE + CLAMPS 44039-1124 FUEL TANK / NECK / FRAME COVER ( RIGHT SIDE ) FOR KAWASAKI ZL 900 ELIMINATOR,12,200,LONG_TITLE_REVIEW; IMAGE_DIMENSIONS; RESPONSIVE_IMAGE; MARKETPLACE_BOILERPLATE; EBAY_SHIPPING_COPY
5655,9664 FAS,https://flipandstrip.com/product/5655/yamaha-fz750-side-cover-right-tail-red-blue-fairing-panel-oem-1fm-y2172-00-1x,Yamaha FZ750 Side Cover Right Tail Red Blue Fairing Panel OEM 1FM-Y2172-00-1X | Flip and Strip,94,Yamaha FZ750 Side Cover Right Tail Red Blue Fairing Panel OEM 1FM-Y2172-00-1X. Used Yamaha. Price: $75.00. HARLEY DAVIDSON XL 883 1200 SPORTSTER 04-06 CLUTCH,157,200,https://flipandstrip.com/product/5655/yamaha-fz750-side-cover-right-tail-red-blue-fairing-panel-oem-1fm-y2172-00-1x,"index, follow",Yamaha,1FM-Y2172-00-1X,used,MOTORCYCLE > YAMAHA > YAMAHA FZ 750,245,HARLEY DAVIDSON XL 883 1200 SPORTSTER 04-06 CLUTCH DERBY CHROME COVER # 34742-04 86 Yamaha FZ750 Side Tail Cover (RIGHT) Red & Blue Cowl Fairing Panel #,24,200,LONG_TITLE_REVIEW; IMAGE_DIMENSIONS; RESPONSIVE_IMAGE; MARKETPLACE_BOILERPLATE; EBAY_SHIPPING_COPY
5656,285921563768,https://flipandstrip.com/product/5656/85-87-honda-handlebars-gl1200-goldwing-interstate-aspercade-53100-mg9-680,85-87 Honda Handlebars GL1200 Goldwing Interstate Aspercade 53100-MG9-680 | Flip and Strip,90,85-87 Honda Handlebars GL1200 Goldwing Interstate Aspercade 53100-MG9-680. Used Honda. Price: $49.95. HONDA V 45 MAGNA VF 750 C & VF 700 C - STEERING STEM /,156,200,https://flipandstrip.com/product/5656/85-87-honda-handlebars-gl1200-goldwing-interstate-aspercade-53100-mg9-680,"index, follow",Honda,53100-MG9-680,used,MOTORCYCLE > HONDA > HONDA TOURING,310,"HONDA V 45 MAGNA VF 750 C & VF 700 C - STEERING STEM / TRIPLE TREE / FORK CLAMP Honda Goldwing handlebars.Some signs of use.1"" diameter at clamp.7/8"" at",12,200,LONG_TITLE_REVIEW; IMAGE_DIMENSIONS; RESPONSIVE_IMAGE; MARKETPLACE_BOILERPLATE
5657,285921563793,https://flipandstrip.com/product/5657/07-harley-davidson-sportster-nightster-xl1200-mid-right-foot-peg-support-bracket,07 Harley Davidson Sportster Nightster XL1200 Mid Right Foot Peg Support Bracket | Flip and Strip,97,07 Harley Davidson Sportster Nightster XL1200 Mid Right Foot Peg Support Bracket. Used Harley-Davidson. Price: $45.00. 2007 HARLEY DAVIDSON NIGHTSTER WITH,154,200,https://flipandstrip.com/product/5657/07-harley-davidson-sportster-nightster-xl1200-mid-right-foot-peg-support-bracket,"index, follow",Harley-Davidson,42971-04,used,MOTORCYCLE > HARLEY DAVIDSON > HARLEY DAVIDSON,193,2007 HARLEY DAVIDSON NIGHTSTER WITH MAGNAFLOW EXHAUST PIPES Video will open in a new window Using the mobile app? Copy this link into your browser: HARLEY,10,200,LONG_TITLE_REVIEW; DUPLICATE_SCHEMA_DESCRIPTION; IMAGE_DIMENSIONS; RESPONSIVE_IMAGE; MARKETPLACE_BOILERPLATE
5658,285921563802,https://flipandstrip.com/product/5658/yamaha-fzr600-shift-forks-and-shafts-transmission-oem-1wg-18513-00-00-gear-box,Yamaha FZR600 Shift Forks and Shafts Transmission OEM 1WG-18513-00-00 Gear Box | Flip and Strip,95,Yamaha FZR600 Shift Forks and Shafts Transmission OEM 1WG-18513-00-00 Gear Box. Used Yamaha. Price: $45.00. YAMAHA YZF R6 + SNOW MOBILE MACHINE > THERMOSTAT,156,200,https://flipandstrip.com/product/5658/yamaha-fzr600-shift-forks-and-shafts-transmission-oem-1wg-18513-00-00-gear-box,"index, follow",Yamaha,"1WG-18513-00-00, 1WG185130000",used,MOTORCYCLE > YAMAHA > FZR 600,194,YAMAHA YZF R6 + SNOW MOBILE MACHINE > THERMOSTAT HOUSING # 5EB-12413-00-00 YAMAHA FZR600 SHIFT FORKS & SHAFTS AS SHOWN. PLEASE SEE ALL PICTURES !! (( 9380 FAS,9,200,LONG_TITLE_REVIEW; IMAGE_DIMENSIONS; RESPONSIVE_IMAGE; MARKETPLACE_BOILERPLATE; EBAY_SHIPPING_COPY
5659,9377 FAS,https://flipandstrip.com/product/5659/06-07-kawasaki-fairing-front-nose-cowl-zx-10r-zx10r-ninja-aftermarket,06 07 Kawasaki Fairing Front Nose Cowl ZX-10r ZX10r Ninja Aftermarket | Flip and Strip,86,06 07 Kawasaki Fairing Front Nose Cowl ZX-10r ZX10r Ninja Aftermarket. Used Kawasaki. Price: $49.95. KAWASAKI NINJA ZX6R > OIL TUBE / LINE / HOSE + BANJO BOLTS,159,200,https://flipandstrip.com/product/5659/06-07-kawasaki-fairing-front-nose-cowl-zx-10r-zx10r-ninja-aftermarket,"index, follow",Kawasaki,55028-0065,used,MOTORCYCLE > KAWASAKI > ZX-10R NINJA,198,KAWASAKI NINJA ZX6R > OIL TUBE / LINE / HOSE + BANJO BOLTS + MORE # 51044-1179 06-07 Kawasaki ZX-10R front fairing / nose USED AFTERMARKET - SOME SCRATCHES,12,200,LONG_TITLE_REVIEW; IMAGE_DIMENSIONS; RESPONSIVE_IMAGE; MARKETPLACE_BOILERPLATE
5661,3258 FAS,https://flipandstrip.com/product/5661/05-sportster-xl1200c-harley-davidson-regulator-voltage-charging-74523-04-tested,05 Sportster XL1200C Harley Davidson Regulator Voltage Charging 74523-04 Tested | Flip and Strip,96,05 Sportster XL1200C Harley Davidson Regulator Voltage Charging 74523-04 Tested. Used Harley-Davidson. Price: $23.45. 05 HARLEY DAVIDSON SPORTSTER XL1200C,154,200,https://flipandstrip.com/product/5661/05-sportster-xl1200c-harley-davidson-regulator-voltage-charging-74523-04-tested,"index, follow",Harley-Davidson,74523-04,used,MOTORCYCLE > HARLEY DAVIDSON > HARLEY DAVIDSON,187,05 HARLEY DAVIDSON SPORTSTER XL1200C ((PART OUT)) Video will open in a new window Using the mobile app? Copy this link into your browser: HARLEY DAVIDSON XL,11,200,LONG_TITLE_REVIEW; DUPLICATE_SCHEMA_DESCRIPTION; IMAGE_DIMENSIONS; RESPONSIVE_IMAGE; MARKETPLACE_BOILERPLATE
5662,285921534878,https://flipandstrip.com/product/5662/yamaha-fzr-600-89-99-right-heel-guard-plate-3he-27445-01-00-polished-look,YAMAHA FZR 600 89-99 > RIGHT HEEL GUARD PLATE # 3HE-27445-01-00 POLISHED LOOK !! | Flip and Strip,97,YAMAHA FZR 600 89-99 > RIGHT HEEL GUARD PLATE # 3HE-27445-01-00 POLISHED LOOK !!. Used Yamaha. Price: $5.89. THIS ITEM IS A RIGHT HEEL GUARD PLATE FROM A 1999,158,200,https://flipandstrip.com/product/5662/yamaha-fzr-600-89-99-right-heel-guard-plate-3he-27445-01-00-polished-look,"index, follow",Yamaha,3HE-27446-01-00,used,MOTORCYCLE > YAMAHA > YAMAHA SPORT BIKE,806,THIS ITEM IS A RIGHT HEEL GUARD PLATE FROM A 1999 YAMAHA FZR 600 WILL FIT OTHERS . SEE LIST BELOW. THIS IS YAMAHA PART NUMBER 3HE-27446-01-00. THIS ITEM IS IN,11,200,LONG_TITLE_REVIEW; IMAGE_DIMENSIONS; RESPONSIVE_IMAGE; MARKETPLACE_BOILERPLATE; EBAY_SHIPPING_COPY
5664,285921534894,https://flipandstrip.com/product/5664/kawasaki-zx14-zx-14-ninja-front-brake-fluid-master-cylinder-cap-cover-lid,KAWASAKI ZX14 ZX-14 NINJA FRONT BRAKE FLUID / MASTER CYLINDER CAP / COVER / LID | Flip and Strip,96,KAWASAKI ZX14 ZX-14 NINJA FRONT BRAKE FLUID / MASTER CYLINDER CAP / COVER / LID. Used Kawasaki. Price: $9.48. This is a front brake fluid / master cylinder cap,159,200,https://flipandstrip.com/product/5664/kawasaki-zx14-zx-14-ninja-front-brake-fluid-master-cylinder-cap-cover-lid,"index, follow",Kawasaki,43026-1051,used,MOTORCYCLE > KAWASAKI > KAWASAKI SPORT BIKE,402,"This is a front brake fluid / master cylinder cap / lid / cover for a Kawasaki ZX-14.Works great!! Used condition. C4B1 IF YOU CHOOSE TO USE "" BEST OFFER """,11,200,LONG_TITLE_REVIEW; IMAGE_DIMENSIONS; RESPONSIVE_IMAGE; MARKETPLACE_BOILERPLATE; EBAY_SHIPPING_COPY
5665,285921534907,https://flipandstrip.com/product/5665/02-09-suzuki-lt-f-250-ozark-foot-rest-left-peg-step-floor-board-oem-43520-05g00,02-09 SUZUKI LT- F 250 Ozark Foot Rest Left Peg Step Floor Board OEM 43520-05G00 | Flip and Strip,97,02-09 SUZUKI LT- F 250 Ozark Foot Rest Left Peg Step Floor Board OEM 43520-05G00. Used SUZUKI. Price: $16.61. SUZUKI LT- F 250 OZARK - FOOT REST / PEG LEFT,155,200,https://flipandstrip.com/product/5665/02-09-suzuki-lt-f-250-ozark-foot-rest-left-peg-step-floor-board-oem-43520-05g00,"index, follow",SUZUKI,43520-05G00,used,ATV 4 WHEELER / ATC 3 WHEELER > SUZUKI,261,SUZUKI LT- F 250 OZARK - FOOT REST / PEG LEFT FOOT BOARD # 43520-05G00 THIS ITEM IS A LEFT SIDE FOOT REST / PEG FOR SUZUKI LT- F 250 OZARK QUAD RUNNER ATV,11,200,LONG_TITLE_REVIEW; IMAGE_DIMENSIONS; RESPONSIVE_IMAGE; MARKETPLACE_BOILERPLATE
5666,285921534915,https://flipandstrip.com/product/5666/02-13-suzuki-lt-f250-ozark-quadrunner-cup-recoil-pull-starter-cup-18410-05g00,02-13 Suzuki LT F250 Ozark Quadrunner Cup Recoil Pull Starter Cup 18410-05G00 | Flip and Strip,94,02-13 Suzuki LT F250 Ozark Quadrunner Cup Recoil Pull Starter Cup 18410-05G00. Used Suzuki. Price: $13.50. SUZUKI LT- F 250 OZARK QUAD RUNNER > CUP RECOIL,154,200,https://flipandstrip.com/product/5666/02-13-suzuki-lt-f250-ozark-quadrunner-cup-recoil-pull-starter-cup-18410-05g00,"index, follow",Suzuki,18410-05G00,used,ATV 4 WHEELER / ATC 3 WHEELER > SUZUKI,279,SUZUKI LT- F 250 OZARK QUAD RUNNER > CUP RECOIL STARTER CUP # 18410-05G00 THIS ITEM IS A RECOIL STARTER CUP AS SHOWN FOR SUZUKI LT- F 250 OZARK QUAD RUNNER ATV,11,200,LONG_TITLE_REVIEW; IMAGE_DIMENSIONS; RESPONSIVE_IMAGE; MARKETPLACE_BOILERPLATE
5667,285921534918,https://flipandstrip.com/product/5667/08-13-kawasaki-starter-idler-reduction-limiter-gear-zx14-zx-14-zg1400-39076-0013,08-13 Kawasaki Starter Idler Reduction Limiter Gear ZX14 ZX-14 ZG1400 39076-0013 | Flip and Strip,97,08-13 Kawasaki Starter Idler Reduction Limiter Gear ZX14 ZX-14 ZG1400 39076-0013. Used Kawasaki. Price: $19.87. KAWASAKI ZX14 ZX-14 NINJA FRONT BRAKE FLUID /,157,200,https://flipandstrip.com/product/5667/08-13-kawasaki-starter-idler-reduction-limiter-gear-zx14-zx-14-zg1400-39076-0013,"index, follow",Kawasaki,39076-0013,used,MOTORCYCLE > KAWASAKI > KAWASAKI SPORT BIKE,322,KAWASAKI ZX14 ZX-14 NINJA FRONT BRAKE FLUID / MASTER CYLINDER CAP / COVER / LID Kawasaki ZX-14& ZG1400 CONCOURS STARTER IDLER REDUCTION LIMITER GEAR. ((,8,200,LONG_TITLE_REVIEW; IMAGE_DIMENSIONS; RESPONSIVE_IMAGE; MARKETPLACE_BOILERPLATE
5668,285921534922,https://flipandstrip.com/product/5668/00-03-suzuki-cylinder-gsxr750-barrel-jug-crankcase-upper-72mm-engine-11302-35821,00-03 Suzuki Cylinder GSXR750 Barrel Jug Crankcase Upper 72MM Engine 11302-35821 | Flip and Strip,97,00-03 Suzuki Cylinder GSXR750 Barrel Jug Crankcase Upper 72MM Engine 11302-35821. Used Suzuki. Price: $49.95. SUZUKI GSXR 750 (00-03) CYLINDERS 72MM BARRELS,156,200,https://flipandstrip.com/product/5668/00-03-suzuki-cylinder-gsxr750-barrel-jug-crankcase-upper-72mm-engine-11302-35821,"index, follow",Suzuki,11302-35821,used,MOTORCYCLE > SUZUKI > SPORT BIKE,232,SUZUKI GSXR 750 (00-03) CYLINDERS 72MM BARRELS CRANKCASE TOP UPPER ENGINE MOTOR 00 01 02 03 GSXR 750 SUZUKI CYLINDERS 72MM BARRELS JUG CRANKCASE UPPER ENGINE,12,200,LONG_TITLE_REVIEW; IMAGE_DIMENSIONS; RESPONSIVE_IMAGE; MARKETPLACE_BOILERPLATE
5671,286556571502,https://flipandstrip.com/product/5671/05-06-kawasaki-ninja-636-zx6r-inner-front-side-cover-trim-panel-set-55028-0033,05 06 Kawasaki Ninja 636 ZX6R Inner Front Side Cover Trim Panel Set 55028-0033 | Flip and Strip,95,05 06 Kawasaki Ninja 636 ZX6R Inner Front Side Cover Trim Panel Set 55028-0033. Used Kawasaki. Price: $24.95. KAWASAKI NINJA ZX6R > OIL TUBE / LINE / HOSE +,156,200,https://flipandstrip.com/product/5671/05-06-kawasaki-ninja-636-zx6r-inner-front-side-cover-trim-panel-set-55028-0033,"index, follow",Kawasaki,55028-0033,used,MOTORCYCLE > KAWASAKI > KAWASAKI SPORT BIKE,355,KAWASAKI NINJA ZX6R > OIL TUBE / LINE / HOSE + BANJO BOLTS + MORE # 51044-1179 Inner front panel / cover set ( left and right ) 05-06 Kawasaki Ninja ZX6R / 636,12,200,LONG_TITLE_REVIEW; IMAGE_DIMENSIONS; RESPONSIVE_IMAGE; MARKETPLACE_BOILERPLATE; EBAY_SHIPPING_COPY
5672,286556571597,https://flipandstrip.com/product/5672/85-97-kawasaki-rocker-arms-shaft-springs-ninja-zx600-eliminator-zl600-12016-1062,85-97 Kawasaki Rocker Arms Shaft Springs Ninja ZX600 Eliminator ZL600 12016-1062 | Flip and Strip,97,85-97 Kawasaki Rocker Arms Shaft Springs Ninja ZX600 Eliminator ZL600 12016-1062. Used Kawasaki. Price: $24.95. KAWASAKI ZL600 ELIMINATOR ( 1933.2 MILES ) FUEL,159,200,https://flipandstrip.com/product/5672/85-97-kawasaki-rocker-arms-shaft-springs-ninja-zx600-eliminator-zl600-12016-1062,"index, follow",Kawasaki,12016-1062,used,MOTORCYCLE > KAWASAKI > ELIMINATOR ZL 600,376,"KAWASAKI ZL600 ELIMINATOR ( 1933.2 MILES ) FUEL TANK GAS PETROL CELL BLACK ROCKER ARM , SPRINGS AND SHAFT SET AS SHOWN FITS 85-97 ZX600 NINJA & ALL ELIMINATOR",12,200,LONG_TITLE_REVIEW; IMAGE_DIMENSIONS; RESPONSIVE_IMAGE; MARKETPLACE_BOILERPLATE
5673,286556571590,https://flipandstrip.com/product/5673/suzuki-coil-tl1000r-tlr-left-vs750-vs-800-intruder-boulevard-oem-33420-38a11,Suzuki Coil TL1000R TLR Left VS750 VS 800 Intruder Boulevard OEM 33420-38A11 | Flip and Strip,93,Suzuki Coil TL1000R TLR Left VS750 VS 800 Intruder Boulevard OEM 33420-38A11. Used Suzuki. Price: $12.34. SUZUKI TL1000R TLR 98-03 MOTORCYCLE > IGNITION COIL,157,200,https://flipandstrip.com/product/5673/suzuki-coil-tl1000r-tlr-left-vs750-vs-800-intruder-boulevard-oem-33420-38a11,"index, follow",Suzuki,33420-38A11,used,MOTORCYCLE > SUZUKI > SPORT BIKE,429,SUZUKI TL1000R TLR 98-03 MOTORCYCLE > IGNITION COIL LEFT # 33420-38A11 This item is a used left coil as shown . PLEASE SEE ALL PICTURES!!! What you see in the,12,200,LONG_TITLE_REVIEW; IMAGE_DIMENSIONS; RESPONSIVE_IMAGE; MARKETPLACE_BOILERPLATE
5674,286556571616,https://flipandstrip.com/product/5674/2002-2003-honda-cbr954rr-and-cbr929-starter-12v-starting-motor-oem-31200-mcj-751,2002 2003 Honda CBR954RR and CBR929 Starter 12V Starting Motor OEM 31200-MCJ-751 | Flip and Strip,97,2002 2003 Honda CBR954RR and CBR929 Starter 12V Starting Motor OEM 31200-MCJ-751. Used Honda. Price: $24.95. HONDA CBR 954 / 900 RR (02-03) > STARTER STARTING,158,200,https://flipandstrip.com/product/5674/2002-2003-honda-cbr954rr-and-cbr929-starter-12v-starting-motor-oem-31200-mcj-751,"index, follow",Honda,31200-MCJ-751,used,MOTORCYCLE > HONDA > HONDA SPORT BIKE,229,HONDA CBR 954 / 900 RR (02-03) > STARTER STARTING MOTOR TESTED # 31200-MCJ-751 This item is a starter as shown .There are some signs of use and age. See all,5,200,LONG_TITLE_REVIEW; IMAGE_DIMENSIONS; RESPONSIVE_IMAGE; MARKETPLACE_BOILERPLATE; EBAY_SHIPPING_COPY
5675,286556571536,https://flipandstrip.com/product/5675/1974-honda-cb750-primary-driven-sprocket-23110-300-030-motorcycle,1974 Honda CB750 Primary Driven Sprocket 23110-300-030 Motorcycle | Flip and Strip,82,1974 Honda CB750 Primary Driven Sprocket 23110-300-030 Motorcycle. Used Honda. Price: $45.00. HONDA CB 750 (1974) MOTORCYCLE - PRIMARY DRIVEN SPROCKET #,152,200,https://flipandstrip.com/product/5675/1974-honda-cb750-primary-driven-sprocket-23110-300-030-motorcycle,"index, follow",Honda,23110300030,used,MOTORCYCLE > HONDA > CB 750,177,HONDA CB 750 (1974) MOTORCYCLE - PRIMARY DRIVEN SPROCKET # 23110300030 1974 HONDA CB 750 PRIMARY / DRIVEN SPROCKET AS SHOWN. Will need some clean up. Some,12,200,LONG_TITLE_REVIEW; IMAGE_DIMENSIONS; RESPONSIVE_IMAGE; MARKETPLACE_BOILERPLATE
5677,286556571578,https://flipandstrip.com/product/5677/harley-davidson-temporary-tattoos-eagle-62184-great-quality-biker-halloween,Harley Davidson Temporary Tattoos Eagle 62184 Great Quality Biker Halloween | Flip and Strip,92,Harley Davidson Temporary Tattoos Eagle 62184 Great Quality Biker Halloween. New Harley-Davidson. Price: $6.98. HARLEY DAVIDSON TEMPORARY TATTOOS ( EAGLE ),155,200,https://flipandstrip.com/product/5677/harley-davidson-temporary-tattoos-eagle-62184-great-quality-biker-halloween,"index, follow",Harley-Davidson,9083 FAS,new,Other,144,HARLEY DAVIDSON TEMPORARY TATTOOS ( EAGLE ) 62184(( 9083 FAS JC1B1 ~ L3521 )) ATTENTION BUYER / CUSTOMER - It is the buyers responsibility to contact us before,8,200,LONG_TITLE_REVIEW; IMAGE_DIMENSIONS; RESPONSIVE_IMAGE; MARKETPLACE_BOILERPLATE; USED_TEMPLATE_ON_NEW_ITEM
5678,286556571562,https://flipandstrip.com/product/5678/89-97-yamaha-fzr1000-yzf1000-gts-1000-clutch-pressure-plate-oem-3gm-16351-00-00,89-97 Yamaha FZR1000 YZF1000 GTS 1000 Clutch Pressure Plate OEM 3GM-16351-00-00 | Flip and Strip,96,89-97 Yamaha FZR1000 YZF1000 GTS 1000 Clutch Pressure Plate OEM 3GM-16351-00-00. Used Yamaha. Price: $9.95. HARLEY DAVIDSON XL 883 1200 SPORTSTER 04-06 CLUTCH,158,200,https://flipandstrip.com/product/5678/89-97-yamaha-fzr1000-yzf1000-gts-1000-clutch-pressure-plate-oem-3gm-16351-00-00,"index, follow",Yamaha,3GM-16351-00-00,used,MOTORCYCLE > YAMAHA > FZR 1000,284,HARLEY DAVIDSON XL 883 1200 SPORTSTER 04-06 CLUTCH DERBY CHROME COVER # 34742-04 Yamaha FZR1000 + YZF1000 + GTS 1000 Clutch Pressure Plate OEM . #,8,200,LONG_TITLE_REVIEW; IMAGE_DIMENSIONS; RESPONSIVE_IMAGE; MARKETPLACE_BOILERPLATE
5679,286556571563,https://flipandstrip.com/product/5679/yamaha-front-brake-hose-joint-splitter-fzr-600-750-1000-fj1100-fj1200-11u-25885,Yamaha Front Brake Hose Joint Splitter FZR 600 750 1000 FJ1100 FJ1200 11U-25885 | Flip and Strip,96,Yamaha Front Brake Hose Joint Splitter FZR 600 750 1000 FJ1100 FJ1200 11U-25885. Used Yamaha. Price: $10.99. YAMAHA YZF R6 + SNOW MOBILE MACHINE > THERMOSTAT,157,200,https://flipandstrip.com/product/5679/yamaha-front-brake-hose-joint-splitter-fzr-600-750-1000-fj1100-fj1200-11u-25885,"index, follow",Yamaha,11U-25885-00-00,used,MOTORCYCLE > YAMAHA > FZR 600,670,YAMAHA YZF R6 + SNOW MOBILE MACHINE > THERMOSTAT HOUSING # 5EB-12413-00-00 FRONT BRAKE HOSE JOINT SPLITTER AS SHOWN IN PICTURE. PLEASE ALL SEE PICTURES (((,12,200,LONG_TITLE_REVIEW; IMAGE_DIMENSIONS; RESPONSIVE_IMAGE; MARKETPLACE_BOILERPLATE; EBAY_SHIPPING_COPY
5680,285921534883,https://flipandstrip.com/product/5680/92-99-harley-davidson-electra-glide-oil-filter-mount-genuine-oem-part-26369-92a,92-99 Harley Davidson Electra Glide Oil Filter Mount Genuine OEM Part 26369-92A | Flip and Strip,96,92-99 Harley Davidson Electra Glide Oil Filter Mount Genuine OEM Part 26369-92A. Used Harley-Davidson. Price: $27.95. HARLEY DAVIDSON XL 883 1200 SPORTSTER,155,200,https://flipandstrip.com/product/5680/92-99-harley-davidson-electra-glide-oil-filter-mount-genuine-oem-part-26369-92a,"index, follow",Harley-Davidson,26369-92A,used,MOTORCYCLE > HARLEY DAVIDSON > HARLEY DAVIDSON,291,HARLEY DAVIDSON XL 883 1200 SPORTSTER 04-06 CLUTCH DERBY CHROME COVER # 34742-04,9,200,LONG_TITLE_REVIEW; DUPLICATE_SCHEMA_DESCRIPTION; IMAGE_DIMENSIONS; RESPONSIVE_IMAGE; DESCRIPTION_RELEVANCE_REVIEW; MARKETPLACE_BOILERPLATE; EBAY_SHIPPING_COPY
5683,285921563824,https://flipandstrip.com/product/5683/evinrude-johnson-90-and-115-turbojet-drives-omc-primer-pump-boat-marine-437700,Evinrude Johnson 90 And 115 Turbojet Drives OMC Primer Pump Boat Marine 437700 | Flip and Strip,95,Evinrude Johnson 90 And 115 Turbojet Drives OMC Primer Pump Boat Marine 437700. New Evinrude. Price: $56.78. MERCURY / MARINER 40 HP 4 CYL ( LOWER COWL SKIRT,157,200,https://flipandstrip.com/product/5683/evinrude-johnson-90-and-115-turbojet-drives-omc-primer-pump-boat-marine-437700,"index, follow",Evinrude,437700,new,MARINE / BOAT PARTS > EVINRUDE / JOHNSON,167,MERCURY / MARINER 40 HP 4 CYL ( LOWER COWL SKIRT TRIM COVER ) NLA # 18871T 6 Evinrude Johnson OMC Primer Pump Boat Marine 90 And 115 Turbojet Drives 437700 SEE,10,200,LONG_TITLE_REVIEW; IMAGE_DIMENSIONS; RESPONSIVE_IMAGE; MARKETPLACE_BOILERPLATE; USED_TEMPLATE_ON_NEW_ITEM
5684,285921563804,https://flipandstrip.com/product/5684/89-90-yamaha-fzr1000-headlight-housing-lens-bucket-body-adjusters-seal-3gm-84330,89 90 Yamaha FZR1000 Headlight Housing Lens Bucket Body Adjusters Seal 3GM-84330 | Flip and Strip,97,89 90 Yamaha FZR1000 Headlight Housing Lens Bucket Body Adjusters Seal 3GM-84330. Used Yamaha. Price: $59.95. HARLEY DAVIDSON XL 883 1200 SPORTSTER 04-06,153,200,https://flipandstrip.com/product/5684/89-90-yamaha-fzr1000-headlight-housing-lens-bucket-body-adjusters-seal-3gm-84330,"index, follow",Yamaha,"3LG-84320-00-00, 3LG-8432A-00-00, 3GM-84330-00-00, 3LD-8430M-00-00, 3HE-84366-00-00",used,MOTORCYCLE > YAMAHA > FZR 1000,200,HARLEY DAVIDSON XL 883 1200 SPORTSTER 04-06 CLUTCH DERBY CHROME COVER # 34742-04 89 - 90 Yamaha FZR 1000 Headlight Housing / Lens. USED - SEE ALL PICTURES !!,21,200,LONG_TITLE_REVIEW; IMAGE_DIMENSIONS; RESPONSIVE_IMAGE; MARKETPLACE_BOILERPLATE
5685,9389 FAS,https://flipandstrip.com/product/5685/kawasaki-zx12-speedometer-zx-12-tach-gauge-meter-220-mph-dash-28011-1222-ninja,Kawasaki ZX12 Speedometer ZX-12 Tach Gauge Meter 220 MPH Dash 28011-1222 Ninja | Flip and Strip,95,Kawasaki ZX12 Speedometer ZX-12 Tach Gauge Meter 220 MPH Dash 28011-1222 Ninja. Used Kawasaki. Price: $115.00. KAWASAKI NINJA ZX6R > OIL TUBE / LINE / HOSE +,157,200,https://flipandstrip.com/product/5685/kawasaki-zx12-speedometer-zx-12-tach-gauge-meter-220-mph-dash-28011-1222-ninja,"index, follow",Kawasaki,"28011-1222, 280111222",used,MOTORCYCLE > KAWASAKI > ZX-12R,231,KAWASAKI NINJA ZX6R > OIL TUBE / LINE / HOSE + BANJO BOLTS + MORE # 51044-1179 2002-2005 Kawasaki ZX-12R Meters / Gauge. Seems to be earlier year internals,12,200,LONG_TITLE_REVIEW; IMAGE_DIMENSIONS; RESPONSIVE_IMAGE; MARKETPLACE_BOILERPLATE; EBAY_SHIPPING_COPY
5686,286556571484,https://flipandstrip.com/product/5686/02-09-suzuki-atv-engine-crankcase-ltf250-ozark-ltz250-quad-sport-motor-housing,02-09 Suzuki ATV Engine Crankcase LTF250 Ozark LTZ250 Quad Sport Motor Housing | Flip and Strip,95,02-09 Suzuki ATV Engine Crankcase LTF250 Ozark LTZ250 Quad Sport Motor Housing. Used Suzuki. Price: $29.95. SUZUKI LT- F250 OZARK + LT-Z250 > CRANK CASE /,154,200,https://flipandstrip.com/product/5686/02-09-suzuki-atv-engine-crankcase-ltf250-ozark-ltz250-quad-sport-motor-housing,"index, follow",Suzuki,11301-05821,used,ATV 4 WHEELER / ATC 3 WHEELER > SUZUKI,341,SUZUKI LT- F250 OZARK + LT-Z250 > CRANK CASE / LOWER ENGINE HOUSING 11301-05821 THIS ITEM IS A NICE USED CRANKCASE AS SHOWN FOR SUZUKI LTF250 OZARK & LTZ250,12,200,LONG_TITLE_REVIEW; IMAGE_DIMENSIONS; RESPONSIVE_IMAGE; MARKETPLACE_BOILERPLATE; EBAY_SHIPPING_COPY
5687,928 FAS Q1,https://flipandstrip.com/product/5687/yamaha-fz1-sprocket-cam-chain-pulse-ignition-rotor-cam-crank-chain-fzs1000,"Yamaha FZ1 Sprocket Cam Chain , Pulse Ignition Rotor , Cam Crank Chain FZS1000 | Flip and Strip",95,"Yamaha FZ1 Sprocket Cam Chain , Pulse Ignition Rotor , Cam Crank Chain FZS1000. Used Yamaha. Price: $19.95. YAMAHA FZ1 FZS1000 < THERMOSTAT HOUSING + FILLER",156,200,https://flipandstrip.com/product/5687/yamaha-fz1-sprocket-cam-chain-pulse-ignition-rotor-cam-crank-chain-fzs1000,"index, follow",Yamaha,4XV-11549-00-00,used,MOTORCYCLE > YAMAHA > YAMAHA SPORT BIKE,199,"YAMAHA FZ1 FZS1000 < THERMOSTAT HOUSING + FILLER NECK # 5LV-12417-00-00 NICE!! Cam chain sprocket , chain and ignition rotor as shown . 4XV-81673-00-00",11,200,LONG_TITLE_REVIEW; IMAGE_DIMENSIONS; RESPONSIVE_IMAGE; MARKETPLACE_BOILERPLATE; EBAY_SHIPPING_COPY
5688,286556571473,https://flipandstrip.com/product/5688/united-states-of-america-flag-magnetic-usa-3-1-2-x-6-motorcycle-truck-car,"United States of America Flag Magnetic USA 3 1/2 X 6"" Motorcycle Truck Car | Flip and Strip",91,"United States of America Flag Magnetic USA 3 1/2 X 6"" Motorcycle Truck Car. New with tags National. Price: $5.67. MAGNETIC AMERICAN FLAG 3 1/2 x 6""(( 9081-76",157,200,https://flipandstrip.com/product/5688/united-states-of-america-flag-magnetic-usa-3-1-2-x-6-motorcycle-truck-car,"index, follow",National,14-7011,used,Other,143,"MAGNETIC AMERICAN FLAG 3 1/2 x 6""(( 9081-76 FAS JC1B3 ~ L3521 )) ATTENTION BUYER / CUSTOMER - It is the buyers responsibility to contact us before paying for",9,200,LONG_TITLE_REVIEW; IMAGE_DIMENSIONS; RESPONSIVE_IMAGE; DESCRIPTION_RELEVANCE_REVIEW; MARKETPLACE_BOILERPLATE
5689,286556571474,https://flipandstrip.com/product/5689/2000-victory-v92sc-brembo-front-brake-caliper-set-1930841,2000 Victory V92sc Brembo Front Brake Caliper Set 1930841 | Flip and Strip,74,2000 Victory V92sc Brembo Front Brake Caliper Set 1930841. Used Brembo. Price: $149.95. HARLEY DAVIDSON XL 883 1200 SPORTSTER 04-06 CLUTCH DERBY CHROME COVER #,159,200,https://flipandstrip.com/product/5689/2000-victory-v92sc-brembo-front-brake-caliper-set-1930841,"index, follow",Brembo,1930841,used,MOTORCYCLE > VICTORY > V92SC,233,HARLEY DAVIDSON XL 883 1200 SPORTSTER 04-06 CLUTCH DERBY CHROME COVER # 34742-04,12,200,LONG_TITLE_REVIEW; DUPLICATE_SCHEMA_DESCRIPTION; IMAGE_DIMENSIONS; RESPONSIVE_IMAGE; DESCRIPTION_RELEVANCE_REVIEW; MARKETPLACE_BOILERPLATE
5690,285921563785,https://flipandstrip.com/product/5690/87-honda-trx-350-fourtrax-foreman-atv-breather-box-air-vent-tank-17365-ha7-670,87 Honda TRX 350 Fourtrax Foreman ATV Breather Box Air Vent Tank 17365-HA7-670 | Flip and Strip,95,87 Honda TRX 350 Fourtrax Foreman ATV Breather Box Air Vent Tank 17365-HA7-670. Used Honda. Price: $8.76. HONDA TRX 350 FOUR TRAX / FOREMAN ATV - BREATHER TANK,159,200,https://flipandstrip.com/product/5690/87-honda-trx-350-fourtrax-foreman-atv-breather-box-air-vent-tank-17365-ha7-670,"index, follow",Honda,17365-HA7-670,used,ATV 4 WHEELER / ATC 3 WHEELER > HONDA > HONDA TRX 350,173,HONDA TRX 350 FOUR TRAX / FOREMAN ATV - BREATHER TANK ( NLA ) # 17365-HA7-670 This item is a breather tank from a Honda trx 350 D . WILL BE EXACTLY AS SHOWN IN,12,200,LONG_TITLE_REVIEW; IMAGE_DIMENSIONS; RESPONSIVE_IMAGE; MARKETPLACE_BOILERPLATE
5691,285921563797,https://flipandstrip.com/product/5691/10-23-kawasaki-zx10r-zx6r-steering-damper-stabilizer-ohlins-44071-0673-ninja,10-23 Kawasaki ZX10R ZX6R Steering Damper Stabilizer Ohlins 44071-0673 Ninja | Flip and Strip,93,10-23 Kawasaki ZX10R ZX6R Steering Damper Stabilizer Ohlins 44071-0673 Ninja. Used Kawasaki - Ohlins. Price: $129.95. KAWASAKI NINJA ZX6R > OIL TUBE / LINE /,157,200,https://flipandstrip.com/product/5691/10-23-kawasaki-zx10r-zx6r-steering-damper-stabilizer-ohlins-44071-0673-ninja,"index, follow",Kawasaki - Ohlins,44071-0673,used,MOTORCYCLE > KAWASAKI > ZX-10R NINJA,847,KAWASAKI NINJA ZX6R > OIL TUBE / LINE / HOSE + BANJO BOLTS + MORE # 51044-1179 11-15 Kawasaki ZX-10R Ninja ZX10R front end / Forks as shown.USED - Some signs,18,200,LONG_TITLE_REVIEW; IMAGE_DIMENSIONS; RESPONSIVE_IMAGE; MARKETPLACE_BOILERPLATE; EBAY_SHIPPING_COPY
5692,9416 FAS,https://flipandstrip.com/product/5692/02-05-zx-12r-zx12-kawasaki-front-fairing-cowl-nose-ninja-red-55028-1425,02-05 ZX-12R ZX12 Kawasaki Front Fairing Cowl Nose Ninja Red 55028-1425 | Flip and Strip,88,02-05 ZX-12R ZX12 Kawasaki Front Fairing Cowl Nose Ninja Red 55028-1425. Used Unbranded. Price: $98.76. KAWASAKI NINJA ZX6R > OIL TUBE / LINE / HOSE + BANJO,156,200,https://flipandstrip.com/product/5692/02-05-zx-12r-zx12-kawasaki-front-fairing-cowl-nose-ninja-red-55028-1425,"index, follow",Unbranded,55028-1425,used,MOTORCYCLE > KAWASAKI > ZX-12R,165,KAWASAKI NINJA ZX6R > OIL TUBE / LINE / HOSE + BANJO BOLTS + MORE # 51044-1179 2002-2005 Kawasaki ZX-12R front fairing USED - HAS A CRACK SOME REPAIRS,12,200,LONG_TITLE_REVIEW; IMAGE_DIMENSIONS; RESPONSIVE_IMAGE; MARKETPLACE_BOILERPLATE; EBAY_SHIPPING_COPY
5693,376 FAS,https://flipandstrip.com/product/5693/honda-trx350-air-inlet-cover-plate-left-atv-fourtrax-foreman-oem-66125-ha7-670,Honda TRX350 Air Inlet Cover Plate Left ATV Fourtrax Foreman OEM 66125-HA7-670 | Flip and Strip,95,Honda TRX350 Air Inlet Cover Plate Left ATV Fourtrax Foreman OEM 66125-HA7-670. Used Honda. Price: $19.87. HONDA TRX 350 FOUR TRAX / FOREMAN - AIR INLET COVER,158,200,https://flipandstrip.com/product/5693/honda-trx350-air-inlet-cover-plate-left-atv-fourtrax-foreman-oem-66125-ha7-670,"index, follow",Honda,66125-HA7-670,used,ATV 4 WHEELER / ATC 3 WHEELER > HONDA > HONDA TRX 350,190,HONDA TRX 350 FOUR TRAX / FOREMAN - AIR INLET COVER PLATE (LEFT) # 66125-HA7-670 This item is a left air inlet cover / plate from a 1988 Honda trx 350 D,10,200,LONG_TITLE_REVIEW; IMAGE_DIMENSIONS; RESPONSIVE_IMAGE; MARKETPLACE_BOILERPLATE
5695,285699423700,https://flipandstrip.com/product/5695/kawasaki-zx-11-gpz-1100-abs-brake-wire-harness-loom-oem-26030-1399,Kawasaki ZX-11 GPZ 1100 ABS Brake Wire Harness Loom OEM 26030-1399 | Flip and Strip,83,Kawasaki ZX-11 GPZ 1100 ABS Brake Wire Harness Loom OEM 26030-1399. Used Kawasaki. Price: $98.76. KAWASAKI ZX1100 GPZ > HARNESS FOR BRAKE ABS # 26030-1399,154,200,https://flipandstrip.com/product/5695/kawasaki-zx-11-gpz-1100-abs-brake-wire-harness-loom-oem-26030-1399,"index, follow",Kawasaki,26030-1399,used,MOTORCYCLE > KAWASAKI > KAWASAKI SPORT BIKE,302,KAWASAKI ZX1100 GPZ > HARNESS FOR BRAKE ABS # 26030-1399 GREAT CONDITION NO CUTS This item is a brake ABS harness as shown from a 1996 Kawasaki ZX1100 GPZ ABS,12,200,LONG_TITLE_REVIEW; IMAGE_DIMENSIONS; RESPONSIVE_IMAGE; MARKETPLACE_BOILERPLATE
5696,285921534942,https://flipandstrip.com/product/5696/90-96-kawasaki-en500-foot-peg-right-rear-mount-muffler-bracket-vulcan-35011-1524,90-96 Kawasaki EN500 Foot Peg Right Rear Mount Muffler Bracket Vulcan 35011-1524 | Flip and Strip,97,90-96 Kawasaki EN500 Foot Peg Right Rear Mount Muffler Bracket Vulcan 35011-1524. Used Kawasaki. Price: $19.95. KAWASAKI EN 500 VULCAN ~ FOOT PEG STEP HOLDER,157,200,https://flipandstrip.com/product/5696/90-96-kawasaki-en500-foot-peg-right-rear-mount-muffler-bracket-vulcan-35011-1524,"index, follow",Kawasaki,35011-1524,used,MOTORCYCLE > KAWASAKI > KAWASAKI CRUISER,228,"KAWASAKI EN 500 VULCAN ~ FOOT PEG STEP HOLDER RIGHT REAR MUFFLER BRACKET 1996 KAWASAKI EN 500 VULCAN RIGHT REAR FOOT PEG , HOLDER & MUFFLER BRACKET .SEE",11,200,LONG_TITLE_REVIEW; IMAGE_DIMENSIONS; RESPONSIVE_IMAGE; MARKETPLACE_BOILERPLATE
5697,285921534943,https://flipandstrip.com/product/5697/06-07-honda-valve-solenoid-cbr1000rr-air-injection-exhaust-oem-36450-mel-d20,06 07 Honda Valve Solenoid CBR1000RR Air Injection Exhaust OEM 36450-MEL-D20 | Flip and Strip,93,06 07 Honda Valve Solenoid CBR1000RR Air Injection Exhaust OEM 36450-MEL-D20. Used Honda. Price: $9.95. HONDA CBR 1000 RR > EXHAUST AIR INJECTION VALVE,151,200,https://flipandstrip.com/product/5697/06-07-honda-valve-solenoid-cbr1000rr-air-injection-exhaust-oem-36450-mel-d20,"index, follow",Honda,36450-MEL-D20,used,MOTORCYCLE > HONDA > HONDA SPORT BIKE,163,HONDA CBR 1000 RR > EXHAUST AIR INJECTION VALVE SOLENOID OEM # 36450-MEL-D20 Honda CBR 1000 RR exhaust air injection valve part number 36450-MEL-D20. See all,12,200,LONG_TITLE_REVIEW; IMAGE_DIMENSIONS; RESPONSIVE_IMAGE; MARKETPLACE_BOILERPLATE
5698,285921534941,https://flipandstrip.com/product/5698/83-84-honda-lower-triple-tree-v45-magna-vf750c-vf700c-steering-stem-clamp-53200,83 84 Honda Lower Triple Tree V45 Magna VF750c VF700c Steering Stem Clamp 53200 | Flip and Strip,96,83 84 Honda Lower Triple Tree V45 Magna VF750c VF700c Steering Stem Clamp 53200. Used Honda. Price: $14.95. HONDA V 45 MAGNA VF 750 C & VF 700 C - STEERING,155,200,https://flipandstrip.com/product/5698/83-84-honda-lower-triple-tree-v45-magna-vf750c-vf700c-steering-stem-clamp-53200,"index, follow",Honda,53200-MB1-700,used,MOTORCYCLE > HONDA > HONDA CRUISER,192,HONDA V 45 MAGNA VF 750 C & VF 700 C - STEERING STEM / TRIPLE TREE / FORK CLAMP THIS ITEM IS A LOWER STEERING STEM TRIPLE TREE FORK CLAMP AS SHOWN FOR 1983,9,200,LONG_TITLE_REVIEW; IMAGE_DIMENSIONS; RESPONSIVE_IMAGE; MARKETPLACE_BOILERPLATE
5699,10021 FAS,https://flipandstrip.com/product/5699/cover-intake-left-blue-gsxr-1000-suzuki-panel-cowl-fairing-oem-gsxr1000-geniune,Cover Intake Left Blue GSXR 1000 Suzuki Panel Cowl Fairing OEM GSXR1000 Geniune | Flip and Strip,96,Cover Intake Left Blue GSXR 1000 Suzuki Panel Cowl Fairing OEM GSXR1000 Geniune. New Suzuki. Price: $99.95. The Suzuki GSXR 1000 Intake Cover Left Blue Cowl,156,200,https://flipandstrip.com/product/5699/cover-intake-left-blue-gsxr-1000-suzuki-panel-cowl-fairing-oem-gsxr1000-geniune,"index, follow",Suzuki,94682-47H10-YSF,new,MOTORCYCLE > SUZUKI > GSXR 1000,228,The Suzuki GSXR 1000 Intake Cover Left Blue Cowl Fairing OEM NEW 94682-47H10-YSF is a high-quality plastic intake pipe cover left designed for 2011 & 2014,15,200,LONG_TITLE_REVIEW; IMAGE_DIMENSIONS; RESPONSIVE_IMAGE; MARKETPLACE_BOILERPLATE; EBAY_SHIPPING_COPY; USED_TEMPLATE_ON_NEW_ITEM
5701,285921534881,https://flipandstrip.com/product/5701/honda-cb-900c-900-custom-center-main-stand-spring-rod-50500-461-770,HONDA CB 900C 900 CUSTOM ~ CENTER / MAIN STAND + SPRING + ROD # 50500-461-770 | Flip and Strip,94,HONDA CB 900C 900 CUSTOM ~ CENTER / MAIN STAND + SPRING + ROD # 50500-461-770. Used Honda. Price: $28.18. 1982 HONDA CB 900C - Center stand as shown. You will,158,200,https://flipandstrip.com/product/5701/honda-cb-900c-900-custom-center-main-stand-spring-rod-50500-461-770,"index, follow",Honda,50500-461-770,used,MOTORCYCLE > HONDA > CB 900,414,1982 HONDA CB 900C - Center stand as shown. You will get exactly as pictured. See pictures with any flaw areas pointed out with pen. I HAVE OTHER PARTS LISTED,12,200,LONG_TITLE_REVIEW; IMAGE_DIMENSIONS; RESPONSIVE_IMAGE; MARKETPLACE_BOILERPLATE; EBAY_SHIPPING_COPY
5702,285921534913,https://flipandstrip.com/product/5702/83-89-honda-handlebar-clamp-holder-riser-trx350-fourtrax-atc-53130-ha7-670-stunt,83-89 Honda Handlebar Clamp Holder Riser TRX350 Fourtrax ATC 53130-HA7-670 Stunt | Flip and Strip,97,83-89 Honda Handlebar Clamp Holder Riser TRX350 Fourtrax ATC 53130-HA7-670 Stunt. Used Honda. Price: $16.95. HONDA TRX 350 + ATC + STUNT - HANDLEBAR CLAMP +,156,200,https://flipandstrip.com/product/5702/83-89-honda-handlebar-clamp-holder-riser-trx350-fourtrax-atc-53130-ha7-670-stunt,"index, follow",Honda,53130-HA7-670,used,ATV 4 WHEELER / ATC 3 WHEELER > HONDA > HONDA TRX 350,339,HONDA TRX 350 + ATC + STUNT - HANDLEBAR CLAMP + HOLDER + RISER # 53130-HA7-670 This item is a handlebar clamp / holder / riser set as shown from a 1988 Honda,10,200,LONG_TITLE_REVIEW; IMAGE_DIMENSIONS; RESPONSIVE_IMAGE; MARKETPLACE_BOILERPLATE
5703,285921534933,https://flipandstrip.com/product/5703/94-honda-rear-shock-cbr600f2-showa-adjustable-11-5-piggy-back-52400-mv9-661,94 Honda Rear Shock CBR600F2 Showa Adjustable 11.5 Piggy Back 52400-MV9-661 | Flip and Strip,92,94 Honda Rear Shock CBR600F2 Showa Adjustable 11.5 Piggy Back 52400-MV9-661. Used Showa. Price: $39.95. HONDA CBR 600 F2 > REAR SHOCK PIGGY BACK SHOWA,150,200,https://flipandstrip.com/product/5703/94-honda-rear-shock-cbr600f2-showa-adjustable-11-5-piggy-back-52400-mv9-661,"index, follow",Showa,52400-MV9-661,used,MOTORCYCLE > HONDA > CBR 600,176,"HONDA CBR 600 F2 > REAR SHOCK PIGGY BACK SHOWA ADJUSTABLE 11.5"" # MV9-661 HONDA CBR 600 REAR SHOCK. OEM SHOWA 11.5 INCH PIGGY BACK WITH ADJUSTMENTS. SOME",12,200,LONG_TITLE_REVIEW; IMAGE_DIMENSIONS; RESPONSIVE_IMAGE; MARKETPLACE_BOILERPLATE
5704,286556571468,https://flipandstrip.com/product/5704/harley-davidson-sportster-foot-peg-bracket-rigid-frame-mount-paughco-361a,Harley Davidson Sportster Foot Peg Bracket Rigid Frame Mount Paughco 361A | Flip and Strip,90,Harley Davidson Sportster Foot Peg Bracket Rigid Frame Mount Paughco 361A. New Paughco. Price: $87.65. HARLEY DAVIDSON XL 883 1200 SPORTSTER 04-06 CLUTCH DERBY,159,200,https://flipandstrip.com/product/5704/harley-davidson-sportster-foot-peg-bracket-rigid-frame-mount-paughco-361a,"index, follow",Paughco,361A,new,MOTORCYCLE > HARLEY DAVIDSON > HARLEY DAVIDSON,309,HARLEY DAVIDSON XL 883 1200 SPORTSTER 04-06 CLUTCH DERBY CHROME COVER # 34742-04,12,200,LONG_TITLE_REVIEW; DUPLICATE_SCHEMA_DESCRIPTION; IMAGE_DIMENSIONS; RESPONSIVE_IMAGE; MARKETPLACE_BOILERPLATE; EBAY_SHIPPING_COPY; USED_TEMPLATE_ON_NEW_ITEM
5705,286556571471,https://flipandstrip.com/product/5705/96-00-suzuki-gsxr-600-gsxr750-srad-kickstand-mount-bracket-springs-42310-33e30,96-00 Suzuki GSXR 600 GSXR750 Srad Kickstand Mount Bracket Springs 42310-33E30 | Flip and Strip,95,96-00 Suzuki GSXR 600 GSXR750 Srad Kickstand Mount Bracket Springs 42310-33E30. Used Suzuki. Price: $24.95. 2000 SUZUKI GSXR 600 PART OUTVideo will open in a,157,200,https://flipandstrip.com/product/5705/96-00-suzuki-gsxr-600-gsxr750-srad-kickstand-mount-bracket-springs-42310-33e30,"index, follow",Suzuki,42310-33E30,used,MOTORCYCLE > SUZUKI > GSXR 750 (96-99),243,2000 SUZUKI GSXR 600 PART OUTVideo will open in a new windowUsing the mobile app? Copy this link into your browser: SUZUKI GSXR 600 + 750 GIXXER < 01-03 > COWL,8,200,LONG_TITLE_REVIEW; DUPLICATE_SCHEMA_DESCRIPTION; IMAGE_DIMENSIONS; RESPONSIVE_IMAGE; MARKETPLACE_BOILERPLATE
5706,286556571517,https://flipandstrip.com/product/5706/94-98-yamaha-yzf750-handlebar-clip-on-left-50mm-4fm-26121-01-00,94-98 YAMAHA YZF750 HANDLEBAR CLIP ON LEFT 50MM 4FM-26121-01-00 | Flip and Strip,80,94-98 YAMAHA YZF750 HANDLEBAR CLIP ON LEFT 50MM 4FM-26121-01-00. Used Yamaha. Price: $32.10. Please visit my eBay Store for more parts !!!!1994 - 1998 YAMAHA,157,200,https://flipandstrip.com/product/5706/94-98-yamaha-yzf750-handlebar-clip-on-left-50mm-4fm-26121-01-00,"index, follow",Yamaha,4FM-26121-01-00,used,MOTORCYCLE > YAMAHA > YAMAHA SPORT BIKE,262,Please visit my eBay Store for more parts !!!!1994 - 1998 YAMAHA YZF 750 CLIP ON HANDLEBAR ( LEFT SIDE ) 50 MM. USED CONDITION - SEE ALL PICTURES!! Yamaha,9,200,LONG_TITLE_REVIEW; IMAGE_DIMENSIONS; RESPONSIVE_IMAGE; MARKETPLACE_BOILERPLATE
5708,286556571510,https://flipandstrip.com/product/5708/kawasaki-peg-bracket-rear-right-mount-muffler-zl-900-1000-eliminator-35011-1252,Kawasaki Peg Bracket Rear Right Mount Muffler ZL 900 1000 Eliminator 35011-1252 | Flip and Strip,96,Kawasaki Peg Bracket Rear Right Mount Muffler ZL 900 1000 Eliminator 35011-1252. Used Kawasaki. Price: $19.87. KAWASAKI ZL 900 1000 ELIMINATOR > STAY MUFFLER,157,200,https://flipandstrip.com/product/5708/kawasaki-peg-bracket-rear-right-mount-muffler-zl-900-1000-eliminator-35011-1252,"index, follow",Kawasaki,35011-1252,used,MOTORCYCLE > KAWASAKI > KAWASAKI CRUISER,283,KAWASAKI ZL 900 1000 ELIMINATOR > STAY MUFFLER PEG REAR RIGHT OEM # 35011-1252 THIS ITEM IS A REAR / PASSENGER RIGHT FOOT PEG / REST AND MUFFLER STAY / BRACKET,12,200,LONG_TITLE_REVIEW; IMAGE_DIMENSIONS; RESPONSIVE_IMAGE; MARKETPLACE_BOILERPLATE; EBAY_SHIPPING_COPY
5709,286556571602,https://flipandstrip.com/product/5709/94-98-yamaha-yzf750-thermostat-housing-and-coolant-pipe-3gm-12417-00-motorcycle,94-98 Yamaha YZF750 Thermostat Housing and Coolant Pipe 3GM-12417-00 Motorcycle | Flip and Strip,96,94-98 Yamaha YZF750 Thermostat Housing and Coolant Pipe 3GM-12417-00 Motorcycle. Used Yamaha. Price: $24.95. YAMAHA YZF 750 THERMOSTAT HOUSING AND COOLANT PIPE,159,200,https://flipandstrip.com/product/5709/94-98-yamaha-yzf750-thermostat-housing-and-coolant-pipe-3gm-12417-00-motorcycle,"index, follow",Yamaha,"3GM-12417-00-00, 4FN-12482-00-00",used,MOTORCYCLE > YAMAHA > YZF 750,456,YAMAHA YZF 750 THERMOSTAT HOUSING AND COOLANT PIPE AS SHOWN IN PICTURES. COMES EXACTLY AS SHOWN IN PICTURES. USED - SOME SIGNS OF USE - SEE ALL PICTURES!!,13,200,LONG_TITLE_REVIEW; IMAGE_DIMENSIONS; RESPONSIVE_IMAGE; MARKETPLACE_BOILERPLATE; EBAY_SHIPPING_COPY
5711,286556571598,https://flipandstrip.com/product/5711/2000-victory-v92-sc-cylinder-jug-barrel-and-piston-5132263,2000 Victory V92 SC Cylinder Jug Barrel and Piston 5132263 | Flip and Strip,75,2000 Victory V92 SC Cylinder Jug Barrel and Piston 5132263. Used Victory. Price: $59.95. HARLEY DAVIDSON XL 883 1200 SPORTSTER 04-06 CLUTCH DERBY CHROME COVER,158,200,https://flipandstrip.com/product/5711/2000-victory-v92-sc-cylinder-jug-barrel-and-piston-5132263,"index, follow",Victory,5132263,used,MOTORCYCLE > VICTORY > V92SC,220,HARLEY DAVIDSON XL 883 1200 SPORTSTER 04-06 CLUTCH DERBY CHROME COVER # 34742-04 2000 VICTORY V92SC CYLINDER / JUG / BARREL AND PISTON.WAS ON FRONT CYLINDER OF,12,200,LONG_TITLE_REVIEW; IMAGE_DIMENSIONS; RESPONSIVE_IMAGE; MARKETPLACE_BOILERPLATE; EBAY_SHIPPING_COPY
5712,286556571589,https://flipandstrip.com/product/5712/80-82-honda-cb900c-rear-fender-cb900c-inner-wire-guard-80100-461-000,80-82 Honda CB900c Rear Fender CB900c Inner Wire Guard 80100-461-000 | Flip and Strip,85,"80-82 Honda CB900c Rear Fender CB900c Inner Wire Guard 80100-461-000. Used Honda. Price: $45.67. HONDA CB 900C CB900C REAR FENDER + INNER ""B"" + WIRE GUARD OEM",158,200,https://flipandstrip.com/product/5712/80-82-honda-cb900c-rear-fender-cb900c-inner-wire-guard-80100-461-000,"index, follow",Honda,80105-461-000,used,MOTORCYCLE > HONDA > CB 900,346,"HONDA CB 900C CB900C REAR FENDER + INNER ""B"" + WIRE GUARD OEM # 80100-461-000 1982 HONDA CB 900C - REAR FENDER ASSY You will get exactly as pictured. There is",12,200,LONG_TITLE_REVIEW; IMAGE_DIMENSIONS; RESPONSIVE_IMAGE; MARKETPLACE_BOILERPLATE
5713,286556571546,https://flipandstrip.com/product/5713/2002-triumph-tiger-955i-rear-frame-cap-cover,2002 Triumph Tiger 955i Rear Frame Cap Cover | Flip and Strip,61,2002 Triumph Tiger 955i Rear Frame Cap Cover. Used Triumph. Price: $5.67. TRIUMPH TIGER 955i > REAR FRAME CAP / COVER ( MAY BE CUSTOM MADE ) LOOK & SEE !! This,159,200,https://flipandstrip.com/product/5713/2002-triumph-tiger-955i-rear-frame-cap-cover,"index, follow",Triumph,CUSTOM??,used,MOTORCYCLE > TRIUMPH > 955i TIGER,281,TRIUMPH TIGER 955i > REAR FRAME CAP / COVER ( MAY BE CUSTOM MADE ) LOOK & SEE !! This item is a rear frame cover / cap as shown . There are some signs of use,12,200,IMAGE_DIMENSIONS; RESPONSIVE_IMAGE; MARKETPLACE_BOILERPLATE; EBAY_SHIPPING_COPY
5714,286556571529,https://flipandstrip.com/product/5714/01-03-suzuki-gsxr-600-750-right-fairing-cover-panel-under-inner-purple,01-03 Suzuki GSXR 600 750 Right fairing Cover Panel Under Inner Purple | Flip and Strip,87,01-03 Suzuki GSXR 600 750 Right fairing Cover Panel Under Inner Purple. Used Suzuki. Price: $9.87. SUZUKI GSXR 600 + 750 GIXXER < 01-03 > COWL UNDER INNER,154,200,https://flipandstrip.com/product/5714/01-03-suzuki-gsxr-600-750-right-fairing-cover-panel-under-inner-purple,"index, follow",Suzuki,94461-35F00,used,MOTORCYCLE > SUZUKI > GSXR 600,785,SUZUKI GSXR 600 + 750 GIXXER < 01-03 > COWL UNDER INNER RIGHT PURPLE 94461-35F00 SUZUKI GSXR 600 & 750 Right inner under cowl / cover as shown.NO broken,12,200,LONG_TITLE_REVIEW; IMAGE_DIMENSIONS; RESPONSIVE_IMAGE; MARKETPLACE_BOILERPLATE; EBAY_SHIPPING_COPY
5715,286556571561,https://flipandstrip.com/product/5715/96-99-suzuki-gsxr-750-t-v-motor-engine-crankcase-oem-11301-33841,96-99 Suzuki GSXR 750 T/V Motor Engine Crankcase OEM 11301-33841 | Flip and Strip,81,96-99 Suzuki GSXR 750 T/V Motor Engine Crankcase OEM 11301-33841. Used Suzuki. Price: $89.95. SUZUKI GSXR 600 + 750 GIXXER < 01-03 > COWL UNDER INNER RIGHT,155,200,https://flipandstrip.com/product/5715/96-99-suzuki-gsxr-750-t-v-motor-engine-crankcase-oem-11301-33841,"index, follow",Suzuki,11301-33841,used,MOTORCYCLE > SUZUKI > GSXR 750 (96-99),337,SUZUKI GSXR 600 + 750 GIXXER < 01-03 > COWL UNDER INNER RIGHT PURPLE 94461-35F00 For more great parts please visit OUR eBay Store. 96 97 98 99 SUZUKI GSXR 750,12,200,LONG_TITLE_REVIEW; IMAGE_DIMENSIONS; RESPONSIVE_IMAGE; MARKETPLACE_BOILERPLATE; EBAY_SHIPPING_COPY
5716,285696247169,https://flipandstrip.com/product/5716/12-kawasaki-zx-10r-ninja-zx10-04-06-yamaha-r1-cnc-rearsets-read-all-fx-04-r1,12 Kawasaki ZX-10R Ninja ZX10 / 04-06 Yamaha R1 CNC Rearsets READ ALL ! FX-04-R1 | Flip and Strip,97,12 Kawasaki ZX-10R Ninja ZX10 / 04-06 Yamaha R1 CNC Rearsets READ ALL ! FX-04-R1. Used Kawasaki. Price: $59.95. KAWASAKI NINJA ZX6R > OIL TUBE / LINE / HOSE +,158,200,https://flipandstrip.com/product/5716/12-kawasaki-zx-10r-ninja-zx10-04-06-yamaha-r1-cnc-rearsets-read-all-fx-04-r1,"index, follow",Kawasaki,FX-04-R1-4,used,MOTORCYCLE > KAWASAKI > ZX-10R NINJA,262,KAWASAKI NINJA ZX6R > OIL TUBE / LINE / HOSE + BANJO BOLTS + MORE # 51044-1179 READ ALL - SEE ALL PICTURES!!! Removed from a 2012 ZX10 HOWEVER the part number,23,200,LONG_TITLE_REVIEW; IMAGE_DIMENSIONS; RESPONSIVE_IMAGE; MARKETPLACE_BOILERPLATE; EBAY_SHIPPING_COPY
5718,285921534849,https://flipandstrip.com/product/5718/yamaha-fzr600-fork-left-suspension-31-1-2-38mm-3he-23102-00-00,"YAMAHA FZR600 FORK LEFT SUSPENSION 31 1/2"" 38MM # 3HE-23102-00-00 | Flip and Strip",82,"YAMAHA FZR600 FORK LEFT SUSPENSION 31 1/2"" 38MM # 3HE-23102-00-00. Used Yamaha. Price: $59.95. YAMAHA YZF R6 + SNOW MOBILE MACHINE > THERMOSTAT HOUSING #",153,200,https://flipandstrip.com/product/5718/yamaha-fzr600-fork-left-suspension-31-1-2-38mm-3he-23102-00-00,"index, follow",Yamaha,3HE-23102-00-00,used,MOTORCYCLE > YAMAHA > FZR 600,416,YAMAHA YZF R6 + SNOW MOBILE MACHINE > THERMOSTAT HOUSING # 5EB-12413-00-00 YAMAHA FZR600 LEFT FORK. PLEASE SEE ALL PICTURES !! Yamaha 3HE-23102-00-00 FRONT,12,200,LONG_TITLE_REVIEW; IMAGE_DIMENSIONS; RESPONSIVE_IMAGE; MARKETPLACE_BOILERPLATE; EBAY_SHIPPING_COPY
5719,287057224743,https://flipandstrip.com/product/5719/citizen-skyhawk-c650-men-s-watch-titanium-q02497-new-battery-and-calibrated,Citizen Skyhawk C650 Men's Watch Titanium Q02497 New Battery and Calibrated | Flip and Strip,92,Citizen Skyhawk C650 Men's Watch Titanium Q02497 New Battery and Calibrated. Pre-owned - Good Citizen. Price: $335.00. The Citizen Skyhawk C650 Men's Watch,155,200,https://flipandstrip.com/product/5719/citizen-skyhawk-c650-men-s-watch-titanium-q02497-new-battery-and-calibrated,"index, follow",Citizen,citizen skyhawk,used,WATCHES  / BIKER GIFTS,330,The Citizen Skyhawk C650 Men's Watch Titanium Q02497 is a stylish and functional timepiece suitable for everyday wear. Featuring a sleek silver bezel and,22,200,LONG_TITLE_REVIEW; IMAGE_DIMENSIONS; RESPONSIVE_IMAGE; MARKETPLACE_BOILERPLATE; EBAY_SHIPPING_COPY
5720,285921534868,https://flipandstrip.com/product/5720/suzuki-gsx-katana-gv1400-front-brake-pads-ebc-cfk146-carbon-fiber-composite,Suzuki GSX Katana + GV1400 Front Brake Pads EBC CFK146 Carbon Fiber Composite | Flip and Strip,94,Suzuki GSX Katana + GV1400 Front Brake Pads EBC CFK146 Carbon Fiber Composite. New EBC. Price: $18.76. SUZUKI GSXR 1000 GIXXER < 05 06 > FRONT COWL FAIRING,155,200,https://flipandstrip.com/product/5720/suzuki-gsx-katana-gv1400-front-brake-pads-ebc-cfk146-carbon-fiber-composite,"index, follow",EBC,CFK 146,new,MOTORCYCLE > SUZUKI > SPORT BIKE,371,SUZUKI GSXR 1000 GIXXER < 05 06 > FRONT COWL FAIRING COWLING PANEL BLUE & BLACK Suzuki GSX Katana + GV1400 Front Brake Pads EBC CFK146 EBC CFK 146 Sold as a,7,200,LONG_TITLE_REVIEW; IMAGE_DIMENSIONS; RESPONSIVE_IMAGE; MARKETPLACE_BOILERPLATE; EBAY_SHIPPING_COPY; USED_TEMPLATE_ON_NEW_ITEM
5721,285921534875,https://flipandstrip.com/product/5721/harley-davidson-choke-cable-bikers-choice-066247-electra-super-sport-low-glide,HARLEY DAVIDSON CHOKE CABLE BIKERS CHOICE # 066247 ELECTRA SUPER SPORT LOW GLIDE | Flip and Strip,97,HARLEY DAVIDSON CHOKE CABLE BIKERS CHOICE # 066247 ELECTRA SUPER SPORT LOW GLIDE. New Biker's Choice. Price: $14.99. HARLEY DAVIDSON XL 883 1200 SPORTSTER,154,200,https://flipandstrip.com/product/5721/harley-davidson-choke-cable-bikers-choice-066247-electra-super-sport-low-glide,"index, follow",Biker's Choice,066247,new,MOTORCYCLE > HARLEY DAVIDSON > HARLEY DAVIDSON,776,HARLEY DAVIDSON XL 883 1200 SPORTSTER 04-06 CLUTCH DERBY CHROME COVER # 34742-04,7,200,LONG_TITLE_REVIEW; DUPLICATE_SCHEMA_DESCRIPTION; IMAGE_DIMENSIONS; RESPONSIVE_IMAGE; DESCRIPTION_RELEVANCE_REVIEW; MARKETPLACE_BOILERPLATE; EBAY_SHIPPING_COPY; USED_TEMPLATE_ON_NEW_ITEM
5722,285921563823,https://flipandstrip.com/product/5722/72-honda-cb500-motorcycle-oil-pump-and-pick-up-intake-oem-screen-15100-323-003,72 Honda CB500 Motorcycle Oil Pump and Pick Up Intake OEM Screen 15100-323-003 | Flip and Strip,95,72 Honda CB500 Motorcycle Oil Pump and Pick Up Intake OEM Screen 15100-323-003. Used Honda. Price: $18.95. HONDA CB 500 MOTORCYCLE - OIL PUMP & PICK UP /,153,200,https://flipandstrip.com/product/5722/72-honda-cb500-motorcycle-oil-pump-and-pick-up-intake-oem-screen-15100-323-003,"index, follow",Honda,15100-323-003,used,MOTORCYCLE > HONDA > CB 500 / 550,168,HONDA CB 500 MOTORCYCLE - OIL PUMP & PICK UP / INTAKE SCREEN 1972 HONDA CB 500 - OIL PUMP AND PICK UP SCREEN AS SHOWN. PART NUMBER 15100-323-003 SEE ALL,12,200,LONG_TITLE_REVIEW; IMAGE_DIMENSIONS; RESPONSIVE_IMAGE; MARKETPLACE_BOILERPLATE
5723,10059 FAS,https://flipandstrip.com/product/5723/kawasaki-fender-front-zx10-black-zx1000-new-35004-0093-17k-genuine-oem-ninja,Kawasaki Fender Front ZX10 Black ZX1000 NEW 35004-0093-17K Genuine OEM Ninja | Flip and Strip,93,Kawasaki Fender Front ZX10 Black ZX1000 NEW 35004-0093-17K Genuine OEM Ninja. New Kawasaki. Price: $88.88. 2008-2009 Kawasaki ZX10R Ninja Front Fender Black,156,200,https://flipandstrip.com/product/5723/kawasaki-fender-front-zx10-black-zx1000-new-35004-0093-17k-genuine-oem-ninja,"index, follow",Kawasaki,35004-0093-17K,new,MOTORCYCLE > KAWASAKI > ZX-10R NINJA,186,2008-2009 Kawasaki ZX10R Ninja Front Fender Black . This is a brand new genuine OEM factory Kawasaki part. ((( 10059 FAS ))) ⚠️ IMPORTANT BUYER NOTICE – PLEASE,19,200,LONG_TITLE_REVIEW; IMAGE_DIMENSIONS; RESPONSIVE_IMAGE; MARKETPLACE_BOILERPLATE; EBAY_SHIPPING_COPY; USED_TEMPLATE_ON_NEW_ITEM
5724,285921534839,https://flipandstrip.com/product/5724/harley-davidson-chopper-custom-bobber-bike-builder-brackets-covers-more-look,"Harley Davidson Chopper Custom Bobber Bike Builder Brackets ,Covers & More LOOK! | Flip and Strip",97,"Harley Davidson Chopper Custom Bobber Bike Builder Brackets ,Covers & More LOOK!. Used none. Price: $75.00. HARLEY DAVIDSON XL 883 1200 SPORTSTER 04-06 CLUTCH",158,200,https://flipandstrip.com/product/5724/harley-davidson-chopper-custom-bobber-bike-builder-brackets-covers-more-look,"index, follow",none,HARLEY DAVIDSON,used,MOTORCYCLE > HARLEY DAVIDSON > HARLEY DAVIDSON,407,HARLEY DAVIDSON XL 883 1200 SPORTSTER 04-06 CLUTCH DERBY CHROME COVER # 34742-04,10,200,LONG_TITLE_REVIEW; DUPLICATE_SCHEMA_DESCRIPTION; IMAGE_DIMENSIONS; RESPONSIVE_IMAGE; DESCRIPTION_RELEVANCE_REVIEW; MARKETPLACE_BOILERPLATE; EBAY_SHIPPING_COPY
5726,9410 FAS,https://flipandstrip.com/product/5726/yamaha-yzf-r1-fairing-cover-cowl-nose-black-race-replaces-4xv-w283g-20-3x,Yamaha YZF-R1 Fairing Cover Cowl Nose Black Race Replaces 4XV-W283G-20-3X | Flip and Strip,90,Yamaha YZF-R1 Fairing Cover Cowl Nose Black Race Replaces 4XV-W283G-20-3X. Used Yamaha. Price: $45.00. HARLEY DAVIDSON XL 883 1200 SPORTSTER 04-06 CLUTCH DERBY,159,200,https://flipandstrip.com/product/5726/yamaha-yzf-r1-fairing-cover-cowl-nose-black-race-replaces-4xv-w283g-20-3x,"index, follow",Yamaha,4XV-W283G-20-3X,used,MOTORCYCLE > YAMAHA > YAMAHA SPORT BIKE,235,HARLEY DAVIDSON XL 883 1200 SPORTSTER 04-06 CLUTCH DERBY CHROME COVER # 34742-04 99 Yamaha YZF R1 Front Fairing Cover Cowl Black. AFTERMARKET - NEEDS SOME,12,200,LONG_TITLE_REVIEW; IMAGE_DIMENSIONS; RESPONSIVE_IMAGE; MARKETPLACE_BOILERPLATE; EBAY_SHIPPING_COPY
5728,285921563786,https://flipandstrip.com/product/5728/88-92-yamaha-tank-coolant-bottle-w-cap-fzr400-fzr600-radiator-overflow-reservoir,88-92 Yamaha Tank Coolant Bottle W Cap FZR400 FZR600 Radiator Overflow Reservoir | Flip and Strip,97,88-92 Yamaha Tank Coolant Bottle W Cap FZR400 FZR600 Radiator Overflow Reservoir. Used Yamaha. Price: $22.22. YAMAHA YZF R6 + SNOW MOBILE MACHINE > THERMOSTAT,158,200,https://flipandstrip.com/product/5728/88-92-yamaha-tank-coolant-bottle-w-cap-fzr400-fzr600-radiator-overflow-reservoir,"index, follow",Yamaha,1WG-21871-00-00,used,MOTORCYCLE > YAMAHA > FZR 600,207,YAMAHA YZF R6 + SNOW MOBILE MACHINE > THERMOSTAT HOUSING # 5EB-12413-00-00 COOLANT TANK WITH CAP AS SHOWN . PLEASE ALL SEE PICTURES ((( 1008 FAS 96 ))),12,200,LONG_TITLE_REVIEW; IMAGE_DIMENSIONS; RESPONSIVE_IMAGE; MARKETPLACE_BOILERPLATE
5730,286556571481,https://flipandstrip.com/product/5730/harley-davidson-brake-master-cylinder-cover-top-chrome-ribbed-chopper-bobber,Harley Davidson Brake Master Cylinder Cover Top Chrome Ribbed Chopper Bobber | Flip and Strip,93,Harley Davidson Brake Master Cylinder Cover Top Chrome Ribbed Chopper Bobber. New Harley-Davidson. Price: $29.95. HARLEY DAVIDSON XL 883 1200 SPORTSTER 04-06,157,200,https://flipandstrip.com/product/5730/harley-davidson-brake-master-cylinder-cover-top-chrome-ribbed-chopper-bobber,"index, follow",Harley-Davidson,Does Not Apply,new,MOTORCYCLE > HARLEY DAVIDSON > HARLEY DAVIDSON,222,HARLEY DAVIDSON XL 883 1200 SPORTSTER 04-06 CLUTCH DERBY CHROME COVER # 34742-04,11,200,LONG_TITLE_REVIEW; DUPLICATE_SCHEMA_DESCRIPTION; IMAGE_DIMENSIONS; RESPONSIVE_IMAGE; MARKETPLACE_BOILERPLATE; PLACEHOLDER_MPN; USED_TEMPLATE_ON_NEW_ITEM
5731,285699423694,https://flipandstrip.com/product/5731/97-06-yamaha-yzf600r-thundercat-tail-side-cover-rear-left-black-cowling-panel,97-06 Yamaha YZF600R Thundercat Tail Side Cover Rear Left Black Cowling Panel | Flip and Strip,94,97-06 Yamaha YZF600R Thundercat Tail Side Cover Rear Left Black Cowling Panel. Used Yamaha. Price: $45.67. YAMAHA YZF R6 + SNOW MOBILE MACHINE > THERMOSTAT,155,200,https://flipandstrip.com/product/5731/97-06-yamaha-yzf600r-thundercat-tail-side-cover-rear-left-black-cowling-panel,"index, follow",Yamaha,4TV-Y2171,used,MOTORCYCLE > YAMAHA > YZF600R / THUNDERCAT,410,"YAMAHA YZF R6 + SNOW MOBILE MACHINE > THERMOSTAT HOUSING # 5EB-12413-00-00 Rear left tail / side cover from a 2002 Yamaha YZF600R. SOME SCRATCHES , SCUFFS AND",8,200,LONG_TITLE_REVIEW; IMAGE_DIMENSIONS; RESPONSIVE_IMAGE; MARKETPLACE_BOILERPLATE; EBAY_SHIPPING_COPY
5732,285921534946,https://flipandstrip.com/product/5732/36-up-harley-davidson-bearing-nut-big-twin-4-speed-replaces-35046-36,36-UP Harley Davidson Bearing Nut Big Twin 4 Speed Replaces 35046-36 | Flip and Strip,85,36-UP Harley Davidson Bearing Nut Big Twin 4 Speed Replaces 35046-36. New Harley-Davidson. Price: $12.95. HARLEY DAVIDSON XL 883 1200 SPORTSTER 04-06 CLUTCH,156,200,https://flipandstrip.com/product/5732/36-up-harley-davidson-bearing-nut-big-twin-4-speed-replaces-35046-36,"index, follow",Harley-Davidson,35046-36,new,MOTORCYCLE > HARLEY DAVIDSON > HARLEY DAVIDSON,403,HARLEY DAVIDSON XL 883 1200 SPORTSTER 04-06 CLUTCH DERBY CHROME COVER # 34742-04 Bearing Nut ( This is for quantity 1 ) order quantity as needed. Big Twin 4,7,200,LONG_TITLE_REVIEW; IMAGE_DIMENSIONS; RESPONSIVE_IMAGE; MARKETPLACE_BOILERPLATE; USED_TEMPLATE_ON_NEW_ITEM
5734,285921534876,https://flipandstrip.com/product/5734/honda-cb-700-s-nighthawk-turn-signal-lens-buy-1-get-1-free-33402-mb1-003,HONDA CB 700 S NIGHTHAWK - TURN SIGNAL LENS - BUY 1 GET 1 FREE # 33402-MB1-003 | Flip and Strip,95,HONDA CB 700 S NIGHTHAWK - TURN SIGNAL LENS - BUY 1 GET 1 FREE # 33402-MB1-003. Used Honda. Price: $5.16. HONDA CB 700 S NIGHTHAWK - TURN SIGNAL LENS - BUY 1,157,200,https://flipandstrip.com/product/5734/honda-cb-700-s-nighthawk-turn-signal-lens-buy-1-get-1-free-33402-mb1-003,"index, follow",Honda,33402-MB1-003,used,MOTORCYCLE > HONDA > CB 700 SC / NIGHTHAWK,801,HONDA CB 700 S NIGHTHAWK - TURN SIGNAL LENS - BUY 1 GET 1 FREE # 33402-MB1-003 This is a turn signal lens from a Honda CB 700 S . It is used as shown in,12,200,LONG_TITLE_REVIEW; IMAGE_DIMENSIONS; RESPONSIVE_IMAGE; MARKETPLACE_BOILERPLATE; EBAY_SHIPPING_COPY
5735,285921534884,https://flipandstrip.com/product/5735/89-90-yamaha-fzr1000-headlight-bulb-lock-ring-rubber-cover-fits-others-too,89-90 Yamaha FZR1000 Headlight Bulb Lock Ring & Rubber Cover ( Fits others too ) | Flip and Strip,97,89-90 Yamaha FZR1000 Headlight Bulb Lock Ring & Rubber Cover ( Fits others too ). Used Yamaha. Price: $24.95. HARLEY DAVIDSON XL 883 1200 SPORTSTER 04-06,153,200,https://flipandstrip.com/product/5735/89-90-yamaha-fzr1000-headlight-bulb-lock-ring-rubber-cover-fits-others-too,"index, follow",Yamaha,2F9-84375-00-00,used,MOTORCYCLE > YAMAHA > FZR 1000,959,HARLEY DAVIDSON XL 883 1200 SPORTSTER 04-06 CLUTCH DERBY CHROME COVER # 34742-04 89 Yamaha FZR 1000 headlight bulb lock ring and rubber cover. USED - SEE ALL,17,200,LONG_TITLE_REVIEW; IMAGE_DIMENSIONS; RESPONSIVE_IMAGE; MARKETPLACE_BOILERPLATE; EBAY_SHIPPING_COPY
5736,285921534891,https://flipandstrip.com/product/5736/86-96-harley-davidson-flt-tour-rear-brake-pads-ebc-fa201,86-96 Harley Davidson FLT Tour Rear Brake Pads EBC # FA201 | Flip and Strip,75,86-96 Harley Davidson FLT Tour Rear Brake Pads EBC # FA201. New EBC Brakes. Price: $37.95. HARLEY DAVIDSON XL 883 1200 SPORTSTER 04-06 CLUTCH DERBY CHROME,154,200,https://flipandstrip.com/product/5736/86-96-harley-davidson-flt-tour-rear-brake-pads-ebc-fa201,"index, follow",EBC Brakes,FA201,new,MOTORCYCLE > HARLEY DAVIDSON > HARLEY DAVIDSON,409,HARLEY DAVIDSON XL 883 1200 SPORTSTER 04-06 CLUTCH DERBY CHROME COVER # 34742-04,9,200,LONG_TITLE_REVIEW; DUPLICATE_SCHEMA_DESCRIPTION; IMAGE_DIMENSIONS; RESPONSIVE_IMAGE; DESCRIPTION_RELEVANCE_REVIEW; MARKETPLACE_BOILERPLATE; EBAY_SHIPPING_COPY; USED_TEMPLATE_ON_NEW_ITEM
5737,285921534898,https://flipandstrip.com/product/5737/kawasaki-ex-650-brake-rotor-bolts-8x30-front-disc-92150-1771-set-of-10-ninja,Kawasaki EX 650 Brake Rotor Bolts 8X30 Front Disc 92150-1771 SET of 10 Ninja | Flip and Strip,93,Kawasaki EX 650 Brake Rotor Bolts 8X30 Front Disc 92150-1771 SET of 10 Ninja. Used Kawasaki. Price: $19.95. KAWASAKI NINJA EX 650 R > BRAKE ROTOR / DISC BOLTS,158,200,https://flipandstrip.com/product/5737/kawasaki-ex-650-brake-rotor-bolts-8x30-front-disc-92150-1771-set-of-10-ninja,"index, follow",Kawasaki,"92150-1771, 921501771",used,MOTORCYCLE > KAWASAKI > KAWASAKI SPORT BIKE,8201,KAWASAKI NINJA EX 650 R > BRAKE ROTOR / DISC BOLTS FRT # 92150-1771 > 8X30 SET10 THIS ITEM IS A FRONT BRAKE ROTOR / DISC BOLT SET (10) AS SHOWN FROM A 2006,7,200,LONG_TITLE_REVIEW; IMAGE_DIMENSIONS; RESPONSIVE_IMAGE; MARKETPLACE_BOILERPLATE
5738,285921534903,https://flipandstrip.com/product/5738/94-98-honda-cbr-600-f2-f3foot-peg-rear-right-bracket-holder-oem-50750-mv9-930,94-98 Honda CBR 600 F2 F3Foot Peg Rear Right Bracket Holder OEM 50750-MV9-930 | Flip and Strip,94,94-98 Honda CBR 600 F2 F3Foot Peg Rear Right Bracket Holder OEM 50750-MV9-930. Used Honda. Price: $19.95. HONDA CBR 600 F2 + F3 (94-98) FOOT PEG REAR RIGHT,155,200,https://flipandstrip.com/product/5738/94-98-honda-cbr-600-f2-f3foot-peg-rear-right-bracket-holder-oem-50750-mv9-930,"index, follow",Honda,50750-MV9-930,used,MOTORCYCLE > HONDA > CBR 600,322,HONDA CBR 600 F2 + F3 (94-98) FOOT PEG REAR RIGHT - BRACKET HOLDER 50750-MV9-930 HONDA CBR 600 FOOT PEG BRACKET REAR RIGHT. PEG DOES NOT STAY IN UP POSITION,12,200,LONG_TITLE_REVIEW; IMAGE_DIMENSIONS; RESPONSIVE_IMAGE; MARKETPLACE_BOILERPLATE
5739,285921534910,https://flipandstrip.com/product/5739/89-90-yamaha-fzr1000-front-fairing-nose-cowling-bracket-stay-3gm-28357-00-00,89-90 Yamaha FZR1000 Front Fairing Nose Cowling Bracket Stay # 3GM-28357-00-00 | Flip and Strip,95,89-90 Yamaha FZR1000 Front Fairing Nose Cowling Bracket Stay # 3GM-28357-00-00. Used Yamaha. Price: $29.95. HARLEY DAVIDSON XL 883 1200 SPORTSTER 04-06 CLUTCH,158,200,https://flipandstrip.com/product/5739/89-90-yamaha-fzr1000-front-fairing-nose-cowling-bracket-stay-3gm-28357-00-00,"index, follow",Yamaha,3GM-28357-00-00,used,MOTORCYCLE > YAMAHA > FZR 1000,232,HARLEY DAVIDSON XL 883 1200 SPORTSTER 04-06 CLUTCH DERBY CHROME COVER # 34742-04 89 - 90 Yamaha FZR 1000 Front Fairing Bracket. USED - SEE ALL PICTURES !! ((,13,200,LONG_TITLE_REVIEW; IMAGE_DIMENSIONS; RESPONSIVE_IMAGE; MARKETPLACE_BOILERPLATE
5740,285921534939,https://flipandstrip.com/product/5740/02-03-yamaha-r1-seat-rear-passenger-black-pillion-5pw-24750-00-00-motorcycle,02 03 Yamaha R1 Seat Rear Passenger Black Pillion 5PW-24750-00-00 Motorcycle | Flip and Strip,93,02 03 Yamaha R1 Seat Rear Passenger Black Pillion 5PW-24750-00-00 Motorcycle. Used Yamaha. Price: $14.99. HARLEY DAVIDSON XL 883 1200 SPORTSTER 04-06 CLUTCH,156,200,https://flipandstrip.com/product/5740/02-03-yamaha-r1-seat-rear-passenger-black-pillion-5pw-24750-00-00-motorcycle,"index, follow",Yamaha,5PW-24750-00-00,used,MOTORCYCLE > YAMAHA > YAMAHA SPORT BIKE,434,"HARLEY DAVIDSON XL 883 1200 SPORTSTER 04-06 CLUTCH DERBY CHROME COVER # 34742-04 2002 - 2003 Yamaha R1 Rear seat. USED - SOME SCRATCHES , SCUFFS & SIGNS OF USE",16,200,LONG_TITLE_REVIEW; IMAGE_DIMENSIONS; RESPONSIVE_IMAGE; MARKETPLACE_BOILERPLATE; EBAY_SHIPPING_COPY
5741,286556571575,https://flipandstrip.com/product/5741/91-93-harley-davidson-dyna-glide-left-passenger-foot-peg-bracket-cover-chrome,91-93 Harley Davidson Dyna Glide Left Passenger Foot Peg Bracket Cover Chrome | Flip and Strip,94,91-93 Harley Davidson Dyna Glide Left Passenger Foot Peg Bracket Cover Chrome. New Harley-Davidson. Price: $45.00. HARLEY DAVIDSON XL 883 1200 SPORTSTER 04-06,158,200,https://flipandstrip.com/product/5741/91-93-harley-davidson-dyna-glide-left-passenger-foot-peg-bracket-cover-chrome,"index, follow",Harley-Davidson,09-343,new,MOTORCYCLE > HARLEY DAVIDSON > HARLEY DAVIDSON,253,HARLEY DAVIDSON XL 883 1200 SPORTSTER 04-06 CLUTCH DERBY CHROME COVER # 34742-04,11,200,LONG_TITLE_REVIEW; DUPLICATE_SCHEMA_DESCRIPTION; IMAGE_DIMENSIONS; RESPONSIVE_IMAGE; MARKETPLACE_BOILERPLATE; EBAY_SHIPPING_COPY; USED_TEMPLATE_ON_NEW_ITEM
5742,286556571560,https://flipandstrip.com/product/5742/harley-davidson-temporary-tattoo-eagle-and-badge-62178,Harley Davidson Temporary Tattoo Eagle and Badge 62178 | Flip and Strip,71,Harley Davidson Temporary Tattoo Eagle and Badge 62178. New Harley-Davidson. Price: $5.99.,90,200,https://flipandstrip.com/product/5742/harley-davidson-temporary-tattoo-eagle-and-badge-62178,"index, follow",Harley-Davidson,62178,new,Other,333,Harley Davidson Temporary Tattoo Eagle and Badge 62178,6,200,LONG_TITLE_REVIEW; IMAGE_DIMENSIONS; RESPONSIVE_IMAGE; MARKETPLACE_BOILERPLATE; EBAY_SHIPPING_COPY; USED_TEMPLATE_ON_NEW_ITEM
5743,286556571467,https://flipandstrip.com/product/5743/05-06-kawasaki-636-ninja-zx6rr-left-mid-fairing-cowl-blue-oem-55028-0028,05 06 Kawasaki 636 Ninja ZX6RR Left Mid Fairing Cowl Blue OEM 55028-0028 | Flip and Strip,89,05 06 Kawasaki 636 Ninja ZX6RR Left Mid Fairing Cowl Blue OEM 55028-0028. Used Kawasaki. Price: $39.95. KAWASAKI NINJA ZX6R > OIL TUBE / LINE / HOSE + BANJO,156,200,https://flipandstrip.com/product/5743/05-06-kawasaki-636-ninja-zx6rr-left-mid-fairing-cowl-blue-oem-55028-0028,"index, follow",Kawasaki,55028-0028,used,MOTORCYCLE > KAWASAKI > KAWASAKI SPORT BIKE,308,KAWASAKI NINJA ZX6R > OIL TUBE / LINE / HOSE + BANJO BOLTS + MORE # 51044-1179 Left mid fairing / cowl for 05-06 Kawasaki Ninja ZX6R / 636 / ZX6RR There are no,12,200,LONG_TITLE_REVIEW; IMAGE_DIMENSIONS; RESPONSIVE_IMAGE; MARKETPLACE_BOILERPLATE; EBAY_SHIPPING_COPY
5744,286622649208,https://flipandstrip.com/product/5744/harley-davidson-push-rod-tube-3-86-inches-long-custom-industrial-aluminum-usa,Harley Davidson Push Rod Tube 3.86 Inches Long Custom Industrial Aluminum USA | Flip and Strip,94,Harley Davidson Push Rod Tube 3.86 Inches Long Custom Industrial Aluminum USA. New Harley-Davidson. Price: $19.95. These are custom made Aluminum Harley,152,200,https://flipandstrip.com/product/5744/harley-davidson-push-rod-tube-3-86-inches-long-custom-industrial-aluminum-usa,"index, follow",Harley-Davidson,123,new,MOTORCYCLE > HARLEY DAVIDSON > HARLEY CUSTOM / PERFORMANCE,43,These are custom made Aluminum Harley Davidson push rod tubes . We do not know what motor they fit. Measurements in pictures . SEE ALL PICTURES. Comes as,10,200,LONG_TITLE_REVIEW; IMAGE_DIMENSIONS; RESPONSIVE_IMAGE; SHORT_DESCRIPTION_REVIEW; USED_TEMPLATE_ON_NEW_ITEM
5745,593 FAS,https://flipandstrip.com/product/5745/kawasaki-rear-axle-with-nut-eliminator-zl600-and-ninja-250-300-500-41068-1223,Kawasaki Rear Axle With Nut Eliminator ZL600 and Ninja 250 300 500 41068-1223 | Flip and Strip,94,Kawasaki Rear Axle With Nut Eliminator ZL600 and Ninja 250 300 500 41068-1223. Used Kawasaki. Price: $17.95. KAWASAKI ZL600 ELIMINATOR ( 1933.2 MILES ) FUEL,156,200,https://flipandstrip.com/product/5745/kawasaki-rear-axle-with-nut-eliminator-zl600-and-ninja-250-300-500-41068-1223,"index, follow",Kawasaki,41068-1223,used,MOTORCYCLE > KAWASAKI > ELIMINATOR ZL 600,970,KAWASAKI ZL600 ELIMINATOR ( 1933.2 MILES ) FUEL TANK GAS PETROL CELL BLACK REAR AXLE AS SHOWN FOR KAWASAKI ZL ELIMINATOR.THIS ZL HAD 1933.2 MILESSEE ALL,12,200,LONG_TITLE_REVIEW; IMAGE_DIMENSIONS; RESPONSIVE_IMAGE; MARKETPLACE_BOILERPLATE; EBAY_SHIPPING_COPY
5746,286556571605,https://flipandstrip.com/product/5746/98-01-honda-vfr800-interceptor-clutch-push-rod-lifter-22850-mbg-000,98-01 Honda VFR800 Interceptor Clutch Push Rod Lifter 22850-MBG-000 | Flip and Strip,84,98-01 Honda VFR800 Interceptor Clutch Push Rod Lifter 22850-MBG-000. Used Honda. Price: $9.87. HONDA CBR 600 RR 03-04 - FUEL TANK COVER SHELTER TOP BLACK #,155,200,https://flipandstrip.com/product/5746/98-01-honda-vfr800-interceptor-clutch-push-rod-lifter-22850-mbg-000,"index, follow",Honda,22850-MBG-000,used,MOTORCYCLE > HONDA > VFR 800 INTERCEPTOR,232,HONDA CBR 600 RR 03-04 - FUEL TANK COVER SHELTER TOP BLACK # 83150-MEE-970ZC HONDA VFR800 INTERCEPTOR CLUTCH ROD AS SHOWN. SEE ALL PICTURES. (( JB1B1 VFR38,8,200,LONG_TITLE_REVIEW; IMAGE_DIMENSIONS; RESPONSIVE_IMAGE; MARKETPLACE_BOILERPLATE
5748,286556571588,https://flipandstrip.com/product/5748/36-81-harley-davidson-big-twin-oil-change-kit-no-pain-drain-hose-5-8-18-9000-02,"36-81 Harley Davidson Big Twin Oil Change Kit No Pain Drain Hose 5/8-18"" 9000-02 | Flip and Strip",97,"36-81 Harley Davidson Big Twin Oil Change Kit No Pain Drain Hose 5/8-18"" 9000-02. New Harley-Davidson. Price: $29.99. HARLEY DAVIDSON XL 883 1200 SPORTSTER",155,200,https://flipandstrip.com/product/5748/36-81-harley-davidson-big-twin-oil-change-kit-no-pain-drain-hose-5-8-18-9000-02,"index, follow",Harley-Davidson,9000-02,new,MOTORCYCLE > HARLEY DAVIDSON > HARLEY DAVIDSON,433,HARLEY DAVIDSON XL 883 1200 SPORTSTER 04-06 CLUTCH DERBY CHROME COVER # 34742-04,11,200,LONG_TITLE_REVIEW; DUPLICATE_TITLE; DUPLICATE_SCHEMA_DESCRIPTION; IMAGE_DIMENSIONS; RESPONSIVE_IMAGE; DESCRIPTION_RELEVANCE_REVIEW; MARKETPLACE_BOILERPLATE; EBAY_SHIPPING_COPY; USED_TEMPLATE_ON_NEW_ITEM
5749,286556571523,https://flipandstrip.com/product/5749/honda-cb-750-tail-brake-light-cafe-racer-vintage-stanley-33701-341-671,HONDA CB 750 ~ TAIL BRAKE LIGHT ~ CAFE RACER ~ VINTAGE ~ STANLEY # 33701-341-671 | Flip and Strip,97,HONDA CB 750 ~ TAIL BRAKE LIGHT ~ CAFE RACER ~ VINTAGE ~ STANLEY # 33701-341-671. Used Honda. Price: $26.21. 1972 HONDA CB 750 - Tail light as shown. Has rust,158,200,https://flipandstrip.com/product/5749/honda-cb-750-tail-brake-light-cafe-racer-vintage-stanley-33701-341-671,"index, follow",Honda,33701-341-671,used,MOTORCYCLE > HONDA > CB 750,414,"1972 HONDA CB 750 - Tail light as shown. Has rust and a few scuffs, scratches and signs of use and age. SEEALLPICTURES. I HAVE OTHER PARTS LISTED FOR THIS",12,200,LONG_TITLE_REVIEW; IMAGE_DIMENSIONS; RESPONSIVE_IMAGE; MARKETPLACE_BOILERPLATE; EBAY_SHIPPING_COPY
5750,286556571565,https://flipandstrip.com/product/5750/97-07-yamaha-yzf600r-bracket-brake-light-tail-lamp-and-trim-bezel-cover-oem,97-07 Yamaha YZF600r Bracket Brake Light Tail Lamp and Trim Bezel Cover OEM | Flip and Strip,92,97-07 Yamaha YZF600r Bracket Brake Light Tail Lamp and Trim Bezel Cover OEM. Used Yamaha. Price: $19.95.,104,200,https://flipandstrip.com/product/5750/97-07-yamaha-yzf600r-bracket-brake-light-tail-lamp-and-trim-bezel-cover-oem,"index, follow",Yamaha,4TV-2117E-11-00,used,MOTORCYCLE > YAMAHA > YZF600R / THUNDERCAT,429,97-07 Yamaha YZF600r Bracket Brake Light Tail Lamp and Trim Bezel Cover OEM,9,200,LONG_TITLE_REVIEW; IMAGE_DIMENSIONS; RESPONSIVE_IMAGE; MARKETPLACE_BOILERPLATE; EBAY_SHIPPING_COPY
5751,285921534848,https://flipandstrip.com/product/5751/98-99-honda-vfr800-interceptor-sub-frame-seat-rail-tail-oem-50240-mbg-000,98 - 99 HONDA VFR800 INTERCEPTOR SUB FRAME SEAT RAIL TAIL OEM # 50240-MBG-000 | Flip and Strip,94,98 - 99 HONDA VFR800 INTERCEPTOR SUB FRAME SEAT RAIL TAIL OEM # 50240-MBG-000. Used Honda. Price: $69.95. HONDA CBR 600 RR 03-04 - FUEL TANK COVER SHELTER TOP,158,200,https://flipandstrip.com/product/5751/98-99-honda-vfr800-interceptor-sub-frame-seat-rail-tail-oem-50240-mbg-000,"index, follow",Honda,50240-MBG-000,used,MOTORCYCLE > HONDA > VFR 800 INTERCEPTOR,455,HONDA CBR 600 RR 03-04 - FUEL TANK COVER SHELTER TOP BLACK # 83150-MEE-970ZC HONDA VFR800 INTERCEPTOR SUB FRAME AS SHOWN. CROSS BAR LOOKS A LITTLE TWEAKED (,12,200,LONG_TITLE_REVIEW; IMAGE_DIMENSIONS; RESPONSIVE_IMAGE; MARKETPLACE_BOILERPLATE; EBAY_SHIPPING_COPY
5752,285921563777,https://flipandstrip.com/product/5752/1980-up-harley-davidson-starter-cover-gasket-sturgis-flh-80-fxb-jg1-31320-80,1980-UP Harley Davidson Starter Cover Gasket Sturgis FLH-80 FXB JG1-31320-80 | Flip and Strip,93,1980-UP Harley Davidson Starter Cover Gasket Sturgis FLH-80 FXB JG1-31320-80. New other (see details) Harley-Davidson. Price: $7.95. HARLEY DAVIDSON XL 883,155,200,https://flipandstrip.com/product/5752/1980-up-harley-davidson-starter-cover-gasket-sturgis-flh-80-fxb-jg1-31320-80,"index, follow",Harley-Davidson,JG1-31320-80,used,MOTORCYCLE > HARLEY DAVIDSON > HARLEY DAVIDSON,175,HARLEY DAVIDSON XL 883 1200 SPORTSTER 04-06 CLUTCH DERBY CHROME COVER # 34742-04 JG1-31320-80Quantity 1 Starter Cover Gasket 1980 & UP Sturgis FLH-80 FXB New,5,200,LONG_TITLE_REVIEW; IMAGE_DIMENSIONS; RESPONSIVE_IMAGE; MARKETPLACE_BOILERPLATE
5753,9431 FAS,https://flipandstrip.com/product/5753/headlight-bracket-set-harley-davidson-chopper-bobber-custom-1-3-8-inch-clamp,Headlight Bracket Set Harley Davidson Chopper Bobber Custom 1 3/8 Inch Clamp | Flip and Strip,93,Headlight Bracket Set Harley Davidson Chopper Bobber Custom 1 3/8 Inch Clamp. New Unbranded. Price: $45.00. HARLEY DAVIDSON LIGHT / LAMP BRACKET SET AS SHOWN,157,200,https://flipandstrip.com/product/5753/headlight-bracket-set-harley-davidson-chopper-bobber-custom-1-3-8-inch-clamp,"index, follow",Unbranded,unknown,new,MOTORCYCLE > HARLEY DAVIDSON > HARLEY DAVIDSON,322,HARLEY DAVIDSON LIGHT / LAMP BRACKET SET AS SHOWN. ALLL MEASUREMENTS IN PICTURES . SEE ALL PICTURES. COMES EXACTLY AS SHOWN IN PICTURES.(( 9431 FAS )) IF YOU,11,200,LONG_TITLE_REVIEW; IMAGE_DIMENSIONS; RESPONSIVE_IMAGE; MARKETPLACE_BOILERPLATE; EBAY_SHIPPING_COPY; PLACEHOLDER_MPN; USED_TEMPLATE_ON_NEW_ITEM
5754,287056945413,https://flipandstrip.com/product/5754/citizen-eco-drive-skyhawk-blue-angels-stainless-watch-c650-t000959-new-battery,Citizen Eco-Drive Skyhawk Blue Angels Stainless Watch C650-T000959 New Battery | Flip and Strip,95,Citizen Eco-Drive Skyhawk Blue Angels Stainless Watch C650-T000959 New Battery. Pre-owned - Good Citizen. Price: $349.95. The Citizen Eco-Drive Skyhawk Blue,156,200,https://flipandstrip.com/product/5754/citizen-eco-drive-skyhawk-blue-angels-stainless-watch-c650-t000959-new-battery,"index, follow",Citizen,citizen blue angels,used,WATCHES  / BIKER GIFTS,286,The Citizen Eco-Drive Skyhawk Blue Angels Stainless Watch C650-T000959 is a stylish and versatile timepiece suitable for men. With a blue dial and bezel,24,200,LONG_TITLE_REVIEW; IMAGE_DIMENSIONS; RESPONSIVE_IMAGE; MARKETPLACE_BOILERPLATE; EBAY_SHIPPING_COPY
5757,285921534852,https://flipandstrip.com/product/5757/harley-sportster-nightster-xl1200-engine-bracket-motor-mount-tie-link-16232-04,HARLEY SPORTSTER NIGHTSTER XL1200 ENGINE BRACKET + MOTOR MOUNT TIE LINK 16232-04 | Flip and Strip,97,HARLEY SPORTSTER NIGHTSTER XL1200 ENGINE BRACKET + MOTOR MOUNT TIE LINK 16232-04. Used Harley-Davidson. Price: $19.87. 2007 HARLEY DAVIDSON NIGHTSTER WITH,154,200,https://flipandstrip.com/product/5757/harley-sportster-nightster-xl1200-engine-bracket-motor-mount-tie-link-16232-04,"index, follow",Harley-Davidson,16232-04B,used,MOTORCYCLE > HARLEY DAVIDSON > HARLEY DAVIDSON,443,2007 HARLEY DAVIDSON NIGHTSTER WITH MAGNAFLOW EXHAUST PIPES Video will open in a new window Using the mobile app? Copy this link into your browser: HARLEY,9,200,LONG_TITLE_REVIEW; DUPLICATE_SCHEMA_DESCRIPTION; IMAGE_DIMENSIONS; RESPONSIVE_IMAGE; MARKETPLACE_BOILERPLATE; EBAY_SHIPPING_COPY
5759,285921563807,https://flipandstrip.com/product/5759/01-09-kawasaki-bn125-rear-fender-bracket-brace-support-35063-1145-eliminator-125,01-09 Kawasaki BN125 Rear Fender Bracket Brace Support 35063-1145 Eliminator 125 | Flip and Strip,97,01-09 Kawasaki BN125 Rear Fender Bracket Brace Support 35063-1145 Eliminator 125. Used Kawasaki. Price: $19.87. KAWASAKI BN 125 ELIMINATOR - REAR FENDER STAY,157,200,https://flipandstrip.com/product/5759/01-09-kawasaki-bn125-rear-fender-bracket-brace-support-35063-1145-eliminator-125,"index, follow",Kawasaki,35063-1145,used,MOTORCYCLE > KAWASAKI > KAWASAKI CRUISER,162,KAWASAKI BN 125 ELIMINATOR - REAR FENDER STAY BRACKET SUPPORT BRACE # 35063-1145 REAR FENDER BRACKET / BRACE / STAY / SUPPORT FOR BN 125 ELIMINATOR. ((( 452,10,200,LONG_TITLE_REVIEW; IMAGE_DIMENSIONS; RESPONSIVE_IMAGE; MARKETPLACE_BOILERPLATE
5761,285921534842,https://flipandstrip.com/product/5761/honda-cb-900c-900-custom-foot-peg-step-set-front-rider-nice-50640-461-000,HONDA CB 900C 900 CUSTOM ~ FOOT PEG / STEP SET FRONT RIDER NICE # 50640-461-000 | Flip and Strip,96,HONDA CB 900C 900 CUSTOM ~ FOOT PEG / STEP SET FRONT RIDER NICE # 50640-461-000. Used Honda. Price: $19.99. 1982 HONDA CB 900C - Front foot peg set as shown,156,200,https://flipandstrip.com/product/5761/honda-cb-900c-900-custom-foot-peg-step-set-front-rider-nice-50640-461-000,"index, follow",Honda,50640-461-000,used,MOTORCYCLE > HONDA > CB 900,480,1982 HONDA CB 900C - Front foot peg set as shown. You will get exactly as pictured. I HAVE OTHER PARTS LISTED FOR THIS MOTORCYCLE. Honda 50630-461-000 STEP,10,200,LONG_TITLE_REVIEW; IMAGE_DIMENSIONS; RESPONSIVE_IMAGE; MARKETPLACE_BOILERPLATE; EBAY_SHIPPING_COPY
5762,286556571475,https://flipandstrip.com/product/5762/07-harley-davidson-sportster-rocker-box-set-with-arms-shafts-nightster-xl1200-n,07 Harley Davidson Sportster Rocker Box Set With Arms Shafts Nightster XL1200 N | Flip and Strip,96,07 Harley Davidson Sportster Rocker Box Set With Arms Shafts Nightster XL1200 N. Used Harley-Davidson. Price: $129.95. 2007 HARLEY DAVIDSON NIGHTSTER WITH,154,200,https://flipandstrip.com/product/5762/07-harley-davidson-sportster-rocker-box-set-with-arms-shafts-nightster-xl1200-n,"index, follow",Harley-Davidson,17532-07A,used,MOTORCYCLE > HARLEY DAVIDSON > HARLEY DAVIDSON,376,2007 HARLEY DAVIDSON NIGHTSTER WITH MAGNAFLOW EXHAUST PIPESVideo will open in a new windowUsing the mobile app? Copy this link into your browser: HARLEY,12,200,LONG_TITLE_REVIEW; DUPLICATE_SCHEMA_DESCRIPTION; IMAGE_DIMENSIONS; RESPONSIVE_IMAGE; MARKETPLACE_BOILERPLATE; EBAY_SHIPPING_COPY
5763,286556571478,https://flipandstrip.com/product/5763/00-05-kawasaki-zx-12r-ninja-front-fender-red-mud-guard-aftermarket-35004-1454,00-05 Kawasaki ZX-12r Ninja Front Fender Red Mud Guard Aftermarket 35004-1454 | Flip and Strip,94,00-05 Kawasaki ZX-12r Ninja Front Fender Red Mud Guard Aftermarket 35004-1454. Used Kawasaki. Price: $34.95. KAWASAKI NINJA ZX6R > OIL TUBE / LINE / HOSE +,155,200,https://flipandstrip.com/product/5763/00-05-kawasaki-zx-12r-ninja-front-fender-red-mud-guard-aftermarket-35004-1454,"index, follow",Kawasaki,35004-1454,used,MOTORCYCLE > KAWASAKI > ZX-12R,199,KAWASAKI NINJA ZX6R > OIL TUBE / LINE / HOSE + BANJO BOLTS + MORE # 51044-1179 2000-2005 Kawasaki ZX-12R front fender USED AFTERMARKET - SOME SCRATCHES,12,200,LONG_TITLE_REVIEW; IMAGE_DIMENSIONS; RESPONSIVE_IMAGE; MARKETPLACE_BOILERPLATE; EBAY_SHIPPING_COPY
5764,286556571464,https://flipandstrip.com/product/5764/84-90-harley-davidson-battery-cover-softail-fxst-evo-rick-doss-chrome-09-150,84-90 Harley Davidson Battery Cover Softail FXST Evo Rick Doss Chrome 09-150 | Flip and Strip,93,84-90 Harley Davidson Battery Cover Softail FXST Evo Rick Doss Chrome 09-150. New Custom Chrome. Price: $29.95. HARLEY DAVIDSON XL 883 1200 SPORTSTER 04-06,155,200,https://flipandstrip.com/product/5764/84-90-harley-davidson-battery-cover-softail-fxst-evo-rick-doss-chrome-09-150,"index, follow",Custom Chrome,09-150,new,MOTORCYCLE > HARLEY DAVIDSON > HARLEY DAVIDSON,291,HARLEY DAVIDSON XL 883 1200 SPORTSTER 04-06 CLUTCH DERBY CHROME COVER # 34742-04,8,200,LONG_TITLE_REVIEW; DUPLICATE_SCHEMA_DESCRIPTION; IMAGE_DIMENSIONS; RESPONSIVE_IMAGE; MARKETPLACE_BOILERPLATE; EBAY_SHIPPING_COPY; USED_TEMPLATE_ON_NEW_ITEM
5765,285921563776,https://flipandstrip.com/product/5765/honda-tappet-caps-valve-adjustment-covers-trx350-atv-atc-12351-428-000-set-of-2,Honda Tappet Caps Valve Adjustment Covers TRX350 ATV ATC 12351-428-000 Set of 2 | Flip and Strip,96,Honda Tappet Caps Valve Adjustment Covers TRX350 ATV ATC 12351-428-000 Set of 2. Used HONDA. Price: $15.50. HONDA TRX 350 ATV + ATC - TAPPET caps / VALVE,153,200,https://flipandstrip.com/product/5765/honda-tappet-caps-valve-adjustment-covers-trx350-atv-atc-12351-428-000-set-of-2,"index, follow",HONDA,12351-428-000,used,ATV 4 WHEELER / ATC 3 WHEELER > HONDA > HONDA TRX 350,678,HONDA TRX 350 ATV + ATC - TAPPET caps / VALVE ADJUSTMENT COVERS # 12351-428-000 This item is a set of 2 tappet / valve adjustment caps / covers as shown from a,12,200,LONG_TITLE_REVIEW; IMAGE_DIMENSIONS; RESPONSIVE_IMAGE; MARKETPLACE_BOILERPLATE
5766,519 FAS,https://flipandstrip.com/product/5766/kawasaki-cover-water-pump-outer-85-87-zl900-zl1000-eliminator-housing-cap-49044,Kawasaki Cover Water Pump Outer 85-87 ZL900 ZL1000 Eliminator Housing Cap 49044 | Flip and Strip,96,Kawasaki Cover Water Pump Outer 85-87 ZL900 ZL1000 Eliminator Housing Cap 49044. Used Kawasaki. Price: $23.45. KAWASAKI ZL 900 ELIMINATOR > UPPER FORK HOLDER /,159,200,https://flipandstrip.com/product/5766/kawasaki-cover-water-pump-outer-85-87-zl900-zl1000-eliminator-housing-cap-49044,"index, follow",Kawasaki,49044-1058,used,MOTORCYCLE > KAWASAKI > ELIMINATOR ZL 1000,209,KAWASAKI ZL 900 ELIMINATOR > UPPER FORK HOLDER / TRIPLE TREE + CLAMPS 44039-1124 WATER PUMP OUTER COVER / CAP / HOUSING AS SHOWN FOR KAWASAKI ZL 900 + 1000,11,200,LONG_TITLE_REVIEW; IMAGE_DIMENSIONS; RESPONSIVE_IMAGE; MARKETPLACE_BOILERPLATE; EBAY_SHIPPING_COPY
5767,3189 FAS,https://flipandstrip.com/product/5767/97-99-gsxr-750-600-suzuki-center-v-cowl-cover-fairing-front-oem-94498-33e01,"97-99 GSXR 750 600 Suzuki Center ""V"" Cowl Cover Fairing Front OEM 94498-33E01 | Flip and Strip",94,"97-99 GSXR 750 600 Suzuki Center ""V"" Cowl Cover Fairing Front OEM 94498-33E01. Used Suzuki. Price: $43.21. SUZUKI GSXR 600 + 750 GIXXER < 01-03 > COWL UNDER",156,200,https://flipandstrip.com/product/5767/97-99-gsxr-750-600-suzuki-center-v-cowl-cover-fairing-front-oem-94498-33e01,"index, follow",Suzuki,94498-33E01,used,MOTORCYCLE > SUZUKI > GSXR 600,482,SUZUKI GSXR 600 + 750 GIXXER < 01-03 > COWL UNDER INNER RIGHT PURPLE 94461-35F00 97 SUZUKI GSXR 750 Front center V cowl as shown. HAS A LITTLE OVER SPRAY & HAS,12,200,LONG_TITLE_REVIEW; IMAGE_DIMENSIONS; RESPONSIVE_IMAGE; MARKETPLACE_BOILERPLATE
5768,285921534885,https://flipandstrip.com/product/5768/95-07-yamaha-yzf600r-foot-peg-bracket-left-rear-4jh-2741l-03-00,95 - 07 YAMAHA YZF600R FOOT PEG & BRACKET LEFT REAR # 4JH-2741L-03-00 | Flip and Strip,86,95 - 07 YAMAHA YZF600R FOOT PEG & BRACKET LEFT REAR # 4JH-2741L-03-00. Used Yamaha. Price: $19.87.,98,200,https://flipandstrip.com/product/5768/95-07-yamaha-yzf600r-foot-peg-bracket-left-rear-4jh-2741l-03-00,"index, follow",Yamaha,4JH-2741L-03-00,used,MOTORCYCLE > YAMAHA > YZF600R / THUNDERCAT,576,95 - 07 YAMAHA YZF600R FOOT PEG & BRACKET LEFT REAR # 4JH-2741L-03-00,6,200,LONG_TITLE_REVIEW; IMAGE_DIMENSIONS; RESPONSIVE_IMAGE; MARKETPLACE_BOILERPLATE; EBAY_SHIPPING_COPY
5770,285921534911,https://flipandstrip.com/product/5770/97-03-suzuki-adjusters-axle-chain-wheel-tl1000s-tlr-tl1000r-custom-plate-holder,97-03 Suzuki Adjusters Axle Chain Wheel TL1000s TLR TL1000r Custom Plate Holder | Flip and Strip,96,97-03 Suzuki Adjusters Axle Chain Wheel TL1000s TLR TL1000r Custom Plate Holder. Used Suzuki. Price: $24.95. SUZUKI TL1000R + S CYLINDER REAR JUG PISTON RINGS,158,200,https://flipandstrip.com/product/5770/97-03-suzuki-adjusters-axle-chain-wheel-tl1000s-tlr-tl1000r-custom-plate-holder,"index, follow",Suzuki,61445-33E00,used,MOTORCYCLE > SUZUKI > TL1000 (R) TLR,191,SUZUKI TL1000R + S CYLINDER REAR JUG PISTON RINGS PIN (( NICE )) 11221-02F02-0F0 97 - 01 TLS SUZUKI TL1000 + TLR AXLE WHEEL CHAIN ADJUSTERS. Will need screws,12,200,LONG_TITLE_REVIEW; IMAGE_DIMENSIONS; RESPONSIVE_IMAGE; MARKETPLACE_BOILERPLATE
5771,285921534916,https://flipandstrip.com/product/5771/2000-victory-v92sc-primary-cover-emblem-shift-shaft-clutch-pinion-shaft-5630973,2000 Victory V92sc Primary Cover Emblem Shift Shaft Clutch Pinion Shaft 5630973 | Flip and Strip,96,2000 Victory V92sc Primary Cover Emblem Shift Shaft Clutch Pinion Shaft 5630973. Used Victory. Price: $79.95. HARLEY DAVIDSON XL 883 1200 SPORTSTER 04-06,153,200,https://flipandstrip.com/product/5771/2000-victory-v92sc-primary-cover-emblem-shift-shaft-clutch-pinion-shaft-5630973,"index, follow",Victory,2203695,used,MOTORCYCLE > VICTORY > V92SC,183,HARLEY DAVIDSON XL 883 1200 SPORTSTER 04-06 CLUTCH DERBY CHROME COVER # 34742-04 2000 VICTORY V92SC PRIMARY COVER + EMBLEM + SHIFT SHAFT + CLUTCH PINION SHAFT,11,200,LONG_TITLE_REVIEW; IMAGE_DIMENSIONS; RESPONSIVE_IMAGE; MARKETPLACE_BOILERPLATE
5772,286556571583,https://flipandstrip.com/product/5772/40-hp-mercury-mariner-outboard-boat-motor-exhaust-tube-20-oem-69544-1,"40 HP Mercury Mariner Outboard Boat Motor Exhaust Tube 20"" OEM 69544 1 | Flip and Strip",87,"40 HP Mercury Mariner Outboard Boat Motor Exhaust Tube 20"" OEM 69544 1. Used Mercury. Price: $15.00. MERCURY / MARINER OUTBOARD 40 HP & MORE > EXHAUST TUBE 20""",159,200,https://flipandstrip.com/product/5772/40-hp-mercury-mariner-outboard-boat-motor-exhaust-tube-20-oem-69544-1,"index, follow",Mercury,69544 1,used,MARINE / BOAT PARTS > MERCURY / MARINER 40 HP,2086,"MERCURY / MARINER OUTBOARD 40 HP & MORE > EXHAUST TUBE 20"" OEM # 69544 1 Exhaust tube as shown from a Mariner 40 HP 4 CYL .It is used with some signs of use",12,200,LONG_TITLE_REVIEW; IMAGE_DIMENSIONS; RESPONSIVE_IMAGE; MARKETPLACE_BOILERPLATE; EBAY_SHIPPING_COPY
5773,286556571496,https://flipandstrip.com/product/5773/harley-davidson-softail-parts-rh-cover-oil-tank-bracket-turn-signal-hardware,Harley Davidson Softail Parts RH Cover Oil Tank Bracket Turn Signal Hardware | Flip and Strip,93,Harley Davidson Softail Parts RH Cover Oil Tank Bracket Turn Signal Hardware. Used Harley-Davidson. Price: $69.95. HARLEY DAVIDSON XL 883 1200 SPORTSTER 04-06,158,200,https://flipandstrip.com/product/5773/harley-davidson-softail-parts-rh-cover-oil-tank-bracket-turn-signal-hardware,"index, follow",Harley-Davidson,MISC,used,MOTORCYCLE > HARLEY DAVIDSON > HARLEY DAVIDSON,304,HARLEY DAVIDSON XL 883 1200 SPORTSTER 04-06 CLUTCH DERBY CHROME COVER # 34742-04,11,200,LONG_TITLE_REVIEW; DUPLICATE_SCHEMA_DESCRIPTION; IMAGE_DIMENSIONS; RESPONSIVE_IMAGE; MARKETPLACE_BOILERPLATE; EBAY_SHIPPING_COPY
5774,286556571567,https://flipandstrip.com/product/5774/72-honda-cb750-kick-start-gear-shaft-pawl-ratchet-spring-28210-300-000,72 Honda CB750 Kick Start Gear Shaft Pawl Ratchet Spring 28210-300-000 | Flip and Strip,87,72 Honda CB750 Kick Start Gear Shaft Pawl Ratchet Spring 28210-300-000. Used Honda. Price: $45.00. HONDA CB 750 - KICK START GEAR + SHAFT + PAWL + RATCHET +,156,200,https://flipandstrip.com/product/5774/72-honda-cb750-kick-start-gear-shaft-pawl-ratchet-spring-28210-300-000,"index, follow",Honda,28210-300-000,used,MOTORCYCLE > HONDA > CB 750,170,"HONDA CB 750 - KICK START GEAR + SHAFT + PAWL + RATCHET + SPRING # 28210-300-000 1972 HONDA CB 750 Kick start shaft , gear , spring and ratchet as shown. See",12,200,LONG_TITLE_REVIEW; IMAGE_DIMENSIONS; RESPONSIVE_IMAGE; MARKETPLACE_BOILERPLATE
5775,286728565112,https://flipandstrip.com/product/5775/94-yamaha-fzr1000-cylinder-jugs-oem-3gm-11310-01-00,94 Yamaha FZR1000 Cylinder Jugs OEM 3GM-11310-01-00 | Flip and Strip,68,94 Yamaha FZR1000 Cylinder Jugs OEM 3GM-11310-01-00. Used Yamaha. Price: $149.95. YAMAHA YZF600 + 750 FZR1000 > HEADLIGHT LAMP ASSEMBLY + BODY #,144,200,https://flipandstrip.com/product/5775/94-yamaha-fzr1000-cylinder-jugs-oem-3gm-11310-01-00,"index, follow",Yamaha,3GM-11310-01-00,used,MOTORCYCLE > YAMAHA > FZR 1000,222,"YAMAHA YZF600 + 750 FZR1000 > HEADLIGHT LAMP ASSEMBLY + BODY # 4FM-84320-40-00 1994 Yamaha FZR1000 Cylinder / Jug 75.20 mm bore USED CONDITION, WILL NEED",18,200,IMAGE_DIMENSIONS; RESPONSIVE_IMAGE; MARKETPLACE_BOILERPLATE
5776,286556571593,https://flipandstrip.com/product/5776/97-03-suzuki-tl1000r-tlr-tls-cylinder-rear-jug-piston-rings-pin-11221-02f02-0f0,97-03 Suzuki Tl1000r TLR TLS Cylinder Rear Jug Piston Rings Pin 11221-02F02-0F0 | Flip and Strip,96,97-03 Suzuki Tl1000r TLR TLS Cylinder Rear Jug Piston Rings Pin 11221-02F02-0F0. Used Suzuki. Price: $34.95. SUZUKI TL1000R + S CYLINDER REAR JUG PISTON RINGS,158,200,https://flipandstrip.com/product/5776/97-03-suzuki-tl1000r-tlr-tls-cylinder-rear-jug-piston-rings-pin-11221-02f02-0f0,"index, follow",Suzuki,11221-02F02-0F0,used,MOTORCYCLE > SUZUKI > SPORT BIKE,301,"SUZUKI TL1000R + S CYLINDER REAR JUG PISTON RINGS PIN (( NICE )) 11221-02F02-0F0 This item is a used cylinder , piston , ring set and wrist pin as shown . Nice",12,200,LONG_TITLE_REVIEW; IMAGE_DIMENSIONS; RESPONSIVE_IMAGE; MARKETPLACE_BOILERPLATE
5777,286556571591,https://flipandstrip.com/product/5777/82-86-honda-kick-stand-spring-bolt-v65-magna-v45-magna-vf750-700c-50540-mb4-830,82-86 Honda Kick Stand Spring Bolt V65 Magna V45 Magna VF750 700c 50540-MB4-830 | Flip and Strip,96,82-86 Honda Kick Stand Spring Bolt V65 Magna V45 Magna VF750 700c 50540-MB4-830. Used Honda. Price: $19.87. HONDA V 45 MAGNA VF 750 C + 700 C + V 65 MAGNA KICK,159,200,https://flipandstrip.com/product/5777/82-86-honda-kick-stand-spring-bolt-v65-magna-v45-magna-vf750-700c-50540-mb4-830,"index, follow",Honda,50540-MB4-830,used,MOTORCYCLE > HONDA > HONDA CRUISER,272,"HONDA V 45 MAGNA VF 750 C + 700 C + V 65 MAGNA KICK / SIDE STAND # 50540-MB4-830 Honda 50540-MB4-830 BAR, SIDE STAND is used on these models : 1982 VF750C A",12,200,LONG_TITLE_REVIEW; IMAGE_DIMENSIONS; RESPONSIVE_IMAGE; MARKETPLACE_BOILERPLATE; EBAY_SHIPPING_COPY
5778,286556571544,https://flipandstrip.com/product/5778/90-09-kawasaki-vulcan-en500-oil-pipe-line-external-oem-32150-1478,90-09 Kawasaki Vulcan EN500 Oil Pipe Line External OEM 32150-1478 | Flip and Strip,82,90-09 Kawasaki Vulcan EN500 Oil Pipe Line External OEM 32150-1478. Used Kawasaki. Price: $9.87. KAWASAKI EN 500 VULCAN (1990-2009) ~ OIL PIPE LINE EXTERNAL OEM,159,200,https://flipandstrip.com/product/5778/90-09-kawasaki-vulcan-en500-oil-pipe-line-external-oem-32150-1478,"index, follow",Kawasaki,32150-1478,used,MOTORCYCLE > KAWASAKI > KAWASAKI CRUISER,379,KAWASAKI EN 500 VULCAN (1990-2009) ~ OIL PIPE LINE EXTERNAL OEM # 32150-1478 THIS ITEM IS AN OIL PIPE FROM A 1996 KAWASAKI EN 500 VULCAN.SEE PICTURES.Kawasaki,12,200,LONG_TITLE_REVIEW; IMAGE_DIMENSIONS; RESPONSIVE_IMAGE; MARKETPLACE_BOILERPLATE
5779,286556571545,https://flipandstrip.com/product/5779/96-06-harley-davidson-touring-switch-housings-with-radio-electra-road-chrome,96-06 Harley Davidson Touring Switch Housings ( With Radio ) Electra Road Chrome | Flip and Strip,97,96-06 Harley Davidson Touring Switch Housings ( With Radio ) Electra Road Chrome. New Harley-Davidson. Price: $47.95. HARLEY DAVIDSON XL 883 1200 SPORTSTER,155,200,https://flipandstrip.com/product/5779/96-06-harley-davidson-touring-switch-housings-with-radio-electra-road-chrome,"index, follow",Harley-Davidson,652016,new,MOTORCYCLE > HARLEY DAVIDSON > HARLEY DAVIDSON,301,HARLEY DAVIDSON XL 883 1200 SPORTSTER 04-06 CLUTCH DERBY CHROME COVER # 34742-04,7,200,LONG_TITLE_REVIEW; DUPLICATE_SCHEMA_DESCRIPTION; IMAGE_DIMENSIONS; RESPONSIVE_IMAGE; MARKETPLACE_BOILERPLATE; EBAY_SHIPPING_COPY; USED_TEMPLATE_ON_NEW_ITEM
5780,286556571540,https://flipandstrip.com/product/5780/suzuki-gsxr-750-srad-rear-wheel-rim-17-x-6-00-tl1000r-tlr-gray-oem-64111-33e11,Suzuki GSXR 750 SRAD Rear Wheel Rim 17 X 6.00 TL1000r TLR Gray OEM 64111-33E11 | Flip and Strip,95,Suzuki GSXR 750 SRAD Rear Wheel Rim 17 X 6.00 TL1000r TLR Gray OEM 64111-33E11. Used Suzuki. Price: $59.95. VID 20210209 193127325 Video will open in a new,155,200,https://flipandstrip.com/product/5780/suzuki-gsxr-750-srad-rear-wheel-rim-17-x-6-00-tl1000r-tlr-gray-oem-64111-33e11,"index, follow",Suzuki,64111-33E11,used,MOTORCYCLE > SUZUKI > TL1000 (R) TLR,297,VID 20210209 193127325 Video will open in a new window Using the mobile app? Copy this link into your browser: SUZUKI GSXR 600 + 750 GIXXER < 01-03 > COWL,12,200,LONG_TITLE_REVIEW; IMAGE_DIMENSIONS; RESPONSIVE_IMAGE; DESCRIPTION_RELEVANCE_REVIEW; MARKETPLACE_BOILERPLATE; EBAY_SHIPPING_COPY
5781,286556571520,https://flipandstrip.com/product/5781/95-07-yamaha-yzf-600-750-1000-foot-peg-right-brake-bracket-rearset-4fm-27443-02,95-07 Yamaha YZF 600 750 1000 Foot Peg Right Brake Bracket Rearset 4FM-27443-02 | Flip and Strip,96,95-07 Yamaha YZF 600 750 1000 Foot Peg Right Brake Bracket Rearset 4FM-27443-02. Used Yamaha. Price: $14.95. YAMAHA YZF 600 750 1000 REARSET / FOOT PEG BRACKET,159,200,https://flipandstrip.com/product/5781/95-07-yamaha-yzf-600-750-1000-foot-peg-right-brake-bracket-rearset-4fm-27443-02,"index, follow",Yamaha,4FM-27443-02-00,used,MOTORCYCLE > YAMAHA > YAMAHA SPORT BIKE,435,YAMAHA YZF 600 750 1000 REARSET / FOOT PEG BRACKET RIGHT. USED CONDITION - HAS SOME MARKS AS POINTED OUT WITH YELLOW PEN IN PICTURES - SEE ALL PICTURES!!,12,200,LONG_TITLE_REVIEW; IMAGE_DIMENSIONS; RESPONSIVE_IMAGE; MARKETPLACE_BOILERPLATE; EBAY_SHIPPING_COPY
5782,286556571525,https://flipandstrip.com/product/5782/97-03-suzuki-clutch-cover-case-tl1000r-tlr-tl1000s-tls-11340-02f10-motorcycle,97-03 Suzuki Clutch Cover Case TL1000R TLR TL1000S TLS 11340-02F10 Motorcycle | Flip and Strip,94,97-03 Suzuki Clutch Cover Case TL1000R TLR TL1000S TLS 11340-02F10 Motorcycle. Used Suzuki. Price: $24.95. SUZUKI TL1000R + S CYLINDER REAR JUG PISTON RINGS,156,200,https://flipandstrip.com/product/5782/97-03-suzuki-clutch-cover-case-tl1000r-tlr-tl1000s-tls-11340-02f10-motorcycle,"index, follow",Suzuki,11340-02F10,used,MOTORCYCLE > SUZUKI > TL1000 (R) TLR,248,SUZUKI TL1000R + S CYLINDER REAR JUG PISTON RINGS PIN (( NICE )) 11221-02F02-0F0 Please visit my eBay Store 97 - 01 TLS SUZUKI TL1000 S CLUTCH COVER ( INNER ),9,200,LONG_TITLE_REVIEW; IMAGE_DIMENSIONS; RESPONSIVE_IMAGE; MARKETPLACE_BOILERPLATE
5783,286556571577,https://flipandstrip.com/product/5783/98-99-kawasaki-fork-left-zx9-zx-9r-ninja-46mm-x-29-3-4-oem-44083-1054,"98 99 Kawasaki Fork Left ZX9 ZX-9r Ninja 46mm X 29 3/4"" OEM 44083-1054 | Flip and Strip",87,"98 99 Kawasaki Fork Left ZX9 ZX-9r Ninja 46mm X 29 3/4"" OEM 44083-1054. Used Kawasaki. Price: $54.95. KAWASAKI NINJA ZX7R SUB FRAME REAR CENTER / TAIL BRACKET",158,200,https://flipandstrip.com/product/5783/98-99-kawasaki-fork-left-zx9-zx-9r-ninja-46mm-x-29-3-4-oem-44083-1054,"index, follow",Kawasaki,44083-1054,used,MOTORCYCLE > KAWASAKI > KAWASAKI SPORT BIKE,183,KAWASAKI NINJA ZX7R SUB FRAME REAR CENTER / TAIL BRACKET OEM 35011-1783 KAWASAKI NINJA ZX9R LEFT FRONT FORK AS SHOWN. Has a tiny ding in between the triple,12,200,LONG_TITLE_REVIEW; IMAGE_DIMENSIONS; RESPONSIVE_IMAGE; MARKETPLACE_BOILERPLATE
5784,957 FAS,https://flipandstrip.com/product/5784/yamaha-bear-tracker-timberwolf-250-atv-spacer-case-plate-engine-mount-yfm250-oem,Yamaha Bear Tracker Timberwolf 250 ATV Spacer Case Plate Engine Mount YFM250 OEM | Flip and Strip,97,Yamaha Bear Tracker Timberwolf 250 ATV Spacer Case Plate Engine Mount YFM250 OEM. Used Yamaha. Price: $16.49. YAMAHA YFM 250 BEAR TRACKER > ENGINE MOUNT SPACER,159,200,https://flipandstrip.com/product/5784/yamaha-bear-tracker-timberwolf-250-atv-spacer-case-plate-engine-mount-yfm250-oem,"index, follow",Yamaha,4BD-15317-00-00,used,ATV 4 WHEELER / ATC 3 WHEELER > YAMAHA > YFM 250 BEAR TRACKER,316,YAMAHA YFM 250 BEAR TRACKER > ENGINE MOUNT SPACER CASE PLATE # 4BD-15317-00-00 THIS ITEM IS A ENGINE MOUNT SPACER FROM A YAMAHA YFM 250 BEAR TRACKER 2WD ATV,12,200,LONG_TITLE_REVIEW; IMAGE_DIMENSIONS; RESPONSIVE_IMAGE; MARKETPLACE_BOILERPLATE
5785,285921534869,https://flipandstrip.com/product/5785/harley-davidson-chopper-bobber-custom-zel-headlight-mount-block-mu13008,Harley Davidson / Chopper / Bobber / Custom / ZEL Headlight Mount Block MU13008 | Flip and Strip,96,Harley Davidson / Chopper / Bobber / Custom / ZEL Headlight Mount Block MU13008. New ZEL. Price: $19.95. HARLEY DAVIDSON XL 883 1200 SPORTSTER 04-06 CLUTCH,155,200,https://flipandstrip.com/product/5785/harley-davidson-chopper-bobber-custom-zel-headlight-mount-block-mu13008,"index, follow",ZEL,MU13008,new,MOTORCYCLE > HARLEY DAVIDSON > HARLEY DAVIDSON,418,HARLEY DAVIDSON XL 883 1200 SPORTSTER 04-06 CLUTCH DERBY CHROME COVER # 34742-04,10,200,LONG_TITLE_REVIEW; DUPLICATE_SCHEMA_DESCRIPTION; IMAGE_DIMENSIONS; RESPONSIVE_IMAGE; DESCRIPTION_RELEVANCE_REVIEW; MARKETPLACE_BOILERPLATE; EBAY_SHIPPING_COPY; USED_TEMPLATE_ON_NEW_ITEM
5786,285921534874,https://flipandstrip.com/product/5786/99-14-harley-spark-plug-slotted-head-cover-set-black-glides-trikes,99 - 14 HARLEY SPARK PLUG / SLOTTED HEAD COVER SET ( BLACK ) GLIDES + TRIKES | Flip and Strip,93,99 - 14 HARLEY SPARK PLUG / SLOTTED HEAD COVER SET ( BLACK ) GLIDES + TRIKES. New Kuryakyn. Price: $45.67. HARLEY DAVIDSON XL 883 1200 SPORTSTER 04-06 CLUTCH,157,200,https://flipandstrip.com/product/5786/99-14-harley-spark-plug-slotted-head-cover-set-black-glides-trikes,"index, follow",Kuryakyn,7261,new,MOTORCYCLE > HARLEY DAVIDSON > HARLEY DAVIDSON,418,HARLEY DAVIDSON XL 883 1200 SPORTSTER 04-06 CLUTCH DERBY CHROME COVER # 34742-04,8,200,LONG_TITLE_REVIEW; DUPLICATE_SCHEMA_DESCRIPTION; IMAGE_DIMENSIONS; RESPONSIVE_IMAGE; DESCRIPTION_RELEVANCE_REVIEW; MARKETPLACE_BOILERPLATE; EBAY_SHIPPING_COPY; USED_TEMPLATE_ON_NEW_ITEM
5787,285921534853,https://flipandstrip.com/product/5787/harley-davidson-sportster-nightster-xl1200-crank-position-sensor-cps-9717-miles,HARLEY DAVIDSON SPORTSTER NIGHTSTER XL1200 CRANK POSITION SENSOR CPS 9717 MILES | Flip and Strip,96,HARLEY DAVIDSON SPORTSTER NIGHTSTER XL1200 CRANK POSITION SENSOR CPS 9717 MILES. Used Harley-Davidson. Price: $34.56. 2007 HARLEY DAVIDSON NIGHTSTER WITH,153,200,https://flipandstrip.com/product/5787/harley-davidson-sportster-nightster-xl1200-crank-position-sensor-cps-9717-miles,"index, follow",Harley-Davidson,32712-06,used,MOTORCYCLE > HARLEY DAVIDSON > HARLEY DAVIDSON,445,2007 HARLEY DAVIDSON NIGHTSTER WITH MAGNAFLOW EXHAUST PIPES Video will open in a new window Using the mobile app? Copy this link into your browser: HARLEY,7,200,LONG_TITLE_REVIEW; DUPLICATE_SCHEMA_DESCRIPTION; IMAGE_DIMENSIONS; RESPONSIVE_IMAGE; MARKETPLACE_BOILERPLATE; EBAY_SHIPPING_COPY
5788,285921534872,https://flipandstrip.com/product/5788/52-67-harley-davidson-fl-with-mousetrap-clutch-cable-38618-52t-motion-pro06-6000,52-67 Harley Davidson FL with Mousetrap Clutch Cable 38618-52T Motion pro06-6000 | Flip and Strip,97,52-67 Harley Davidson FL with Mousetrap Clutch Cable 38618-52T Motion pro06-6000. New Harley-Davidson. Price: $75.00. HARLEY DAVIDSON XL 883 1200 SPORTSTER,155,200,https://flipandstrip.com/product/5788/52-67-harley-davidson-fl-with-mousetrap-clutch-cable-38618-52t-motion-pro06-6000,"index, follow",Harley-Davidson,06-6000,new,MOTORCYCLE > HARLEY DAVIDSON > HARLEY DAVIDSON,400,HARLEY DAVIDSON XL 883 1200 SPORTSTER 04-06 CLUTCH DERBY CHROME COVER # 34742-04 52-67 Harley Davidson FL with Mousetrap Clutch Cable38618-52T06-6000Bikers,4,200,LONG_TITLE_REVIEW; IMAGE_DIMENSIONS; RESPONSIVE_IMAGE; MARKETPLACE_BOILERPLATE; EBAY_SHIPPING_COPY; USED_TEMPLATE_ON_NEW_ITEM
5789,285921563808,https://flipandstrip.com/product/5789/97-03-honda-foot-peg-right-rear-cbr1100xx-blackbird-stay-step-oem-50750-mat-010,97-03 Honda Foot Peg Right Rear CBR1100xx Blackbird Stay Step OEM 50750-MAT-010 | Flip and Strip,96,97-03 Honda Foot Peg Right Rear CBR1100xx Blackbird Stay Step OEM 50750-MAT-010. Used HONDA. Price: $19.95. HONDA CBR 1100 XX BLACK BIRD ~ RIGHT REAR STAY STEP,159,200,https://flipandstrip.com/product/5789/97-03-honda-foot-peg-right-rear-cbr1100xx-blackbird-stay-step-oem-50750-mat-010,"index, follow",HONDA,50750-MAT-010,used,MOTORCYCLE > HONDA > HONDA SPORT BIKE,298,HONDA CBR 1100 XX BLACK BIRD ~ RIGHT REAR STAY STEP OEM # 50750-MAT-010 This item is a rear right foot peg & holder .It is from a 2002 Honda BlackBird CBR,11,200,LONG_TITLE_REVIEW; IMAGE_DIMENSIONS; RESPONSIVE_IMAGE; MARKETPLACE_BOILERPLATE
5790,285921534864,https://flipandstrip.com/product/5790/11-15-kawasaki-zx-10r-ninja-zx10-handlebar-switch-set-lights-horn-signal-engine,11-15 Kawasaki ZX-10R Ninja ZX10 Handlebar Switch Set Lights Horn Signal Engine | Flip and Strip,96,11-15 Kawasaki ZX-10R Ninja ZX10 Handlebar Switch Set Lights Horn Signal Engine. For parts or not working Kawasaki. Price: $69.95. KAWASAKI NINJA ZX6R > OIL,156,200,https://flipandstrip.com/product/5790/11-15-kawasaki-zx-10r-ninja-zx10-handlebar-switch-set-lights-horn-signal-engine,"index, follow",Kawasaki,"46091-0114, 46091-0212",used,MOTORCYCLE > KAWASAKI > ZX-10R NINJA,241,KAWASAKI NINJA ZX6R > OIL TUBE / LINE / HOSE + BANJO BOLTS + MORE # 51044-1179 12-15 Kawasaki ZX-10R Ninja Handlebar switch set.46091-0114 CONTROL HOUSING,20,200,LONG_TITLE_REVIEW; IMAGE_DIMENSIONS; RESPONSIVE_IMAGE; MARKETPLACE_BOILERPLATE; EBAY_SHIPPING_COPY
5791,285921534841,https://flipandstrip.com/product/5791/98-kawasaki-ninja-zx9-zx-9r-brake-rotor-disc-front-bolt-set-of-10-8x30-mm,98 KAWASAKI NINJA ZX9 ZX-9R - BRAKE ROTOR DISC FRONT BOLT (SET OF 10) 8X30 MM | Flip and Strip,94,98 KAWASAKI NINJA ZX9 ZX-9R - BRAKE ROTOR DISC FRONT BOLT (SET OF 10) 8X30 MM. Used Kawasaki. Price: $9.87. KAWASAKI NINJA ZX7R SUB FRAME REAR CENTER / TAIL,156,200,https://flipandstrip.com/product/5791/98-kawasaki-ninja-zx9-zx-9r-brake-rotor-disc-front-bolt-set-of-10-8x30-mm,"index, follow",Kawasaki,92150-1771,used,MOTORCYCLE > KAWASAKI > KAWASAKI SPORT BIKE,2219,KAWASAKI NINJA ZX7R SUB FRAME REAR CENTER / TAIL BRACKET OEM 35011-1783 KAWASAKI NINJA ZX9R FRONT BRAKE ROTOR DISC BOLT SET (10) AS SHOWN. SEE ALL PICTURES!!,11,200,LONG_TITLE_REVIEW; IMAGE_DIMENSIONS; RESPONSIVE_IMAGE; MARKETPLACE_BOILERPLATE; EBAY_SHIPPING_COPY
5792,285921534844,https://flipandstrip.com/product/5792/89-97-suzuki-gsxf-katana-600-750-clutch-cover-right-engine-cover-oem-11340-20c00,89-97 Suzuki GSXF Katana 600 750 Clutch Cover Right Engine Cover OEM 11340-20C00 | Flip and Strip,97,89-97 Suzuki GSXF Katana 600 750 Clutch Cover Right Engine Cover OEM 11340-20C00. Used Suzuki. Price: $24.95. SUZUKI GSXR 1000 GIXXER < 05 06 > FRONT COWL,154,200,https://flipandstrip.com/product/5792/89-97-suzuki-gsxf-katana-600-750-clutch-cover-right-engine-cover-oem-11340-20c00,"index, follow",Suzuki,11340-20C00,used,MOTORCYCLE > SUZUKI > SPORT BIKE,407,SUZUKI GSXR 1000 GIXXER < 05 06 > FRONT COWL FAIRING COWLING PANEL BLUE & BLACK Suzuki 600 & 750 Katana also early GSXR 750 Clutch Cover . USED CONDITION,13,200,LONG_TITLE_REVIEW; IMAGE_DIMENSIONS; RESPONSIVE_IMAGE; MARKETPLACE_BOILERPLATE; EBAY_SHIPPING_COPY
5793,285921563840,https://flipandstrip.com/product/5793/36-69-harley-gasket-circuit-breaker-stem-10-pack-knuckle-pan-shovel-32521-36,36-69 Harley Gasket Circuit Breaker Stem 10 PACK Knuckle Pan Shovel 32521-36 | Flip and Strip,93,36-69 Harley Gasket Circuit Breaker Stem 10 PACK Knuckle Pan Shovel 32521-36. New Harley-Davidson. Price: $17.95. HARLEY DAVIDSON XL 883 1200 SPORTSTER 04-06,157,200,https://flipandstrip.com/product/5793/36-69-harley-gasket-circuit-breaker-stem-10-pack-knuckle-pan-shovel-32521-36,"index, follow",Harley-Davidson,32521-36,new,MOTORCYCLE > HARLEY DAVIDSON > HARLEY DAVIDSON,166,"HARLEY DAVIDSON XL 883 1200 SPORTSTER 04-06 CLUTCH DERBY CHROME COVER # 34742-04 Circuit Breaker Stem Gasket 10 PACK OEM # 32521-361936 -1969 Knuckle , Pan &",5,200,LONG_TITLE_REVIEW; IMAGE_DIMENSIONS; RESPONSIVE_IMAGE; MARKETPLACE_BOILERPLATE; USED_TEMPLATE_ON_NEW_ITEM
5794,286581313470,https://flipandstrip.com/product/5794/97-05-suzuki-axle-rear-gsxr-600-750-1000-tl1000-oem-64711-33e30,97-05 Suzuki Axle Rear GSXR 600 750 1000 TL1000 OEM 64711-33E30 | Flip and Strip,80,97-05 Suzuki Axle Rear GSXR 600 750 1000 TL1000 OEM 64711-33E30. Used Suzuki. Price: $9.87. SUZUKI GSXR 1000 GIXXER < 05 06 > FRONT COWL FAIRING COWLING PANEL,158,200,https://flipandstrip.com/product/5794/97-05-suzuki-axle-rear-gsxr-600-750-1000-tl1000-oem-64711-33e30,"index, follow",Suzuki,64711-33E30,used,MOTORCYCLE > SUZUKI > SPORT BIKE,138,SUZUKI GSXR 1000 GIXXER < 05 06 > FRONT COWL FAIRING COWLING PANEL BLUE & BLACK Suzuki Rear Axle 64711-33E30 Suzuki 2005GSX-R1000 2004GSX-R1000,10,200,LONG_TITLE_REVIEW; IMAGE_DIMENSIONS; RESPONSIVE_IMAGE; MARKETPLACE_BOILERPLATE
5796,285921563775,https://flipandstrip.com/product/5796/36-81-harley-davidson-big-twin-oil-change-kit-no-pain-drain-hose-5-8-18-9000-02,"36-81 Harley Davidson Big Twin Oil Change Kit No Pain Drain Hose 5/8-18"" 9000-02 | Flip and Strip",97,"36-81 Harley Davidson Big Twin Oil Change Kit No Pain Drain Hose 5/8-18"" 9000-02. New other (see details) Harley-Davidson. Price: $29.99. HARLEY DAVIDSON XL",156,200,https://flipandstrip.com/product/5796/36-81-harley-davidson-big-twin-oil-change-kit-no-pain-drain-hose-5-8-18-9000-02,"index, follow",Harley-Davidson,9000-02,used,MOTORCYCLE > HARLEY DAVIDSON > HARLEY DAVIDSON,198,HARLEY DAVIDSON XL 883 1200 SPORTSTER 04-06 CLUTCH DERBY CHROME COVER # 34742-04 Great addition to your motorcycle to make oil changes quick and clean. Package,10,200,LONG_TITLE_REVIEW; DUPLICATE_TITLE; IMAGE_DIMENSIONS; RESPONSIVE_IMAGE; MARKETPLACE_BOILERPLATE
5797,1214 FAS,https://flipandstrip.com/product/5797/yamaha-foot-peg-right-rear-yzf600r-thundercat-bracket-stay-oem-4jh-2742l-10-00,Yamaha Foot Peg Right Rear YZF600r Thundercat Bracket Stay OEM 4JH-2742L-10-00 | Flip and Strip,95,Yamaha Foot Peg Right Rear YZF600r Thundercat Bracket Stay OEM 4JH-2742L-10-00. Used Yamaha. Price: $19.87. YAMAHA YZF600R THUNDERCAT FOOT PEG AND BRACKET REAR,159,200,https://flipandstrip.com/product/5797/yamaha-foot-peg-right-rear-yzf600r-thundercat-bracket-stay-oem-4jh-2742l-10-00,"index, follow",Yamaha,4JH-2742L-10-00,used,MOTORCYCLE > YAMAHA > YZF600R / THUNDERCAT,363,YAMAHA YZF600R THUNDERCAT FOOT PEG AND BRACKET REAR RIGHT. LOW MILES (7884 MI) - USED CONDITION. HAS SCRATCHES. PLEASE ALL SEE PICTURES!!! (JB1 1214FAS),9,200,LONG_TITLE_REVIEW; IMAGE_DIMENSIONS; RESPONSIVE_IMAGE; MARKETPLACE_BOILERPLATE; EBAY_SHIPPING_COPY
5798,285921534937,https://flipandstrip.com/product/5798/90-91-honda-cbr1000f-kick-stand-side-bar-with-bracket-switch-50530-ms2-670za,90 91 Honda CBR1000F Kick Stand Side Bar with Bracket Switch 50530-MS2-670ZA | Flip and Strip,93,90 91 Honda CBR1000F Kick Stand Side Bar with Bracket Switch 50530-MS2-670ZA. Used Honda. Price: $19.95. HONDA CBR 1000F (90 - 91) KICK STAND SIDE BAR +,152,200,https://flipandstrip.com/product/5798/90-91-honda-cbr1000f-kick-stand-side-bar-with-bracket-switch-50530-ms2-670za,"index, follow",Honda,50530-MS2-670ZA,used,MOTORCYCLE > HONDA > HONDA SPORT BIKE,297,HONDA CBR 1000F (90 - 91) KICK STAND SIDE BAR + BRACKET # 50530-MS2-670ZA Honda CBR 1000F SIDE STAND WITH BRACKET AND SWITCH AS SHOWN . SEE ALL PICTURES. Honda,12,200,LONG_TITLE_REVIEW; IMAGE_DIMENSIONS; RESPONSIVE_IMAGE; MARKETPLACE_BOILERPLATE
5799,285921534944,https://flipandstrip.com/product/5799/02-03-kawasaki-right-side-cover-fairing-zx-12r-plastic-oem-red-ninja-55028-1428,02 03 Kawasaki Right Side Cover Fairing ZX-12r Plastic OEM Red Ninja 55028-1428 | Flip and Strip,96,02 03 Kawasaki Right Side Cover Fairing ZX-12r Plastic OEM Red Ninja 55028-1428. Used Kawasaki. Price: $115.00. KAWASAKI NINJA ZX6R > OIL TUBE / LINE / HOSE +,158,200,https://flipandstrip.com/product/5799/02-03-kawasaki-right-side-cover-fairing-zx-12r-plastic-oem-red-ninja-55028-1428,"index, follow",Kawasaki,55028-1428,used,MOTORCYCLE > KAWASAKI > ZX-12R,170,KAWASAKI NINJA ZX6R > OIL TUBE / LINE / HOSE + BANJO BOLTS + MORE # 51044-1179 2002-2003 Kawasaki ZX-12R Right Side Cover / Fairing. ( Will fit other years ),12,200,LONG_TITLE_REVIEW; IMAGE_DIMENSIONS; RESPONSIVE_IMAGE; MARKETPLACE_BOILERPLATE; EBAY_SHIPPING_COPY
5801,285699423702,https://flipandstrip.com/product/5801/95-03-kawasaki-zx6e-zzr-600-rear-shock-15-inch-adjustable-link-dog-bone-ninja,95-03 Kawasaki ZX6e ZZR 600 Rear Shock 15 inch Adjustable Link Dog Bone Ninja | Flip and Strip,94,"95-03 Kawasaki ZX6e ZZR 600 Rear Shock 15 inch Adjustable Link Dog Bone Ninja. Used Kawasaki. Price: $34.95. KAWASAKI ZX6E ZZR 600 > REAR 15"" COIL OVER SHOCK",157,200,https://flipandstrip.com/product/5801/95-03-kawasaki-zx6e-zzr-600-rear-shock-15-inch-adjustable-link-dog-bone-ninja,"index, follow",Kawasaki,45014-1592,used,MOTORCYCLE > KAWASAKI > KAWASAKI SPORT BIKE,273,"KAWASAKI ZX6E ZZR 600 > REAR 15"" COIL OVER SHOCK ADJUSTABLE + LINK / DOG BONE ++ THIS ITEM IS A REAR 15"" COIL OVER ADJUSTABLE SHOCK ABSORBER , UNI TRACK LINK &",12,200,LONG_TITLE_REVIEW; IMAGE_DIMENSIONS; RESPONSIVE_IMAGE; MARKETPLACE_BOILERPLATE
5803,10249 FAS,https://flipandstrip.com/product/5803/valve-spring-kit-s-s-585-harley-davidson-dyna-electra-fxr-softail-sportster-tour,Valve Spring Kit S&S 585 Harley Davidson Dyna Electra FXR Softail Sportster Tour | Flip and Strip,97,Valve Spring Kit S&S 585 Harley Davidson Dyna Electra FXR Softail Sportster Tour. New Wiseco. Price: $149.95. S&S Cycle 900-0593 Replaces Harley Davidson part,158,200,https://flipandstrip.com/product/5803/valve-spring-kit-s-s-585-harley-davidson-dyna-electra-fxr-softail-sportster-tour,"index, follow",Wiseco,WPP3032,new,MOTORCYCLE > HARLEY DAVIDSON > HARLEY CUSTOM / PERFORMANCE,952,S&S Cycle 900-0593 Replaces Harley Davidson part number 18209-06 and others. S&S Cycle.585 in. Valve Spring Kit - 900-0593 for Select Harley-Davidson,13,200,LONG_TITLE_REVIEW; IMAGE_DIMENSIONS; RESPONSIVE_IMAGE; MARKETPLACE_BOILERPLATE; EBAY_SHIPPING_COPY; USED_TEMPLATE_ON_NEW_ITEM
5804,285921534880,https://flipandstrip.com/product/5804/honda-trx-350-four-trax-foreman-air-filter-tube-duct-tube-17205-ha7-670,HONDA TRX 350 FOUR TRAX / FOREMAN - AIR FILTER TUBE / DUCT TUBE # 17205-HA7-670 | Flip and Strip,96,HONDA TRX 350 FOUR TRAX / FOREMAN - AIR FILTER TUBE / DUCT TUBE # 17205-HA7-670. Used HONDA. Price: $23.45. This item is a front air duct / tube from a 1988,156,200,https://flipandstrip.com/product/5804/honda-trx-350-four-trax-foreman-air-filter-tube-duct-tube-17205-ha7-670,"index, follow",HONDA,17205-HA7-670,used,ATV 4 WHEELER / ATC 3 WHEELER > HONDA > HONDA TRX 350,575,This item is a front air duct / tube from a 1988 Honda trx 350 D . WILL BE EXACTLY AS SHOWN IN PICTURES. SEE ALL PICTURES. THIS LIST IS A COURTESY . WE CAN NOT,12,200,LONG_TITLE_REVIEW; IMAGE_DIMENSIONS; RESPONSIVE_IMAGE; MARKETPLACE_BOILERPLATE; EBAY_SHIPPING_COPY
5805,285921534896,https://flipandstrip.com/product/5805/harley-davidson-custom-chrome-battery-plate-bracket-15204-40-584,HARLEY DAVIDSON / CUSTOM CHROME BATTERY PLATE BRACKET # 15204 / 40-584 | Flip and Strip,87,HARLEY DAVIDSON / CUSTOM CHROME BATTERY PLATE BRACKET # 15204 / 40-584. New custom chrome. Price: $9.95. HARLEY DAVIDSON XL 883 1200 SPORTSTER 04-06 CLUTCH,155,200,https://flipandstrip.com/product/5805/harley-davidson-custom-chrome-battery-plate-bracket-15204-40-584,"index, follow",custom chrome,15204,new,MOTORCYCLE > HARLEY DAVIDSON > HARLEY DAVIDSON,420,HARLEY DAVIDSON XL 883 1200 SPORTSTER 04-06 CLUTCH DERBY CHROME COVER # 34742-04,11,200,LONG_TITLE_REVIEW; DUPLICATE_SCHEMA_DESCRIPTION; IMAGE_DIMENSIONS; RESPONSIVE_IMAGE; MARKETPLACE_BOILERPLATE; EBAY_SHIPPING_COPY; USED_TEMPLATE_ON_NEW_ITEM
5806,285921534897,https://flipandstrip.com/product/5806/honda-cbr-954-900-rr-rear-coil-over-shock-11-1-4-adjustable-52400-mcj-751,"HONDA CBR 954 / 900 RR > REAR COIL OVER SHOCK 11 1/4 "" ADJUSTABLE 52400-MCJ-751 | Flip and Strip",96,"HONDA CBR 954 / 900 RR > REAR COIL OVER SHOCK 11 1/4 "" ADJUSTABLE 52400-MCJ-751. Used SHOWA. Price: $31.53. HONDA CBR 954 / 900 RR > REAR COIL OVER SHOCK 11",156,200,https://flipandstrip.com/product/5806/honda-cbr-954-900-rr-rear-coil-over-shock-11-1-4-adjustable-52400-mcj-751,"index, follow",SHOWA,52400-MCJ-751,used,MOTORCYCLE > HONDA > HONDA SPORT BIKE,533,"HONDA CBR 954 / 900 RR > REAR COIL OVER SHOCK 11 1/4 "" ADJUSTABLE 52400-MCJ-751 This item is a rear shockas shown . There are some signs ofuse and age. See all",12,200,LONG_TITLE_REVIEW; IMAGE_DIMENSIONS; RESPONSIVE_IMAGE; MARKETPLACE_BOILERPLATE; EBAY_SHIPPING_COPY
5807,285921534900,https://flipandstrip.com/product/5807/honda-trx-350-four-trax-foreman-foot-peg-rest-step-set-2-50616-ha7-650,HONDA TRX 350 FOUR TRAX / FOREMAN - FOOT PEG REST STEP (SET 2) # 50616-HA7-650 | Flip and Strip,95,HONDA TRX 350 FOUR TRAX / FOREMAN - FOOT PEG REST STEP (SET 2) # 50616-HA7-650. Used HONDA. Price: $9.87. This item is a foot peg / rest (set of 2 = 1 left and,159,200,https://flipandstrip.com/product/5807/honda-trx-350-four-trax-foreman-foot-peg-rest-step-set-2-50616-ha7-650,"index, follow",HONDA,50616-HA7-650,used,ATV 4 WHEELER / ATC 3 WHEELER > HONDA > HONDA TRX 350,464,"This item is a foot peg / rest (set of 2 = 1 left and 1 right) from a 1988 Honda trx 350 D .It has some dings , scuffs and sign of use and age.They will work",11,200,LONG_TITLE_REVIEW; IMAGE_DIMENSIONS; RESPONSIVE_IMAGE; MARKETPLACE_BOILERPLATE; EBAY_SHIPPING_COPY
5808,285921534906,https://flipandstrip.com/product/5808/kawasaki-zl-600-eliminator-and-ltd-zn700-gear-case-box-final-drive-13101-1024-7j,Kawasaki ZL 600 Eliminator and LTD ZN700 Gear Case Box Final Drive 13101-1024-7J | Flip and Strip,97,Kawasaki ZL 600 Eliminator and LTD ZN700 Gear Case Box Final Drive 13101-1024-7J. Used Kawasaki. Price: $25.00. KAWASAKI ZL 600 ELIMINATOR + LTD ZN700 FINAL,156,200,https://flipandstrip.com/product/5808/kawasaki-zl-600-eliminator-and-ltd-zn700-gear-case-box-final-drive-13101-1024-7j,"index, follow",Kawasaki,13101-1024-7J,used,MOTORCYCLE > KAWASAKI > ELIMINATOR ZL 600,218,KAWASAKI ZL 600 ELIMINATOR + LTD ZN700 FINAL DRIVE GEAR CASE BOX (1933.2 MILES) GEAR CASE / FINAL DRIVE FOR KAWASAKI ZL 600 ELIMINATOR.Nice used condition as,12,200,LONG_TITLE_REVIEW; IMAGE_DIMENSIONS; RESPONSIVE_IMAGE; MARKETPLACE_BOILERPLATE
5809,285921534912,https://flipandstrip.com/product/5809/96-99-suzuki-handlebar-clip-on-left-gsxr-750-56151-33e01-motorcycle,96-99 Suzuki Handlebar Clip On Left GSXR 750 56151-33E01 Motorcycle | Flip and Strip,84,96-99 Suzuki Handlebar Clip On Left GSXR 750 56151-33E01 Motorcycle. Used Suzuki. Price: $19.95. SUZUKI GSXR 600 + 750 GIXXER < 01-03 > COWL UNDER INNER RIGHT,158,200,https://flipandstrip.com/product/5809/96-99-suzuki-handlebar-clip-on-left-gsxr-750-56151-33e01-motorcycle,"index, follow",Suzuki,56151-33E01,used,MOTORCYCLE > SUZUKI > SPORT BIKE,195,SUZUKI GSXR 600 + 750 GIXXER < 01-03 > COWL UNDER INNER RIGHT PURPLE 94461-35F00 SUZUKI GSXR 750 left clip on handlebar as shown. SEE ALL PICTURES!! ((( JA1,8,200,LONG_TITLE_REVIEW; IMAGE_DIMENSIONS; RESPONSIVE_IMAGE; MARKETPLACE_BOILERPLATE
5810,285921534930,https://flipandstrip.com/product/5810/95-07-yamaha-bracket-yzf600r-footpeg-left-rear-rest-4jh-2741l-03-00-thundercat,95-07 Yamaha Bracket YZF600R Footpeg Left Rear Rest 4JH-2741L-03-00 Thundercat | Flip and Strip,95,95-07 Yamaha Bracket YZF600R Footpeg Left Rear Rest 4JH-2741L-03-00 Thundercat. Used Yamaha. Price: $25.00. YAMAHA YZF600R THUNDERCAT FOOT PEG AND BRACKET REAR,159,200,https://flipandstrip.com/product/5810/95-07-yamaha-bracket-yzf600r-footpeg-left-rear-rest-4jh-2741l-03-00-thundercat,"index, follow",Yamaha,4JH-2741L-03-00,used,MOTORCYCLE > YAMAHA > YZF600R / THUNDERCAT,343,YAMAHA YZF600R THUNDERCAT FOOT PEG AND BRACKET REAR LEFT. LOW MILES (9300 MI) - USED CONDITION. NEEDS A LITTLE BIT OF PAINT CLEANED OFF AS POINTED OUT IN,11,200,LONG_TITLE_REVIEW; IMAGE_DIMENSIONS; RESPONSIVE_IMAGE; MARKETPLACE_BOILERPLATE
5811,286556571470,https://flipandstrip.com/product/5811/84-86-honda-cb700s-nighthawk-shock-rear-left-coil-over-15-1-4-oem-52510-mj1-004,"84-86 HONDA CB700S NIGHTHAWK SHOCK REAR LEFT COIL OVER 15 1/4"" OEM 52510-MJ1-004 | Flip and Strip",97,"84-86 HONDA CB700S NIGHTHAWK SHOCK REAR LEFT COIL OVER 15 1/4"" OEM 52510-MJ1-004. Used Honda. Price: $19.95. HONDA CB 700 S - SHOCK REAR LEFT COIL OVER 15 1/4",158,200,https://flipandstrip.com/product/5811/84-86-honda-cb700s-nighthawk-shock-rear-left-coil-over-15-1-4-oem-52510-mj1-004,"index, follow",Honda,52510-MJ1-004,used,MOTORCYCLE > HONDA > CB 700 SC / NIGHTHAWK,286,HONDA CB 700 S - SHOCK REAR LEFT COIL OVER 15 1/4 ADJUSTABLE # 52510-MJ1-004 This is a shock rear left 15 1/4 inches from a Honda CB 700 SC . It is usedas,12,200,LONG_TITLE_REVIEW; IMAGE_DIMENSIONS; RESPONSIVE_IMAGE; MARKETPLACE_BOILERPLATE; EBAY_SHIPPING_COPY
5812,9863 FAS,https://flipandstrip.com/product/5812/yamaha-yzf-r1-cover-left-engine-02-03-stator-flywheel-crankcase-5pw-15411-00,Yamaha YZF R1 Cover Left Engine 02 - 03 Stator Flywheel Crankcase 5PW-15411-00 | Flip and Strip,95,Yamaha YZF R1 Cover Left Engine 02 - 03 Stator Flywheel Crankcase 5PW-15411-00. Used Yamaha. Price: $33.33. These parts are from a 2002 Yamaha YZF R1 Left,154,200,https://flipandstrip.com/product/5812/yamaha-yzf-r1-cover-left-engine-02-03-stator-flywheel-crankcase-5pw-15411-00,"index, follow",Yamaha,5PW-15411-00-00,used,MOTORCYCLE > YAMAHA > YAMAHA R1,36,"These parts are from a 2002 Yamaha YZF R1 Left engine cover as shown. 5PW-15411-00-00 See all pictures. Used - Has Scratches . No leaks , works great !! See",18,200,LONG_TITLE_REVIEW; IMAGE_DIMENSIONS; RESPONSIVE_IMAGE; SHORT_DESCRIPTION_REVIEW
5813,286556571596,https://flipandstrip.com/product/5813/11-15-kawasaki-zx-10r-ignition-coil-f6t570-ninja-oem-21171-0029,11-15 Kawasaki ZX-10R Ignition Coil F6T570 Ninja OEM 21171-0029 | Flip and Strip,80,11-15 Kawasaki ZX-10R Ignition Coil F6T570 Ninja OEM 21171-0029. Used Kawasaki. Price: $23.45. KAWASAKI NINJA ZX6R > OIL TUBE / LINE / HOSE + BANJO BOLTS +,155,200,https://flipandstrip.com/product/5813/11-15-kawasaki-zx-10r-ignition-coil-f6t570-ninja-oem-21171-0029,"index, follow",Kawasaki,21171-0029,used,MOTORCYCLE > KAWASAKI > ZX-10R NINJA,339,KAWASAKI NINJA ZX6R > OIL TUBE / LINE / HOSE + BANJO BOLTS + MORE # 51044-1179 11-15 Kawasaki ZX-10R Ninja ZX10R Relay Box. USED - Works PERFECT as shown in,12,200,LONG_TITLE_REVIEW; IMAGE_DIMENSIONS; RESPONSIVE_IMAGE; MARKETPLACE_BOILERPLATE; EBAY_SHIPPING_COPY
5814,286556571550,https://flipandstrip.com/product/5814/honda-trx-300-350-fourtrax-rancher-more-atv-bearing-oem-91053-hc4-000,Honda TRX 300 350 Fourtrax Rancher & More ATV Bearing OEM 91053-HC4-000 | Flip and Strip,88,Honda TRX 300 350 Fourtrax Rancher & More ATV Bearing OEM 91053-HC4-000. New Honda. Price: $9.48. HONDA TRX 300 + 350 FOURTRAX & MORE ATV > BEARING OEM #,153,200,https://flipandstrip.com/product/5814/honda-trx-300-350-fourtrax-rancher-more-atv-bearing-oem-91053-hc4-000,"index, follow",Honda,91053-HC4-000,new,ATV 4 WHEELER / ATC 3 WHEELER > HONDA > HONDA TRX 350,2177,"HONDA TRX 300 + 350 FOURTRAX & MORE ATV > BEARING OEM # 91053-HC4-000 (NEW) Bearing #91053-HC4-000 91053-HC4-000 BEARING, RADIAL BALL (6004) fits the following",11,200,LONG_TITLE_REVIEW; IMAGE_DIMENSIONS; RESPONSIVE_IMAGE; MARKETPLACE_BOILERPLATE; EBAY_SHIPPING_COPY; USED_TEMPLATE_ON_NEW_ITEM
5815,286556571537,https://flipandstrip.com/product/5815/90-91-honda-cbr1000f-hurricane-clutch-cover-right-engine-motor-oem-11331-ms2-610,90 91 Honda CBR1000F Hurricane Clutch Cover Right Engine Motor OEM 11331-MS2-610 | Flip and Strip,97,90 91 Honda CBR1000F Hurricane Clutch Cover Right Engine Motor OEM 11331-MS2-610. Used Honda. Price: $15.00. HONDA CBR 1000 F (90-91) CLUTCH COVER RIGHT ENGINE,159,200,https://flipandstrip.com/product/5815/90-91-honda-cbr1000f-hurricane-clutch-cover-right-engine-motor-oem-11331-ms2-610,"index, follow",Honda,11331-MS2-610,used,MOTORCYCLE > HONDA > HONDA SPORT BIKE,196,HONDA CBR 1000 F (90-91) CLUTCH COVER RIGHT ENGINE MOTOR COVER # 11331-MS2-610 1990-1991 Honda Hurricane CBR 1000 F CLUTCH COVER . SEE ALL PICTURES!! JCG6 24,11,200,LONG_TITLE_REVIEW; IMAGE_DIMENSIONS; RESPONSIVE_IMAGE; MARKETPLACE_BOILERPLATE
5817,286556571542,https://flipandstrip.com/product/5817/98-03-suzuki-tl1000r-exhaust-camshaft-cam-rear-tlr-oem-12704-02f60,98-03 Suzuki TL1000r Exhaust Camshaft Cam Rear TLR OEM 12704-02F60 | Flip and Strip,83,98-03 Suzuki TL1000r Exhaust Camshaft Cam Rear TLR OEM 12704-02F60. Used Suzuki. Price: $27.95. SUZUKI TL1000R TLR 98-03 > CAMSHAFT CAM EXHAUST REAR ((NICE)),157,200,https://flipandstrip.com/product/5817/98-03-suzuki-tl1000r-exhaust-camshaft-cam-rear-tlr-oem-12704-02f60,"index, follow",Suzuki,12704-02F60,used,MOTORCYCLE > SUZUKI > SPORT BIKE,325,SUZUKI TL1000R TLR 98-03 > CAMSHAFT CAM EXHAUST REAR ((NICE)) OEM # 12704-02F60 This item is a used exhaust camshaft ( rear cylinder ) as shown . Nice used,10,200,LONG_TITLE_REVIEW; IMAGE_DIMENSIONS; RESPONSIVE_IMAGE; MARKETPLACE_BOILERPLATE; EBAY_SHIPPING_COPY
5818,285921534895,https://flipandstrip.com/product/5818/kawasaki-zx6e-zzr-600-fuel-pump-relay-petrol-with-bracket-27002-1065,KAWASAKI ZX6E ZZR 600 > FUEL PUMP RELAY PETROL WITH BRACKET # 27002-1065 | Flip and Strip,89,KAWASAKI ZX6E ZZR 600 > FUEL PUMP RELAY PETROL WITH BRACKET # 27002-1065. Used Kawasaki. Price: $25.67. THIS ITEM IS A FUEL PUMP RELAYAS SHOWN FROM A 1996ZX6E,158,200,https://flipandstrip.com/product/5818/kawasaki-zx6e-zzr-600-fuel-pump-relay-petrol-with-bracket-27002-1065,"index, follow",Kawasaki,27002-1065,used,MOTORCYCLE > KAWASAKI > KAWASAKI SPORT BIKE,906,THIS ITEM IS A FUEL PUMP RELAYAS SHOWN FROM A 1996ZX6E WILL FIT OTHERS . This Kawasaki 27002-1065 RELAY-ASSY is used on these models and components:1989,12,200,LONG_TITLE_REVIEW; IMAGE_DIMENSIONS; RESPONSIVE_IMAGE; MARKETPLACE_BOILERPLATE; EBAY_SHIPPING_COPY
5819,285921534854,https://flipandstrip.com/product/5819/95-96-97-kawasaki-zx-11-gpz-1100-horn-27003-1385-lower-cover-14090-1658,95 96 97 KAWASAKI ZX-11 GPZ 1100 ~ HORN # 27003-1385 & LOWER COVER 14090-1658 | Flip and Strip,94,95 96 97 KAWASAKI ZX-11 GPZ 1100 ~ HORN # 27003-1385 & LOWER COVER 14090-1658. Used Kawasaki. Price: $33.55. KAWASAKI 95 - 97 ZX1100 GPZ > HORN # 27003-1385 &,158,200,https://flipandstrip.com/product/5819/95-96-97-kawasaki-zx-11-gpz-1100-horn-27003-1385-lower-cover-14090-1658,"index, follow",Kawasaki,27003-1385,used,MOTORCYCLE > KAWASAKI > KAWASAKI SPORT BIKE,457,"KAWASAKI 95 - 97 ZX1100 GPZ > HORN # 27003-1385 & LOWER COVER # 14090-1658 This item is a very nice used horn , lower cover & hardware as shown from a 1996",12,200,LONG_TITLE_REVIEW; IMAGE_DIMENSIONS; RESPONSIVE_IMAGE; MARKETPLACE_BOILERPLATE; EBAY_SHIPPING_COPY
5820,9445 FAS,https://flipandstrip.com/product/5820/harley-davidson-beauty-cap-cover-insert-custom-motorcycle-chopper-bobber-black,Harley Davidson Beauty Cap Cover Insert Custom Motorcycle Chopper Bobber Black | Flip and Strip,95,Harley Davidson Beauty Cap Cover Insert Custom Motorcycle Chopper Bobber Black. New other (see details) unknown. Price: $34.95. HARLEY DAVIDSON XL 883 1200,155,200,https://flipandstrip.com/product/5820/harley-davidson-beauty-cap-cover-insert-custom-motorcycle-chopper-bobber-black,"index, follow",unknown,5-7-EDGD,used,MOTORCYCLE > HARLEY DAVIDSON > HARLEY DAVIDSON,202,HARLEY DAVIDSON XL 883 1200 SPORTSTER 04-06 CLUTCH DERBY CHROME COVER # 34742-04 Harley Davidson Custom Chopper Bobber Black Cap Cover Insert ( see,11,200,LONG_TITLE_REVIEW; IMAGE_DIMENSIONS; RESPONSIVE_IMAGE; MARKETPLACE_BOILERPLATE; EBAY_SHIPPING_COPY
5821,9662 FAS,https://flipandstrip.com/product/5821/yamaha-fz750-fuel-tank-fz-750-petrol-red-white-blue-oem-1fm-24110-00-03,Yamaha FZ750 Fuel Tank FZ 750 Petrol Red White Blue OEM 1FM-24110-00-03 | Flip and Strip,88,Yamaha FZ750 Fuel Tank FZ 750 Petrol Red White Blue OEM 1FM-24110-00-03. Used Yamaha. Price: $129.95. HARLEY DAVIDSON XL 883 1200 SPORTSTER 04-06 CLUTCH DERBY,158,200,https://flipandstrip.com/product/5821/yamaha-fz750-fuel-tank-fz-750-petrol-red-white-blue-oem-1fm-24110-00-03,"index, follow",Yamaha,1FM-24110-00-03,used,MOTORCYCLE > YAMAHA > YAMAHA FZ 750,254,HARLEY DAVIDSON XL 883 1200 SPORTSTER 04-06 CLUTCH DERBY CHROME COVER # 34742-04 86 Yamaha FZ 750 Fuel Gas Tank Petrol Red White Blue # 1FM-24110-00-03 USED,23,200,LONG_TITLE_REVIEW; IMAGE_DIMENSIONS; RESPONSIVE_IMAGE; MARKETPLACE_BOILERPLATE; EBAY_SHIPPING_COPY
5822,285921563818,https://flipandstrip.com/product/5822/02-05-kawasaki-zx12-tail-fairing-zx-12r-back-cowl-rear-panel-ninja-36040-1053,02-05 Kawasaki ZX12 Tail Fairing ZX-12R Back Cowl Rear Panel Ninja 36040-1053 | Flip and Strip,94,02-05 Kawasaki ZX12 Tail Fairing ZX-12R Back Cowl Rear Panel Ninja 36040-1053. Used Kawasaki. Price: $59.95. KAWASAKI NINJA ZX6R > OIL TUBE / LINE / HOSE +,155,200,https://flipandstrip.com/product/5822/02-05-kawasaki-zx12-tail-fairing-zx-12r-back-cowl-rear-panel-ninja-36040-1053,"index, follow",Kawasaki,360401053,used,MOTORCYCLE > KAWASAKI > ZX-12R,98,KAWASAKI NINJA ZX6R > OIL TUBE / LINE / HOSE + BANJO BOLTS + MORE # 51044-1179 2002-2005 Kawasaki ZX-12R Rear Tail Fairing Cowl Panel. USED AFTERMARKET - SOME,11,200,LONG_TITLE_REVIEW; IMAGE_DIMENSIONS; RESPONSIVE_IMAGE; MARKETPLACE_BOILERPLATE
5823,285921563822,https://flipandstrip.com/product/5823/87-86-kawasaki-fender-rear-zl600-eliminator-back-tail-black-ebony-35023-1164-h8,87 86 Kawasaki Fender Rear ZL600 Eliminator Back Tail Black Ebony 35023-1164-H8 | Flip and Strip,96,87 86 Kawasaki Fender Rear ZL600 Eliminator Back Tail Black Ebony 35023-1164-H8. Used Kawasaki. Price: $24.95. KAWASAKI ZL 600 ELIMINATOR - BACK FENDER REAR,156,200,https://flipandstrip.com/product/5823/87-86-kawasaki-fender-rear-zl600-eliminator-back-tail-black-ebony-35023-1164-h8,"index, follow",Kawasaki,35023-1164-H8,used,MOTORCYCLE > KAWASAKI > ELIMINATOR ZL 600,202,KAWASAKI ZL 600 ELIMINATOR - BACK FENDER REAR TAIL BLACK EBONY # 35023-1164-H8 BACK / REAR FENDER ( BLACK / EBONY ) FOR KAWASAKI ZL 600 ELIMINATOR.Some signs,12,200,LONG_TITLE_REVIEW; IMAGE_DIMENSIONS; RESPONSIVE_IMAGE; MARKETPLACE_BOILERPLATE
5824,285921563826,https://flipandstrip.com/product/5824/85-87-kawasaki-zl900-zl1000-bracket-brake-caliper-rear-43034-1066-eliminator,85-87 Kawasaki ZL900 ZL1000 Bracket Brake Caliper Rear 43034-1066 Eliminator | Flip and Strip,93,85-87 Kawasaki ZL900 ZL1000 Bracket Brake Caliper Rear 43034-1066 Eliminator. Used Kawasaki. Price: $13.95. KAWASAKI ZL 900 ELIMINATOR > REAR BRAKE CALIPER,155,200,https://flipandstrip.com/product/5824/85-87-kawasaki-zl900-zl1000-bracket-brake-caliper-rear-43034-1066-eliminator,"index, follow",Kawasaki,43034-1066,used,MOTORCYCLE > KAWASAKI > KAWASAKI CRUISER,198,KAWASAKI ZL 900 ELIMINATOR > REAR BRAKE CALIPER HOLDER / BRACKET # 43034-1066 REAR BRAKE CALIPER HOLDER / BRACKETFOR KAWASAKI ZL 900 ELIMINATOR. SEE LIST,11,200,LONG_TITLE_REVIEW; IMAGE_DIMENSIONS; RESPONSIVE_IMAGE; MARKETPLACE_BOILERPLATE
5825,9636 FAS,https://flipandstrip.com/product/5825/harley-davidson-xl-k-sprocket-21-tooth-transmission-19-0092-replaces-35205-52a,Harley Davidson XL K Sprocket 21 Tooth Transmission 19-0092 Replaces 35205-52A | Flip and Strip,95,Harley Davidson XL K Sprocket 21 Tooth Transmission 19-0092 Replaces 35205-52A. New V-Twin Manufacturing. Price: $24.95. HARLEY DAVIDSON XL 883 1200 SPORTSTER,158,200,https://flipandstrip.com/product/5825/harley-davidson-xl-k-sprocket-21-tooth-transmission-19-0092-replaces-35205-52a,"index, follow",V-Twin Manufacturing,19-0092,new,MOTORCYCLE > HARLEY DAVIDSON > HARLEY DAVIDSON,196,HARLEY DAVIDSON XL 883 1200 SPORTSTER 04-06 CLUTCH DERBY CHROME COVER # 34742-04 PART NUMBER 19-0092 21 tooth transmission sprocket. OEM No. 35205-52A FITS XL,10,200,LONG_TITLE_REVIEW; IMAGE_DIMENSIONS; RESPONSIVE_IMAGE; MARKETPLACE_BOILERPLATE; EBAY_SHIPPING_COPY; USED_TEMPLATE_ON_NEW_ITEM
5826,356 FAS,https://flipandstrip.com/product/5826/honda-trx350-atv-air-intake-fourtrax-tube-duct-scoop-oem-17205-ha7-670,Honda TRX350 ATV Air Intake Fourtrax Tube Duct Scoop OEM 17205-HA7-670 | Flip and Strip,87,Honda TRX350 ATV Air Intake Fourtrax Tube Duct Scoop OEM 17205-HA7-670. Used Honda. Price: $25.00. HONDA TRX 350 FOUR TRAX 86 87 88 89 ATV > AIR INTAKE TUBE /,158,200,https://flipandstrip.com/product/5826/honda-trx350-atv-air-intake-fourtrax-tube-duct-scoop-oem-17205-ha7-670,"index, follow",Honda,17205-HA7-670,used,ATV 4 WHEELER / ATC 3 WHEELER > HONDA > HONDA TRX 350,245,HONDA TRX 350 FOUR TRAX 86 87 88 89 ATV > AIR INTAKE TUBE / DUCT # 17205-HA7-670 This item is a front air duct / tube from a 1987 Honda trx 350 D . WILL BE,12,200,LONG_TITLE_REVIEW; IMAGE_DIMENSIONS; RESPONSIVE_IMAGE; MARKETPLACE_BOILERPLATE; EBAY_SHIPPING_COPY
5827,285921534845,https://flipandstrip.com/product/5827/harley-davidson-motorcycle-atv-lawn-tractor-chrome-tow-ball-1-7-8,"Harley Davidson + Motorcycle + ATV + Lawn Tractor Chrome Tow Ball 1 7/8"" | Flip and Strip",89,"Harley Davidson + Motorcycle + ATV + Lawn Tractor Chrome Tow Ball 1 7/8"". New other (see details) superior. Price: $9.99. HARLEY DAVIDSON XL 883 1200 SPORTSTER",159,200,https://flipandstrip.com/product/5827/harley-davidson-motorcycle-atv-lawn-tractor-chrome-tow-ball-1-7-8,"index, follow",superior,LLP1790,used,MOTORCYCLE > HARLEY DAVIDSON > HARLEY DAVIDSON,432,HARLEY DAVIDSON XL 883 1200 SPORTSTER 04-06 CLUTCH DERBY CHROME COVER # 34742-04,10,200,LONG_TITLE_REVIEW; DUPLICATE_SCHEMA_DESCRIPTION; IMAGE_DIMENSIONS; RESPONSIVE_IMAGE; MARKETPLACE_BOILERPLATE; EBAY_SHIPPING_COPY
5828,286556571486,https://flipandstrip.com/product/5828/93-99-kawasaki-kick-stand-bracket-safety-switch-zx6e-ninja-zzr-600-34024-1287-vz,93-99 Kawasaki Kick Stand Bracket Safety Switch ZX6e Ninja ZZR 600 34024-1287-VZ | Flip and Strip,97,93-99 Kawasaki Kick Stand Bracket Safety Switch ZX6e Ninja ZZR 600 34024-1287-VZ. Used Kawasaki. Price: $20.37. KAWASAKI ZX6E ZZR 600 > SIDE STAND / KICK +,155,200,https://flipandstrip.com/product/5828/93-99-kawasaki-kick-stand-bracket-safety-switch-zx6e-ninja-zzr-600-34024-1287-vz,"index, follow",Kawasaki,34024-1287-VZ,used,MOTORCYCLE > KAWASAKI > KAWASAKI SPORT BIKE,240,"KAWASAKI ZX6E ZZR 600 > SIDE STAND / KICK + BRACKET +SAFE SWITCH # 34024-1287-VZ THIS ITEM IS A KICK STAND , BRACKET , SPRING AND SAFETY SWITCH AS SHOWN FROM A",12,200,LONG_TITLE_REVIEW; IMAGE_DIMENSIONS; RESPONSIVE_IMAGE; MARKETPLACE_BOILERPLATE
5829,286556571479,https://flipandstrip.com/product/5829/01-03-triumph-tiger-955i-fork-left-suspension-shock-straight-t2042412,01-03 Triumph Tiger 955i Fork Left Suspension Shock Straight T2042412 | Flip and Strip,86,01-03 Triumph Tiger 955i Fork Left Suspension Shock Straight T2042412. Used Triumph. Price: $119.95. TRIUMPH TIGER 955i > LEFT FORK STANCHION SUSPENSION SHOCK,158,200,https://flipandstrip.com/product/5829/01-03-triumph-tiger-955i-fork-left-suspension-shock-straight-t2042412,"index, follow",Triumph,T2042412,used,MOTORCYCLE > TRIUMPH > 955i TIGER,253,TRIUMPH TIGER 955i > LEFT FORK STANCHION SUSPENSION SHOCK STRAIGHT # T2042412 This item is a left fork as shown . There are some signs of use and age. Some,11,200,LONG_TITLE_REVIEW; IMAGE_DIMENSIONS; RESPONSIVE_IMAGE; MARKETPLACE_BOILERPLATE; EBAY_SHIPPING_COPY
5830,9530 + 9541 FAS,https://flipandstrip.com/product/5830/oil-filter-harley-davidson-xl-sportster-fxwg-fl-wide-glide-chrome-rplc-63810,Oil Filter Harley Davidson XL Sportster FXWG FL Wide Glide Chrome RPLC 63810 | Flip and Strip,93,Oil Filter Harley Davidson XL Sportster FXWG FL Wide Glide Chrome RPLC 63810. New Harley-Davidson. Price: $9.99. HARLEY DAVIDSON XL 883 1200 SPORTSTER 04-06,156,200,https://flipandstrip.com/product/5830/oil-filter-harley-davidson-xl-sportster-fxwg-fl-wide-glide-chrome-rplc-63810,"index, follow",Harley-Davidson,63782-80T,new,MOTORCYCLE > HARLEY DAVIDSON > HARLEY DAVIDSON,240,HARLEY DAVIDSON XL 883 1200 SPORTSTER 04-06 CLUTCH DERBY CHROME COVER # 34742-04 Perf-Form HD-3C Chrome Oil Filter 14-9125 HD-3COF-0028(Chrome Plated) HIGH,5,200,LONG_TITLE_REVIEW; IMAGE_DIMENSIONS; RESPONSIVE_IMAGE; MARKETPLACE_BOILERPLATE; EBAY_SHIPPING_COPY; USED_TEMPLATE_ON_NEW_ITEM
5831,285921563788,https://flipandstrip.com/product/5831/yamaha-atv-knuckle-spindle-front-right-yfm250-bear-bruin-oem-4xe-f3502-20-00,Yamaha ATV Knuckle Spindle Front Right YFM250 Bear Bruin OEM 4XE-F3502-20-00 | Flip and Strip,93,Yamaha ATV Knuckle Spindle Front Right YFM250 Bear Bruin OEM 4XE-F3502-20-00. Used Yamaha. Price: $9.99. YAMAHA YFM 250 BEAR TRACKER > KNUCKLE SPINDLE FRONT (,158,200,https://flipandstrip.com/product/5831/yamaha-atv-knuckle-spindle-front-right-yfm250-bear-bruin-oem-4xe-f3502-20-00,"index, follow",Yamaha,4XE-F3502-20-00,used,ATV 4 WHEELER / ATC 3 WHEELER > YAMAHA > YFM 250 BEAR TRACKER,259,YAMAHA YFM 250 BEAR TRACKER > KNUCKLE SPINDLE FRONT ( RH ) OEM # 4XE-F3502-20-00 THIS ITEM IS A FRONT KNUCKLE / SPINDLE FROM A YAMAHA YFM 250 BEAR TRACKER ATV,12,200,LONG_TITLE_REVIEW; IMAGE_DIMENSIONS; RESPONSIVE_IMAGE; MARKETPLACE_BOILERPLATE
5832,285921563796,https://flipandstrip.com/product/5832/93-05-kawasaki-tail-brake-light-zx6e-zzr-lamp-plate-light-bracket-23025-ninja,93-05 Kawasaki Tail Brake Light ZX6E ZZR Lamp Plate Light Bracket 23025 Ninja | Flip and Strip,94,93-05 Kawasaki Tail Brake Light ZX6E ZZR Lamp Plate Light Bracket 23025 Ninja. Used Kawasaki. Price: $20.00. KAWASAKI NINJA ZX6E ZZR > TAIL / BRAKE LIGHT LAMP,158,200,https://flipandstrip.com/product/5832/93-05-kawasaki-tail-brake-light-zx6e-zzr-lamp-plate-light-bracket-23025-ninja,"index, follow",Kawasaki,23025-1308,used,MOTORCYCLE > KAWASAKI > KAWASAKI SPORT BIKE,340,KAWASAKI NINJA ZX6E ZZR > TAIL / BRAKE LIGHT LAMP + PLATE LIGHT & BRACKET 23025- THIS ITEM IS A TAIL / BRAKE LIGHT WITH PLATE LIGHT AND BRACKET AS SHOWN FROM A,12,200,LONG_TITLE_REVIEW; IMAGE_DIMENSIONS; RESPONSIVE_IMAGE; MARKETPLACE_BOILERPLATE
5833,776 FAS,https://flipandstrip.com/product/5833/suzuki-ozark-ltf250-brake-pedal-lever-rear-atv-quad-02-06-oem-43110-05g20,Suzuki Ozark LTF250 Brake Pedal Lever Rear ATV Quad 02-06 OEM 43110-05G20 | Flip and Strip,90,Suzuki Ozark LTF250 Brake Pedal Lever Rear ATV Quad 02-06 OEM 43110-05G20. Used Suzuki. Price: $9.99. SUZUKI LT- F 250 OZARK QUAD 02 03 04 05 06 REAR BRAKE,155,200,https://flipandstrip.com/product/5833/suzuki-ozark-ltf250-brake-pedal-lever-rear-atv-quad-02-06-oem-43110-05g20,"index, follow",Suzuki,43110-05G20,used,ATV 4 WHEELER / ATC 3 WHEELER > SUZUKI,239,SUZUKI LT- F 250 OZARK QUAD 02 03 04 05 06 REAR BRAKE PEDAL LEVER # 43110-05G20 THIS ITEM IS A REAR BRAKE PEDAL / LEVER FOR SUZUKI LT- F 250 OZARK QUAD RUNNER,12,200,LONG_TITLE_REVIEW; IMAGE_DIMENSIONS; RESPONSIVE_IMAGE; MARKETPLACE_BOILERPLATE; EBAY_SHIPPING_COPY
5834,286967773757,https://flipandstrip.com/product/5834/01-05-yamaha-fz1-frame-cover-right-trim-guard-fzs1000-oem-5lv-2117m-00-00,01-05 Yamaha FZ1 Frame Cover Right Trim Guard FZS1000 OEM 5LV-2117M-00-00 | Flip and Strip,90,01-05 Yamaha FZ1 Frame Cover Right Trim Guard FZS1000 OEM 5LV-2117M-00-00. Used Yamaha. Price: $9.95. YAMAHA FZ1 FZS1000 < THERMOSTAT HOUSING + FILLER NECK #,157,200,https://flipandstrip.com/product/5834/01-05-yamaha-fz1-frame-cover-right-trim-guard-fzs1000-oem-5lv-2117m-00-00,"index, follow",Yamaha,5LV-2117M-00-00,used,MOTORCYCLE > YAMAHA > YAMAHA SPORT BIKE,168,YAMAHA FZ1 FZS1000 < THERMOSTAT HOUSING + FILLER NECK # 5LV-12417-00-00 NICE!! Yamaha part number 5LV-2117M-00-00. 01-05 Yamaha fz1 right cover. NO CRACKS,15,200,LONG_TITLE_REVIEW; IMAGE_DIMENSIONS; RESPONSIVE_IMAGE; MARKETPLACE_BOILERPLATE
5835,286556571490,https://flipandstrip.com/product/5835/mercury-mariner-outboard-30-40-hp-boat-swivel-steering-bracket-822862a-2,Mercury Mariner Outboard 30 & 40 HP Boat Swivel Steering Bracket 822862A 2 | Flip and Strip,91,Mercury Mariner Outboard 30 & 40 HP Boat Swivel Steering Bracket 822862A 2. Used MERCURY. Price: $43.21. MERCURY / MARINER 30 & 40 HP OUTBOARD SWIVEL /,151,200,https://flipandstrip.com/product/5835/mercury-mariner-outboard-30-40-hp-boat-swivel-steering-bracket-822862a-2,"index, follow",MERCURY,822862A 2,used,MARINE / BOAT PARTS > MERCURY / MARINER 40 HP,747,MERCURY / MARINER 30 & 40 HP OUTBOARD SWIVEL / STEERING BRACKET # 822862A 2 This item is a swivel / steering bracket as shown from a Mariner 40 HP 4 CYL .It is,12,200,LONG_TITLE_REVIEW; IMAGE_DIMENSIONS; RESPONSIVE_IMAGE; MARKETPLACE_BOILERPLATE; EBAY_SHIPPING_COPY
5836,286556571493,https://flipandstrip.com/product/5836/harley-davidson-forward-control-highway-foot-pegs-and-heel-rest-chrome,Harley Davidson Forward Control Highway Foot Pegs and Heel Rest Chrome | Flip and Strip,87,Harley Davidson Forward Control Highway Foot Pegs and Heel Rest Chrome. For parts or not working Kuryakyn. Price: $39.99. HARLEY DAVIDSON XL 883 1200 SPORTSTER,159,200,https://flipandstrip.com/product/5836/harley-davidson-forward-control-highway-foot-pegs-and-heel-rest-chrome,"index, follow",Kuryakyn,"unkown123, unknown123",used,MOTORCYCLE > HARLEY DAVIDSON > HARLEY DAVIDSON,301,HARLEY DAVIDSON XL 883 1200 SPORTSTER 04-06 CLUTCH DERBY CHROME COVER # 34742-04,15,200,LONG_TITLE_REVIEW; DUPLICATE_SCHEMA_DESCRIPTION; IMAGE_DIMENSIONS; RESPONSIVE_IMAGE; MARKETPLACE_BOILERPLATE; EBAY_SHIPPING_COPY
5837,285921534882,https://flipandstrip.com/product/5837/03-04-suzuki-gsxr1000-gsxr-1000-cover-fairing-front-lower-cowl-oem-94457-18g00,03 04 Suzuki GSXR1000 GSXR 1000 Cover Fairing Front Lower Cowl OEM 94457-18G00 | Flip and Strip,95,03 04 Suzuki GSXR1000 GSXR 1000 Cover Fairing Front Lower Cowl OEM 94457-18G00. Used Suzuki. Price: $12.34. SUZUKI GSXR 1000 GIXXER < 05 06 > FRONT COWL,152,200,https://flipandstrip.com/product/5837/03-04-suzuki-gsxr1000-gsxr-1000-cover-fairing-front-lower-cowl-oem-94457-18g00,"index, follow",Suzuki,"94457-18G00, 9445718G00",used,MOTORCYCLE > SUZUKI > SPORT BIKE,267,SUZUKI GSXR 1000 GIXXER < 05 06 > FRONT COWL FAIRING COWLING PANEL BLUE & BLACK SUZUKI GSXR front lower cowl as shown. SEE ALL PICTURES!! ((( 733 FAS ))),9,200,LONG_TITLE_REVIEW; IMAGE_DIMENSIONS; RESPONSIVE_IMAGE; MARKETPLACE_BOILERPLATE
5838,285921534892,https://flipandstrip.com/product/5838/honda-cb-750-1974-motorcycle-kick-start-flange-ratchet-pawl-dog-28271393000,HONDA CB 750 (1974) MOTORCYCLE - KICK START FLANGE RATCHET PAWL DOG 28271393000 | Flip and Strip,96,HONDA CB 750 (1974) MOTORCYCLE - KICK START FLANGE RATCHET PAWL DOG 28271393000. Used Honda. Price: $6.76. 1974 HONDA CB 750 KICK START FLANGE / RATCHET . See,158,200,https://flipandstrip.com/product/5838/honda-cb-750-1974-motorcycle-kick-start-flange-ratchet-pawl-dog-28271393000,"index, follow",Honda,28271393000,used,MOTORCYCLE > HONDA > CB 750,404,1974 HONDA CB 750 KICK START FLANGE / RATCHET . See All pictures!! I HAVE OTHER PARTS LISTED FOR THIS MOTORCYCLE.I WILL COMBINESHIPPING. N2 33 IF YOU CHOOSE TO,12,200,LONG_TITLE_REVIEW; IMAGE_DIMENSIONS; RESPONSIVE_IMAGE; MARKETPLACE_BOILERPLATE; EBAY_SHIPPING_COPY
5839,285921534899,https://flipandstrip.com/product/5839/97-07-yamaha-yzf600r-thundercat-oem-circlip-93440-25084-00-new,97-07 YAMAHA YZF600R THUNDERCAT OEM CIRCLIP # 93440-25084-00 (NEW) | Flip and Strip,83,97-07 YAMAHA YZF600R THUNDERCAT OEM CIRCLIP # 93440-25084-00 (NEW). New Yamaha. Price: $5.43.,93,200,https://flipandstrip.com/product/5839/97-07-yamaha-yzf600r-thundercat-oem-circlip-93440-25084-00-new,"index, follow",Yamaha,93440-25084-00,new,MOTORCYCLE > YAMAHA > YZF600R / THUNDERCAT,1192,97-07 YAMAHA YZF600R THUNDERCAT OEM CIRCLIP # 93440-25084-00 (NEW),8,200,LONG_TITLE_REVIEW; IMAGE_DIMENSIONS; RESPONSIVE_IMAGE; MARKETPLACE_BOILERPLATE; EBAY_SHIPPING_COPY; USED_TEMPLATE_ON_NEW_ITEM
5840,285921534920,https://flipandstrip.com/product/5840/97-01-suzuki-coil-set-tl1000s-tls-ignition-coils-33420-38a11-motorcycle,97-01 Suzuki Coil Set TL1000S TLS Ignition Coils 33420-38A11 Motorcycle | Flip and Strip,88,97-01 Suzuki Coil Set TL1000S TLS Ignition Coils 33420-38A11 Motorcycle. Used Suzuki. Price: $19.95. SUZUKI TL1000R + S CYLINDER REAR JUG PISTON RINGS PIN ((,157,200,https://flipandstrip.com/product/5840/97-01-suzuki-coil-set-tl1000s-tls-ignition-coils-33420-38a11-motorcycle,"index, follow",Suzuki,33420-38A11,used,MOTORCYCLE > SUZUKI > SPORT BIKE,173,SUZUKI TL1000R + S CYLINDER REAR JUG PISTON RINGS PIN (( NICE )) 11221-02F02-0F0 97 - 01 TLS SUZUKI TL1000 S COIL SET. USED CONDITION ~ SPARK PLUG CAP HAS A,11,200,LONG_TITLE_REVIEW; IMAGE_DIMENSIONS; RESPONSIVE_IMAGE; MARKETPLACE_BOILERPLATE
5841,285921534927,https://flipandstrip.com/product/5841/97-07-yamaha-yzf600r-tail-side-cover-right-blue-fairing-cowling-panel-4tv-21721,97-07 Yamaha YZF600R Tail Side Cover Right Blue Fairing Cowling Panel 4TV-21721 | Flip and Strip,96,97-07 Yamaha YZF600R Tail Side Cover Right Blue Fairing Cowling Panel 4TV-21721. Used Yamaha. Price: $49.95. YAMAHA YZF R6 + SNOW MOBILE MACHINE > THERMOSTAT,157,200,https://flipandstrip.com/product/5841/97-07-yamaha-yzf600r-tail-side-cover-right-blue-fairing-cowling-panel-4tv-21721,"index, follow",Yamaha,4TV-21721-00,used,MOTORCYCLE > YAMAHA > YZF600R / THUNDERCAT,176,YAMAHA YZF R6 + SNOW MOBILE MACHINE > THERMOSTAT HOUSING # 5EB-12413-00-00 Rear right tail / side cover from a 2005 Yamaha YZF600R. Some scratches and scuffs,12,200,LONG_TITLE_REVIEW; IMAGE_DIMENSIONS; RESPONSIVE_IMAGE; MARKETPLACE_BOILERPLATE
5842,285921534934,https://flipandstrip.com/product/5842/85-94-harley-davidson-inspection-cover-fxr-glide-chrome-5-speed-trans-42-0049,85-94 Harley Davidson Inspection Cover FXR Glide Chrome 5 Speed Trans 42-0049 | Flip and Strip,94,85-94 Harley Davidson Inspection Cover FXR Glide Chrome 5 Speed Trans 42-0049. New Harley-Davidson. Price: $29.95. HARLEY DAVIDSON XL 883 1200 SPORTSTER 04-06,158,200,https://flipandstrip.com/product/5842/85-94-harley-davidson-inspection-cover-fxr-glide-chrome-5-speed-trans-42-0049,"index, follow",Harley-Davidson,42-0049,new,MOTORCYCLE > HARLEY DAVIDSON > HARLEY DAVIDSON,198,HARLEY DAVIDSON XL 883 1200 SPORTSTER 04-06 CLUTCH DERBY CHROME COVER # 34742-04 VT 42-004985-94 FXR Chrome 5-speed inspection cover made of steel is drilled,7,200,LONG_TITLE_REVIEW; IMAGE_DIMENSIONS; RESPONSIVE_IMAGE; MARKETPLACE_BOILERPLATE; USED_TEMPLATE_ON_NEW_ITEM
5843,286556571569,https://flipandstrip.com/product/5843/86-08-harley-davidson-softail-black-fork-tins,86-08 HARLEY DAVIDSON SOFTAIL BLACK FORK TINS | Flip and Strip,62,86-08 HARLEY DAVIDSON SOFTAIL BLACK FORK TINS. New other (see details) Harley-Davidson. Price: $89.95. HARLEY DAVIDSON XL 883 1200 SPORTSTER 04-06 CLUTCH DERBY,159,200,https://flipandstrip.com/product/5843/86-08-harley-davidson-softail-black-fork-tins,"index, follow",Harley-Davidson,TR 490546,used,MOTORCYCLE > HARLEY DAVIDSON > HARLEY DAVIDSON,939,HARLEY DAVIDSON XL 883 1200 SPORTSTER 04-06 CLUTCH DERBY CHROME COVER # 34742-04,21,200,DUPLICATE_SCHEMA_DESCRIPTION; IMAGE_DIMENSIONS; RESPONSIVE_IMAGE; MARKETPLACE_BOILERPLATE; EBAY_SHIPPING_COPY
5844,286556571571,https://flipandstrip.com/product/5844/14-15-harley-davidson-adapter-harness-led-headlight-electra-glide-touring-trike,14-15 Harley Davidson Adapter Harness Led Headlight Electra Glide Touring Trike | Flip and Strip,96,14-15 Harley Davidson Adapter Harness Led Headlight Electra Glide Touring Trike. New Harley-Davidson. Price: $19.87. HARLEY DAVIDSON XL 883 1200 SPORTSTER,154,200,https://flipandstrip.com/product/5844/14-15-harley-davidson-adapter-harness-led-headlight-electra-glide-touring-trike,"index, follow",Harley-Davidson,2120-0655,new,MOTORCYCLE > HARLEY DAVIDSON > HARLEY DAVIDSON,239,HARLEY DAVIDSON XL 883 1200 SPORTSTER 04-06 CLUTCH DERBY CHROME COVER # 34742-04,7,200,LONG_TITLE_REVIEW; DUPLICATE_SCHEMA_DESCRIPTION; IMAGE_DIMENSIONS; RESPONSIVE_IMAGE; DESCRIPTION_RELEVANCE_REVIEW; MARKETPLACE_BOILERPLATE; USED_TEMPLATE_ON_NEW_ITEM
5845,286556571466,https://flipandstrip.com/product/5845/harley-davidson-switch-housings-cases-electra-road-glide-chrome-0616-0143,Harley Davidson Switch Housings Cases Electra & Road Glide Chrome 0616-0143 | Flip and Strip,92,Harley Davidson Switch Housings Cases Electra & Road Glide Chrome 0616-0143. New HARLEY DAVIDSON. Price: $45.00. HARLEY DAVIDSON XL 883 1200 SPORTSTER 04-06,156,200,https://flipandstrip.com/product/5845/harley-davidson-switch-housings-cases-electra-road-glide-chrome-0616-0143,"index, follow",HARLEY DAVIDSON,0616-0143,new,MOTORCYCLE > HARLEY DAVIDSON > HARLEY DAVIDSON,504,HARLEY DAVIDSON XL 883 1200 SPORTSTER 04-06 CLUTCH DERBY CHROME COVER # 34742-04,8,200,LONG_TITLE_REVIEW; DUPLICATE_SCHEMA_DESCRIPTION; IMAGE_DIMENSIONS; RESPONSIVE_IMAGE; MARKETPLACE_BOILERPLATE; EBAY_SHIPPING_COPY; USED_TEMPLATE_ON_NEW_ITEM
5846,286556571469,https://flipandstrip.com/product/5846/98-99-kawasaki-ninja-zx9-zx-9r-front-fork-right-46mm-x-29-3-4-oem-44083-1054,98 - 99 Kawasaki Ninja ZX9 ZX-9r Front Fork Right 46mm X 29 3/4 OEM 44083-1054 | Flip and Strip,95,98 - 99 Kawasaki Ninja ZX9 ZX-9r Front Fork Right 46mm X 29 3/4 OEM 44083-1054. Used Kawasaki. Price: $69.95. KAWASAKI NINJA ZX7R SUB FRAME REAR CENTER / TAIL,158,200,https://flipandstrip.com/product/5846/98-99-kawasaki-ninja-zx9-zx-9r-front-fork-right-46mm-x-29-3-4-oem-44083-1054,"index, follow",Kawasaki,44083-1054,used,MOTORCYCLE > KAWASAKI > KAWASAKI SPORT BIKE,279,KAWASAKI NINJA ZX7R SUB FRAME REAR CENTER / TAIL BRACKET OEM 35011-1783,12,200,LONG_TITLE_REVIEW; DUPLICATE_SCHEMA_DESCRIPTION; IMAGE_DIMENSIONS; RESPONSIVE_IMAGE; MARKETPLACE_BOILERPLATE; EBAY_SHIPPING_COPY
5847,286556571463,https://flipandstrip.com/product/5847/05-06-kawasaki-636-ninja-zx6r-zx6rr-inner-front-left-side-cover-trim-panel-oem,05 06 Kawasaki 636 Ninja ZX6r ZX6rr Inner Front Left Side Cover Trim Panel OEM | Flip and Strip,95,05 06 Kawasaki 636 Ninja ZX6r ZX6rr Inner Front Left Side Cover Trim Panel OEM. Used Kawasaki. Price: $14.95. KAWASAKI NINJA ZX6R > OIL TUBE / LINE / HOSE +,156,200,https://flipandstrip.com/product/5847/05-06-kawasaki-636-ninja-zx6r-zx6rr-inner-front-left-side-cover-trim-panel-oem,"index, follow",Kawasaki,55028-0033,used,MOTORCYCLE > KAWASAKI > KAWASAKI SPORT BIKE,239,KAWASAKI NINJA ZX6R > OIL TUBE / LINE / HOSE + BANJO BOLTS + MORE # 51044-1179 Inner front left panel / cover 05-06 Kawasaki Ninja ZX6R / 636 / ZX6RR. NO,8,200,LONG_TITLE_REVIEW; IMAGE_DIMENSIONS; RESPONSIVE_IMAGE; MARKETPLACE_BOILERPLATE
5848,286556571500,https://flipandstrip.com/product/5848/yamaha-r1-04-05-left-lower-under-cowl-fairing-plastic-cover-free-led-light,YAMAHA R1 04-05 LEFT LOWER UNDER COWL FAIRING PLASTIC COVER + FREE LED LIGHT | Flip and Strip,93,YAMAHA R1 04-05 LEFT LOWER UNDER COWL FAIRING PLASTIC COVER + FREE LED LIGHT. Used Yamaha. Price: $25.00. THIS ITEM IS A LEFT LOWER / UNDER FAIRING COWLAS,154,200,https://flipandstrip.com/product/5848/yamaha-r1-04-05-left-lower-under-cowl-fairing-plastic-cover-free-led-light,"index, follow",Yamaha,5VY-Y2808,used,MOTORCYCLE > YAMAHA > YAMAHA R1,552,THIS ITEM IS A LEFT LOWER / UNDER FAIRING COWLAS SHOWN .IT IS OFF A YAMAHA R1. THERE ARE SOME SIGNS AGE AS SHOWN IN PICTURES.I TOOK MANY PICTURES SO YOU CAN,12,200,LONG_TITLE_REVIEW; IMAGE_DIMENSIONS; RESPONSIVE_IMAGE; MARKETPLACE_BOILERPLATE; EBAY_SHIPPING_COPY
5849,286556571604,https://flipandstrip.com/product/5849/88-89-honda-trx-350-d-hub-spindle-wheel-studs-front-atv-4x4-oem-44610-ha7-650,88 89 Honda TRX 350 D Hub Spindle Wheel Studs Front Atv 4x4 OEM 44610-HA7-650 | Flip and Strip,94,88 89 Honda TRX 350 D Hub Spindle Wheel Studs Front Atv 4x4 OEM 44610-HA7-650. Used Honda. Price: $19.95. HONDA TRX 350 ATV (88-89) 4X4 - HUB + WHEEL STUDS (,157,200,https://flipandstrip.com/product/5849/88-89-honda-trx-350-d-hub-spindle-wheel-studs-front-atv-4x4-oem-44610-ha7-650,"index, follow",Honda,"44610-HA7-650, 44610HA7650",used,ATV 4 WHEELER / ATC 3 WHEELER > HONDA > HONDA TRX 350,218,HONDA TRX 350 ATV (88-89) 4X4 - HUB + WHEEL STUDS ( FRONT ) OEM # 44610-HA7-650 This item is a front hub with wheel studs as shown from a 1988 Honda trx 350 D,12,200,LONG_TITLE_REVIEW; IMAGE_DIMENSIONS; RESPONSIVE_IMAGE; MARKETPLACE_BOILERPLATE
5850,286556571601,https://flipandstrip.com/product/5850/chevrolet-gmc-suv-hummer-wire-harness-windshield-washer-fluid-bottle-20773432,Chevrolet GMC SUV Hummer Wire Harness Windshield Washer Fluid Bottle 20773432 | Flip and Strip,94,Chevrolet GMC SUV Hummer Wire Harness Windshield Washer Fluid Bottle 20773432. New Chevrolet. Price: $9.48. GM CONNECTOR - WIRE HARNESS - PIG TAIL - GM OEM,155,200,https://flipandstrip.com/product/5850/chevrolet-gmc-suv-hummer-wire-harness-windshield-washer-fluid-bottle-20773432,"index, follow",Chevrolet,20773432,new,CAR & TRUCK PARTS CLEARANCE,198,GM CONNECTOR - WIRE HARNESS - PIG TAIL - GM OEM PART # 20773432 CONNECTOR. GM PART NUMBER 20773432. Wiper / washer tank / bottle harness. 2006-2008 Buick,6,200,LONG_TITLE_REVIEW; IMAGE_DIMENSIONS; RESPONSIVE_IMAGE; MARKETPLACE_BOILERPLATE; USED_TEMPLATE_ON_NEW_ITEM
5851,286556571592,https://flipandstrip.com/product/5851/2009-bmw-r1200-gs-gas-tank-cell-cover-trim-left-motorcycle-oem-46-63-7-700-875,2009 BMW R1200 GS Gas Tank Cell Cover Trim Left Motorcycle OEM 46 63 7 700 875 | Flip and Strip,95,2009 BMW R1200 GS Gas Tank Cell Cover Trim Left Motorcycle OEM 46 63 7 700 875. Used BMW. Price: $115.00. HARLEY DAVIDSON XL 883 1200 SPORTSTER 04-06 CLUTCH,156,200,https://flipandstrip.com/product/5851/2009-bmw-r1200-gs-gas-tank-cell-cover-trim-left-motorcycle-oem-46-63-7-700-875,"index, follow",BMW,46 63 7 700 875,used,MOTORCYCLE > BMW > R1200GS,193,HARLEY DAVIDSON XL 883 1200 SPORTSTER 04-06 CLUTCH DERBY CHROME COVER # 34742-04 09 BMW R1200GS LEFT TANK COVER TRIM. 46 63 7 700 873 COVERING LEFT46 63 7 700,12,200,LONG_TITLE_REVIEW; IMAGE_DIMENSIONS; RESPONSIVE_IMAGE; MARKETPLACE_BOILERPLATE
5852,286556571585,https://flipandstrip.com/product/5852/86-87-kawasaki-zl600-eliminator-front-fork-air-right-37mm-x-30-cap-44006-1247,"86 87 Kawasaki ZL600 Eliminator Front Fork Air Right 37mm X 30"" Cap 44006-1247 | Flip and Strip",95,"86 87 Kawasaki ZL600 Eliminator Front Fork Air Right 37mm X 30"" Cap 44006-1247. Used Kawasaki. Price: $52.69. KAWASAKI ZL600 ELIMINATOR RADIATOR ( 1933.2 MILES",159,200,https://flipandstrip.com/product/5852/86-87-kawasaki-zl600-eliminator-front-fork-air-right-37mm-x-30-cap-44006-1247,"index, follow",Kawasaki,44006-1247,used,MOTORCYCLE > KAWASAKI > ELIMINATOR ZL 600,394,KAWASAKI ZL600 ELIMINATOR RADIATOR ( 1933.2 MILES ) OEM NIPPON DENSO VERY NICE RIGHT AIR FORK AND CHROME CAP AS SHOWN FOR KAWASAKI ZL 600 ELIMINATOR. 30 INCHES,12,200,LONG_TITLE_REVIEW; IMAGE_DIMENSIONS; RESPONSIVE_IMAGE; MARKETPLACE_BOILERPLATE; EBAY_SHIPPING_COPY
5853,286556571617,https://flipandstrip.com/product/5853/98-99-kawasaki-zx9-zx-9-cylinder-head-cover-intake-boot-thermostat-cover-ninja,98 99 Kawasaki ZX9 ZX-9 Cylinder Head Cover Intake Boot Thermostat Cover Ninja | Flip and Strip,95,98 99 Kawasaki ZX9 ZX-9 Cylinder Head Cover Intake Boot Thermostat Cover Ninja. Used Kawasaki. Price: $129.95. KAWASAKI NINJA ZX7R SUB FRAME REAR CENTER / TAIL,159,200,https://flipandstrip.com/product/5853/98-99-kawasaki-zx9-zx-9-cylinder-head-cover-intake-boot-thermostat-cover-ninja,"index, follow",Kawasaki,11008-1336,used,MOTORCYCLE > KAWASAKI > KAWASAKI SPORT BIKE,322,"KAWASAKI NINJA ZX7R SUB FRAME REAR CENTER / TAIL BRACKET OEM 35011-1783 KAWASAKI NINJA ZX9R CYLINDER HEAD / TOP END AS SHOWN. 92005-1331 FITTING,THERMOSTAT",12,200,LONG_TITLE_REVIEW; IMAGE_DIMENSIONS; RESPONSIVE_IMAGE; MARKETPLACE_BOILERPLATE; EBAY_SHIPPING_COPY
5855,286556571531,https://flipandstrip.com/product/5855/kawasaki-zl900-zl1000-eliminator-exhaust-pipe-1-left-outer-clamp-nuts,KAWASAKI ZL900 + ZL1000 ELIMINATOR > EXHAUST PIPE #1 LEFT OUTER + CLAMP + NUTS | Flip and Strip,95,KAWASAKI ZL900 + ZL1000 ELIMINATOR > EXHAUST PIPE #1 LEFT OUTER + CLAMP + NUTS. Used Kawasaki. Price: $79.95. KAWASAKI ZL 900 ELIMINATOR > UPPER FORK HOLDER /,158,200,https://flipandstrip.com/product/5855/kawasaki-zl900-zl1000-eliminator-exhaust-pipe-1-left-outer-clamp-nuts,"index, follow",Kawasaki,18049-1409,used,MOTORCYCLE > KAWASAKI > ELIMINATOR ZL 1000,376,KAWASAKI ZL 900 ELIMINATOR > UPPER FORK HOLDER / TRIPLE TREE + CLAMPS 44039-1124 EXHAUST PIPE #1 ( LEFT OUTER ) AND CLAMPS WITH NUTS AS SHOWN FOR KAWASAKI ZL,11,200,LONG_TITLE_REVIEW; IMAGE_DIMENSIONS; RESPONSIVE_IMAGE; MARKETPLACE_BOILERPLATE; EBAY_SHIPPING_COPY
5856,286556571534,https://flipandstrip.com/product/5856/86-honda-trx-350-fourtrax-clutch-cover-right-engine-cover-motor-11330-ha7-670,86 Honda TRX 350 FOURTRAX Clutch Cover Right Engine Cover Motor 11330-HA7-670 | Flip and Strip,94,86 Honda TRX 350 FOURTRAX Clutch Cover Right Engine Cover Motor 11330-HA7-670. Used Honda. Price: $44.95. HONDA TRX 350 FOURTRAX / FOREMAN (88) - CRANKCASE,155,200,https://flipandstrip.com/product/5856/86-honda-trx-350-fourtrax-clutch-cover-right-engine-cover-motor-11330-ha7-670,"index, follow",Honda,11330-HA7-670,used,ATV 4 WHEELER / ATC 3 WHEELER > HONDA > HONDA TRX 350,277,HONDA TRX 350 FOURTRAX / FOREMAN (88) - CRANKCASE MOTOR HOUSING # 11100-HA7-650 1986 Honda Fourtrax TRX 350 D Clutch Cover Assembly with all parts exactly as,13,200,LONG_TITLE_REVIEW; IMAGE_DIMENSIONS; RESPONSIVE_IMAGE; MARKETPLACE_BOILERPLATE; EBAY_SHIPPING_COPY
5857,286556571526,https://flipandstrip.com/product/5857/95-97-kawasaki-zx6r-foot-peg-bracket-left-rear-step-stay-35011-1736-ninja,95-97 Kawasaki ZX6R Foot Peg Bracket Left Rear Step Stay 35011-1736 Ninja | Flip and Strip,90,95-97 Kawasaki ZX6R Foot Peg Bracket Left Rear Step Stay 35011-1736 Ninja. Used KAWASAKI. Price: $9.95. KAWASAKI NINJA ZX6R > STEP / STAY / FOOT PEG BRACKET,156,200,https://flipandstrip.com/product/5857/95-97-kawasaki-zx6r-foot-peg-bracket-left-rear-step-stay-35011-1736-ninja,"index, follow",KAWASAKI,35011-1736,used,MOTORCYCLE > KAWASAKI > KAWASAKI SPORT BIKE,234,KAWASAKI NINJA ZX6R > STEP / STAY / FOOT PEG BRACKET LEFT REAR # 35011-1736 REAR PASSENGER LEFT FOOT PEG / REST / STEP STAY FROM A 1996 KAWASAKI NINJA ZX6R,12,200,LONG_TITLE_REVIEW; IMAGE_DIMENSIONS; RESPONSIVE_IMAGE; MARKETPLACE_BOILERPLATE
5858,286556571579,https://flipandstrip.com/product/5858/honda-cbr1000f-hurricane-instrument-warning-lights-pilot-box-oem-37600-ms2-851,Honda CBR1000F Hurricane Instrument Warning Lights Pilot Box OEM 37600-MS2-851 | Flip and Strip,95,Honda CBR1000F Hurricane Instrument Warning Lights Pilot Box OEM 37600-MS2-851. For parts or not working Honda. Price: $9.99. HONDA CBR 1000 F > INSTRUMENT /,157,200,https://flipandstrip.com/product/5858/honda-cbr1000f-hurricane-instrument-warning-lights-pilot-box-oem-37600-ms2-851,"index, follow",Honda,37600-MS2-851,used,MOTORCYCLE > HONDA > HONDA SPORT BIKE,264,HONDA CBR 1000 F > INSTRUMENT / WARNING LIGHTS PILOT BOX OEM # 37600-MS2-851 This item is a Honda CBR 1000F INSTRUMENT LIGHT ASSY. LIGHTS HAVE BEEN TESTED AND,12,200,LONG_TITLE_REVIEW; IMAGE_DIMENSIONS; RESPONSIVE_IMAGE; MARKETPLACE_BOILERPLATE
5859,286556571564,https://flipandstrip.com/product/5859/harley-davidson-oil-filter-chrome-flt-fxr-fxst-xl-flst-emgo-replaces-63796-77t,Harley Davidson Oil Filter Chrome FLT FXR FXST XL FLST EMGO Replaces 63796-77T | Flip and Strip,95,Harley Davidson Oil Filter Chrome FLT FXR FXST XL FLST EMGO Replaces 63796-77T. New Harley-Davidson. Price: $14.95. HARLEY DAVIDSON XL 883 1200 SPORTSTER 04-06,159,200,https://flipandstrip.com/product/5859/harley-davidson-oil-filter-chrome-flt-fxr-fxst-xl-flst-emgo-replaces-63796-77t,"index, follow",Harley-Davidson,40-0709,new,MOTORCYCLE > HARLEY DAVIDSON > HARLEY DAVIDSON,209,HARLEY DAVIDSON XL 883 1200 SPORTSTER 04-06 CLUTCH DERBY CHROME COVER # 34742-04 40-0709V-TWIN TALLCHROMESPIN ON RACE QUALITY OIL FILTER VT No: 40-0709 OEM No,10,200,LONG_TITLE_REVIEW; IMAGE_DIMENSIONS; RESPONSIVE_IMAGE; MARKETPLACE_BOILERPLATE; EBAY_SHIPPING_COPY; USED_TEMPLATE_ON_NEW_ITEM
5860,286556571566,https://flipandstrip.com/product/5860/01-05-yamaha-fz1-fzs1000-mirror-left-5lv-26280-00-00,01-05 Yamaha FZ1 FZS1000 Mirror Left 5LV-26280-00-00 | Flip and Strip,69,01-05 Yamaha FZ1 FZS1000 Mirror Left 5LV-26280-00-00. Used Yamaha. Price: $14.95. YAMAHA FZ1 FZS1000 < THERMOSTAT HOUSING + FILLER NECK # 5LV-12417-00-00,153,200,https://flipandstrip.com/product/5860/01-05-yamaha-fz1-fzs1000-mirror-left-5lv-26280-00-00,"index, follow",Yamaha,5LV-26280-00-00,used,MOTORCYCLE > YAMAHA > YAMAHA SPORT BIKE,395,YAMAHA FZ1 FZS1000 < THERMOSTAT HOUSING + FILLER NECK # 5LV-12417-00-00 NICE!! THIS ITEM IS A LEFT MIRROR AS SHOWN . SOME SCUFFS AND SCRATCHED ON HOUSING AS,10,200,IMAGE_DIMENSIONS; RESPONSIVE_IMAGE; MARKETPLACE_BOILERPLATE; EBAY_SHIPPING_COPY
5861,285921534846,https://flipandstrip.com/product/5861/honda-cbr-1100-xx-black-bird-misc-parts-as-shown-52109-mat-e00,HONDA CBR 1100 XX BLACK BIRD > MISC PARTS AS SHOWN ~ 52109-MAT-E00 | Flip and Strip,83,HONDA CBR 1100 XX BLACK BIRD > MISC PARTS AS SHOWN ~ 52109-MAT-E00. Used HONDA. Price: $17.26. THIS SALE IS FOR THE PARTS AS SHOWN. FROM A 2002 HONDA BLACKBIRD,159,200,https://flipandstrip.com/product/5861/honda-cbr-1100-xx-black-bird-misc-parts-as-shown-52109-mat-e00,"index, follow",HONDA,52109-MAT-E00,used,MOTORCYCLE > HONDA > HONDA SPORT BIKE,369,"THIS SALE IS FOR THE PARTS AS SHOWN. FROM A 2002 HONDA BLACKBIRD CBR 1100XX. USED CONDITION. HAS SOME SCRAPES , SCUFFS AND SIGNS OF USE AND AGE. SEE ALL",9,200,LONG_TITLE_REVIEW; IMAGE_DIMENSIONS; RESPONSIVE_IMAGE; MARKETPLACE_BOILERPLATE; EBAY_SHIPPING_COPY
5865,287070499554,https://flipandstrip.com/product/5865/citizen-eco-drive-watch-e870-s015294-calibre-8700-gold-silver-2-tone-black-dial,Citizen Eco Drive Watch E870-S015294 Calibre 8700 Gold Silver 2 Tone Black Dial | Flip and Strip,96,Citizen Eco Drive Watch E870-S015294 Calibre 8700 Gold Silver 2 Tone Black Dial. Pre-owned - Good Citizen. Price: $285.00. Old world inspiration meets new,154,200,https://flipandstrip.com/product/5865/citizen-eco-drive-watch-e870-s015294-calibre-8700-gold-silver-2-tone-black-dial,"index, follow",Citizen,Citizen Eco-Drive,used,WATCHES  / BIKER GIFTS,258,Old world inspiration meets new world technology in this retrograde perpetual calendar with alarm unlike any other. This stainless steel two-tone watch,24,200,LONG_TITLE_REVIEW; IMAGE_DIMENSIONS; RESPONSIVE_IMAGE; DESCRIPTION_RELEVANCE_REVIEW; MARKETPLACE_BOILERPLATE; EBAY_SHIPPING_COPY
5867,1045FAS,https://flipandstrip.com/product/5867/rebel-prop-15-3-4-x-15-lh-15-spline-hub-kit-stainless-propeller-brp-counter,Rebel Prop 15 3/4 X 15 (LH) 15 Spline HUB KIT STAINLESS PROPELLER BRP COUNTER | Flip and Strip,94,Rebel Prop 15 3/4 X 15 (LH) 15 Spline HUB KIT STAINLESS PROPELLER BRP COUNTER. New other (see details) Evinrude. Price: $339.95. MERCURY / MARINER 40 HP 4 CYL,158,200,https://flipandstrip.com/product/5867/rebel-prop-15-3-4-x-15-lh-15-spline-hub-kit-stainless-propeller-brp-counter,"index, follow",Evinrude,0763985,used,MARINE / BOAT PARTS > EVINRUDE / JOHNSON,520,MERCURY / MARINER 40 HP 4 CYL ( LOWER COWL SKIRT TRIM COVER ) NLA # 18871T 6 0763985 PROP 3X 15 3/4 X15LX AND 0177283 HUB KIT. This prop comes with box and hub,12,200,LONG_TITLE_REVIEW; IMAGE_DIMENSIONS; RESPONSIVE_IMAGE; MARKETPLACE_BOILERPLATE; EBAY_SHIPPING_COPY
5868,285921534870,https://flipandstrip.com/product/5868/yamaha-yfm-raptor-80-transmission-shift-drum-cam-forks-29f-18512-00-00,YAMAHA YFM RAPTOR 80 > TRANSMISSION SHIFT DRUM / CAM + FORKS # 29F-18512-00-00 | Flip and Strip,95,"YAMAHA YFM RAPTOR 80 > TRANSMISSION SHIFT DRUM / CAM + FORKS # 29F-18512-00-00. Used YAMAHA. Price: $23.45. THIS ITEM IS A SHIFT DRUM / CAM , FORKS AND OTHER",157,200,https://flipandstrip.com/product/5868/yamaha-yfm-raptor-80-transmission-shift-drum-cam-forks-29f-18512-00-00,"index, follow",YAMAHA,29F-18512-00-00,used,ATV 4 WHEELER / ATC 3 WHEELER > YAMAHA > YFM 80 RAPTOR,433,"THIS ITEM IS A SHIFT DRUM / CAM , FORKS AND OTHER PARTS AS SHOWN FROM A 2005 YAMAHA YFM 80 RAPTOR ATV . THE PART WILL BE THE EXACT PART AS SHOWN IN PICTURES",12,200,LONG_TITLE_REVIEW; IMAGE_DIMENSIONS; RESPONSIVE_IMAGE; MARKETPLACE_BOILERPLATE; EBAY_SHIPPING_COPY
5869,285921534873,https://flipandstrip.com/product/5869/96-97-98-99-suzuki-gsxr-750-rear-adjustable-coil-over-shock-62100-33e00-nice,96 97 98 99 SUZUKI GSXR 750 REAR ADJUSTABLE COIL OVER SHOCK # 62100-33E00 (NICE) | Flip and Strip,97,96 97 98 99 SUZUKI GSXR 750 REAR ADJUSTABLE COIL OVER SHOCK # 62100-33E00 (NICE). Used Suzuki. Price: $29.95. SUZUKI GSXR 600 + 750 GIXXER < 01-03 > COWL UNDER,159,200,https://flipandstrip.com/product/5869/96-97-98-99-suzuki-gsxr-750-rear-adjustable-coil-over-shock-62100-33e00-nice,"index, follow",Suzuki,62100-33E00,used,MOTORCYCLE > SUZUKI > SPORT BIKE,414,SUZUKI GSXR 600 + 750 GIXXER < 01-03 > COWL UNDER INNER RIGHT PURPLE 94461-35F00 SUZUKI GSXR 750 REAR ADJUSTABLE SHOCK as shown. SEE ALL PICTURES!! ((( JA2,8,200,LONG_TITLE_REVIEW; IMAGE_DIMENSIONS; RESPONSIVE_IMAGE; MARKETPLACE_BOILERPLATE
5870,285921563806,https://flipandstrip.com/product/5870/94-98-yamaha-headlight-assembly-yzf600-yzf750-fzr1000-oem-4fm-84320-40-00,94-98 Yamaha Headlight Assembly YZF600 YZF750 FZR1000 OEM 4FM-84320-40-00 | Flip and Strip,90,94-98 Yamaha Headlight Assembly YZF600 YZF750 FZR1000 OEM 4FM-84320-40-00. Used Yamaha. Price: $49.95. YAMAHA YZF600 + 750 FZR1000 > HEADLIGHT LAMP ASSEMBLY +,158,200,https://flipandstrip.com/product/5870/94-98-yamaha-headlight-assembly-yzf600-yzf750-fzr1000-oem-4fm-84320-40-00,"index, follow",Yamaha,4FM-84320-40-00,used,MOTORCYCLE > YAMAHA > FZR 1000,355,YAMAHA YZF600 + 750 FZR1000 > HEADLIGHT LAMP ASSEMBLY + BODY # 4FM-84320-40-00 HEADLIGHT ASSEMBLY WITH BODY AS SHOWN . WORKS GREAT. This Yamaha 4FM-84320-40-00,12,200,LONG_TITLE_REVIEW; IMAGE_DIMENSIONS; RESPONSIVE_IMAGE; MARKETPLACE_BOILERPLATE
5871,9413 FAS,https://flipandstrip.com/product/5871/kawasaki-zx12-fairing-front-cowl-zx-12r-nose-red-aftermarket-55028-1425-ninja,Kawasaki ZX12 Fairing Front Cowl ZX-12r Nose Red Aftermarket 55028-1425 Ninja | Flip and Strip,94,Kawasaki ZX12 Fairing Front Cowl ZX-12r Nose Red Aftermarket 55028-1425 Ninja. Used Kawasaki. Price: $65.00. KAWASAKI NINJA ZX6R > OIL TUBE / LINE / HOSE +,155,200,https://flipandstrip.com/product/5871/kawasaki-zx12-fairing-front-cowl-zx-12r-nose-red-aftermarket-55028-1425-ninja,"index, follow",Kawasaki,55028-1425,used,MOTORCYCLE > KAWASAKI > ZX-12R,277,KAWASAKI NINJA ZX6R > OIL TUBE / LINE / HOSE + BANJO BOLTS + MORE # 51044-1179 2002-2005 Kawasaki ZX-12R front fairing USED AFTERMARKET - HAS A CRACK SOME,12,200,LONG_TITLE_REVIEW; IMAGE_DIMENSIONS; RESPONSIVE_IMAGE; MARKETPLACE_BOILERPLATE; EBAY_SHIPPING_COPY
5872,285921563812,https://flipandstrip.com/product/5872/suzuki-gsxr-1000-seat-latch-lock-oem-45220-47h00-bking-bandit-katana-quadsport,Suzuki GSXR 1000 Seat Latch Lock OEM 45220-47H00 Bking Bandit Katana Quadsport | Flip and Strip,95,Suzuki GSXR 1000 Seat Latch Lock OEM 45220-47H00 Bking Bandit Katana Quadsport. Used Suzuki. Price: $14.95. SUZUKI GSXR 1000 GIXXER < 05 06 > FRONT COWL,152,200,https://flipandstrip.com/product/5872/suzuki-gsxr-1000-seat-latch-lock-oem-45220-47h00-bking-bandit-katana-quadsport,"index, follow",Suzuki,45220-47H00,used,MOTORCYCLE > SUZUKI > SPORT BIKE,1432,SUZUKI GSXR 1000 GIXXER < 05 06 > FRONT COWL FAIRING COWLING PANEL BLUE & BLACK SUZUKI GSXR seat latch as shown. Works great !! SEE ALL PICTURES!! ((( 751 FAS,10,200,LONG_TITLE_REVIEW; IMAGE_DIMENSIONS; RESPONSIVE_IMAGE; MARKETPLACE_BOILERPLATE
5873,285921534847,https://flipandstrip.com/product/5873/2011-harley-davidson-883-l-super-low-front-motor-mounts-tie-links-brackets,2011 HARLEY DAVIDSON 883 L SUPER LOW FRONT MOTOR MOUNTS ( TIE LINKS & BRACKETS ) | Flip and Strip,97,2011 HARLEY DAVIDSON 883 L SUPER LOW FRONT MOTOR MOUNTS ( TIE LINKS & BRACKETS ). Used Harley-Davidson. Price: $19.95. HARLEY DAVIDSON XL 883 1200 SPORTSTER,156,200,https://flipandstrip.com/product/5873/2011-harley-davidson-883-l-super-low-front-motor-mounts-tie-links-brackets,"index, follow",Harley-Davidson,16232-04B,used,MOTORCYCLE > HARLEY DAVIDSON > 883 SPORTSTER,420,HARLEY DAVIDSON XL 883 1200 SPORTSTER 04-06 CLUTCH DERBY CHROME COVER # 34742-04,9,200,LONG_TITLE_REVIEW; DUPLICATE_SCHEMA_DESCRIPTION; IMAGE_DIMENSIONS; RESPONSIVE_IMAGE; MARKETPLACE_BOILERPLATE; EBAY_SHIPPING_COPY
5875,285921563789,https://flipandstrip.com/product/5875/02-03-honda-cbr954-brake-rotor-disc-bolts-screws-set-4-rear-8-x-24-90105-mbb-000,02 03 Honda CBR954 Brake Rotor Disc Bolts Screws Set 4 Rear 8 X 24 90105-MBB-000 | Flip and Strip,97,02 03 Honda CBR954 Brake Rotor Disc Bolts Screws Set 4 Rear 8 X 24 90105-MBB-000. Used Honda. Price: $6.97. HONDA CBR 954 > REAR BRAKE ROTOR / DISC 8 X 24 BOLT,159,200,https://flipandstrip.com/product/5875/02-03-honda-cbr954-brake-rotor-disc-bolts-screws-set-4-rear-8-x-24-90105-mbb-000,"index, follow",Honda,90105-MBB-000,used,MOTORCYCLE > HONDA > HONDA SPORT BIKE,180,HONDA CBR 954 > REAR BRAKE ROTOR / DISC 8 X 24 BOLT ( SET 4 ) # 90105-MBB-000 2002 HONDA CBR 900 RR & 954 - REAR BRAKE ROTOR SHOULDER BOLTS 8 X 24 MM SET OF 4,10,200,LONG_TITLE_REVIEW; IMAGE_DIMENSIONS; RESPONSIVE_IMAGE; MARKETPLACE_BOILERPLATE
5876,409 FAS,https://flipandstrip.com/product/5876/91-94-honda-cbr600f2-cover-speedometer-rubber-upper-top-flap-gauge-37113-mv9-601,91-94 Honda CBR600F2 Cover Speedometer Rubber Upper Top Flap Gauge 37113-MV9-601 | Flip and Strip,97,91-94 Honda CBR600F2 Cover Speedometer Rubber Upper Top Flap Gauge 37113-MV9-601. Used Honda. Price: $11.38. HONDA CBR 600 F2 91-94 > UPPER TOP COVER FLAP,154,200,https://flipandstrip.com/product/5876/91-94-honda-cbr600f2-cover-speedometer-rubber-upper-top-flap-gauge-37113-mv9-601,"index, follow",Honda,37113-MV9-601,used,MOTORCYCLE > HONDA > CBR 600,410,HONDA CBR 600 F2 91-94 > UPPER TOP COVER FLAP SPEEDO METER GAUGE # 37113-MV9-601 HONDA CBR 600 UPPER COVER WITH BRACKET METER GAUGE AS SHOWN . USED - SEE ALL,12,200,LONG_TITLE_REVIEW; IMAGE_DIMENSIONS; RESPONSIVE_IMAGE; MARKETPLACE_BOILERPLATE; EBAY_SHIPPING_COPY
5878,285921534893,https://flipandstrip.com/product/5878/honda-vfr800-starter-solenoid-relay-magnetic-starter-switch-battery-cover-1998,Honda VFR800 Starter Solenoid Relay Magnetic Starter Switch Battery Cover 1998 | Flip and Strip,95,Honda VFR800 Starter Solenoid Relay Magnetic Starter Switch Battery Cover 1998. Used Honda. Price: $24.95. HONDA CBR 600 RR 03-04 - FUEL TANK COVER SHELTER TOP,159,200,https://flipandstrip.com/product/5878/honda-vfr800-starter-solenoid-relay-magnetic-starter-switch-battery-cover-1998,"index, follow",Honda,35850-MT4-003,used,MOTORCYCLE > HONDA > VFR 800 INTERCEPTOR,413,HONDA CBR 600 RR 03-04 - FUEL TANK COVER SHELTER TOP BLACK # 83150-MEE-970ZC HONDA VFR800 INTERCEPTOR STARTER SOLENOID MAGNETIC SWITCH WITH BATTERY COVER AS,12,200,LONG_TITLE_REVIEW; IMAGE_DIMENSIONS; RESPONSIVE_IMAGE; MARKETPLACE_BOILERPLATE; EBAY_SHIPPING_COPY
5879,285921534904,https://flipandstrip.com/product/5879/91-98-honda-cbr-600-f2-f3-handlebar-clip-on-left-motorcycle-oem-53150-mv9-000,91-98 Honda CBR 600 F2 F3 Handlebar Clip On Left Motorcycle OEM 53150-MV9-000 | Flip and Strip,94,91-98 Honda CBR 600 F2 F3 Handlebar Clip On Left Motorcycle OEM 53150-MV9-000. Used Honda. Price: $14.65. HONDA CBR 600 F2 +F3 MOTORCYCLE ( 91-98 ) HANDLEBAR,157,200,https://flipandstrip.com/product/5879/91-98-honda-cbr-600-f2-f3-handlebar-clip-on-left-motorcycle-oem-53150-mv9-000,"index, follow",Honda,53150-MV9-000,used,MOTORCYCLE > HONDA > CBR 600,390,"HONDA CBR 600 F2 +F3 MOTORCYCLE ( 91-98 ) HANDLEBAR CLIP ON LEFT # 53150-MV9-000 HONDA CBR 600 LEFT CLIP ON.SOME SCRATCHES , SCUFFS AND SIGNS OF USE AND AGE",12,200,LONG_TITLE_REVIEW; IMAGE_DIMENSIONS; RESPONSIVE_IMAGE; MARKETPLACE_BOILERPLATE
5880,285921534905,https://flipandstrip.com/product/5880/02-03-yamaha-r1-yzf-trim-fuel-gas-tank-covers-black-oem-5pw-24129-00-00,02 03 Yamaha R1 YZF Trim Fuel Gas Tank Covers Black OEM 5PW-24129-00-00 | Flip and Strip,88,02 03 Yamaha R1 YZF Trim Fuel Gas Tank Covers Black OEM 5PW-24129-00-00. Used Yamaha. Price: $24.95. HARLEY DAVIDSON XL 883 1200 SPORTSTER 04-06 CLUTCH DERBY,157,200,https://flipandstrip.com/product/5880/02-03-yamaha-r1-yzf-trim-fuel-gas-tank-covers-black-oem-5pw-24129-00-00,"index, follow",Yamaha,"5PW-24129-00-00, 5PW241290000",used,MOTORCYCLE > YAMAHA > YAMAHA R1,225,HARLEY DAVIDSON XL 883 1200 SPORTSTER 04-06 CLUTCH DERBY CHROME COVER # 34742-04 2002 - 2003 Yamaha R1 Lower Fuel Tank Trim set. USED - ONE SIDE HAS A CRACK,13,200,LONG_TITLE_REVIEW; IMAGE_DIMENSIONS; RESPONSIVE_IMAGE; MARKETPLACE_BOILERPLATE; EBAY_SHIPPING_COPY
5881,285921534909,https://flipandstrip.com/product/5881/05-harley-davidson-sportster-xl1200c-oil-tank-cover-right-side-cover-black,05 Harley Davidson Sportster XL1200c Oil Tank Cover Right Side Cover Black | Flip and Strip,91,05 Harley Davidson Sportster XL1200c Oil Tank Cover Right Side Cover Black. Used Harley-Davidson. Price: $29.87. 05 HARLEY DAVIDSON SPORTSTER XL1200C ((PART,156,200,https://flipandstrip.com/product/5881/05-harley-davidson-sportster-xl1200c-oil-tank-cover-right-side-cover-black,"index, follow",Harley-Davidson,57200092DH,used,MOTORCYCLE > HARLEY DAVIDSON > HARLEY DAVIDSON,253,05 HARLEY DAVIDSON SPORTSTER XL1200C ((PART OUT)) Video will open in a new window Using the mobile app? Copy this link into your browser: HARLEY DAVIDSON XL,12,200,LONG_TITLE_REVIEW; DUPLICATE_SCHEMA_DESCRIPTION; IMAGE_DIMENSIONS; RESPONSIVE_IMAGE; MARKETPLACE_BOILERPLATE
5882,286556571581,https://flipandstrip.com/product/5882/97-07-yamaha-yzf600r-thundercat-coil-plate-cover-bracket-including-strap-bands,97-07 Yamaha YZF600r Thundercat Coil Plate Cover Bracket Including Strap Bands | Flip and Strip,95,97-07 Yamaha YZF600r Thundercat Coil Plate Cover Bracket Including Strap Bands. Used Yamaha. Price: $9.87. YAMAHA YZF R6 + SNOW MOBILE MACHINE > THERMOSTAT,155,200,https://flipandstrip.com/product/5882/97-07-yamaha-yzf600r-thundercat-coil-plate-cover-bracket-including-strap-bands,"index, follow",Yamaha,4TV-2117M-00-00,used,MOTORCYCLE > YAMAHA > YZF600R / THUNDERCAT,373,YAMAHA YZF R6 + SNOW MOBILE MACHINE > THERMOSTAT HOUSING # 5EB-12413-00-00 Ignition coil plate / cover / bracket from a 2005 Yamaha YZF600R. This bike had,11,200,LONG_TITLE_REVIEW; IMAGE_DIMENSIONS; RESPONSIVE_IMAGE; MARKETPLACE_BOILERPLATE
5883,286556571607,https://flipandstrip.com/product/5883/harley-davidson-wide-blade-brake-lever-chrome-slotted-0613-0026-573908,Harley Davidson Wide Blade Brake Lever Chrome Slotted 0613-0026 / 573908 | Flip and Strip,89,Harley Davidson Wide Blade Brake Lever Chrome Slotted 0613-0026 / 573908. New Harley-Davidson. Price: $24.95. HARLEY DAVIDSON XL 883 1200 SPORTSTER 04-06,153,200,https://flipandstrip.com/product/5883/harley-davidson-wide-blade-brake-lever-chrome-slotted-0613-0026-573908,"index, follow",Harley-Davidson,0613-0026,new,MOTORCYCLE > HARLEY DAVIDSON > HARLEY DAVIDSON,1107,HARLEY DAVIDSON XL 883 1200 SPORTSTER 04-06 CLUTCH DERBY CHROME COVER # 34742-04,7,200,LONG_TITLE_REVIEW; DUPLICATE_SCHEMA_DESCRIPTION; IMAGE_DIMENSIONS; RESPONSIVE_IMAGE; MARKETPLACE_BOILERPLATE; EBAY_SHIPPING_COPY; USED_TEMPLATE_ON_NEW_ITEM
5884,286556571552,https://flipandstrip.com/product/5884/97-kawasaki-gpz1100-zx-11-brake-abs-electronic-module-ecu-computer-21175-1060,97 Kawasaki GPZ1100 ZX-11 Brake ABS Electronic Module ECU Computer 21175-1060 | Flip and Strip,94,97 Kawasaki GPZ1100 ZX-11 Brake ABS Electronic Module ECU Computer 21175-1060. Used Kawasaki. Price: $169.95. KAWASAKI ZX1100 GPZ BRAKE ABS ELECTRONIC CONTROL,158,200,https://flipandstrip.com/product/5884/97-kawasaki-gpz1100-zx-11-brake-abs-electronic-module-ecu-computer-21175-1060,"index, follow",Kawasaki,21175-1060,used,MOTORCYCLE > KAWASAKI > KAWASAKI SPORT BIKE,325,KAWASAKI ZX1100 GPZ BRAKE ABS ELECTRONIC CONTROL UNIT ECU COMPUTER # 21175-1060 This item is a brake ABS Electronic Control Unit / ECU / computer with rubber,12,200,LONG_TITLE_REVIEW; IMAGE_DIMENSIONS; RESPONSIVE_IMAGE; MARKETPLACE_BOILERPLATE; EBAY_SHIPPING_COPY
5886,285921534851,https://flipandstrip.com/product/5886/99-08-harley-davidson-flt-touring-clean-oil-change-tray-tool-great-biker-gift,99-08 HARLEY DAVIDSON FLT / TOURING CLEAN OIL CHANGE TRAY TOOL GREAT BIKER GIFT | Flip and Strip,96,99-08 HARLEY DAVIDSON FLT / TOURING CLEAN OIL CHANGE TRAY TOOL GREAT BIKER GIFT. New Drag Specialties. Price: $12.95. HARLEY DAVIDSON XL 883 1200 SPORTSTER,155,200,https://flipandstrip.com/product/5886/99-08-harley-davidson-flt-touring-clean-oil-change-tray-tool-great-biker-gift,"index, follow",Drag Specialties,DS310249,new,MOTORCYCLE > HARLEY DAVIDSON > HARLEY DAVIDSON,208,HARLEY DAVIDSON XL 883 1200 SPORTSTER 04-06 CLUTCH DERBY CHROME COVER # 34742-04 Oil Change Tray Tool. Make the oil change a much cleaner job with this handy,9,200,LONG_TITLE_REVIEW; IMAGE_DIMENSIONS; RESPONSIVE_IMAGE; MARKETPLACE_BOILERPLATE; EBAY_SHIPPING_COPY; USED_TEMPLATE_ON_NEW_ITEM
5887,285921534862,https://flipandstrip.com/product/5887/1989-1990-yamaha-fzr-1000-oil-cooler-support-bracket-front-3gm-2136a-00-00,1989 - 1990 YAMAHA FZR 1000 OIL COOLER SUPPORT BRACKET FRONT 3GM-2136A-00-00 | Flip and Strip,93,1989 - 1990 YAMAHA FZR 1000 OIL COOLER SUPPORT BRACKET FRONT 3GM-2136A-00-00. Used Yamaha. Price: $29.95. Please visit my eBay Store for more parts !!!!1989,156,200,https://flipandstrip.com/product/5887/1989-1990-yamaha-fzr-1000-oil-cooler-support-bracket-front-3gm-2136a-00-00,"index, follow",Yamaha,3GM-2136A-00-00,used,MOTORCYCLE > YAMAHA > YAMAHA SPORT BIKE,435,Please visit my eBay Store for more parts !!!!1989 - 1990 YAMAHA FZR1000 OIL COOLER SUPPORT BRACKET AS SHOWN IN PICTURES. COMES EXACTLY AS SHOWN IN PICTURES,9,200,LONG_TITLE_REVIEW; IMAGE_DIMENSIONS; RESPONSIVE_IMAGE; MARKETPLACE_BOILERPLATE; EBAY_SHIPPING_COPY
5888,285921534871,https://flipandstrip.com/product/5888/suzuki-tl1000r-cam-chain-tensioners-guides-sprockets-tlr-oem-12832-05a10,SUZUKI TL1000R Cam Chain Tensioners Guides Sprockets TLR OEM 12832-05A10 | Flip and Strip,89,SUZUKI TL1000R Cam Chain Tensioners Guides Sprockets TLR OEM 12832-05A10. Used Suzuki. Price: $24.42. SUZUKI TL1000R TLR > CAM CHAIN + TENSIONERS + GUIDES +,156,200,https://flipandstrip.com/product/5888/suzuki-tl1000r-cam-chain-tensioners-guides-sprockets-tlr-oem-12832-05a10,"index, follow",Suzuki,12832-05A10,used,MOTORCYCLE > SUZUKI > SPORT BIKE,166,"SUZUKI TL1000R TLR > CAM CHAIN + TENSIONERS + GUIDES + SPROCKETS # 12832-05A10 Both chains , sprockets , guides and tensioners as shown . Used condition . See",12,200,LONG_TITLE_REVIEW; IMAGE_DIMENSIONS; RESPONSIVE_IMAGE; MARKETPLACE_BOILERPLATE
5889,285921563809,https://flipandstrip.com/product/5889/01-05-kawasaki-bn125-sprocket-cover-left-chain-engine-14026-1265-eliminator-125,01-05 KAWASAKI BN125 SPROCKET COVER LEFT CHAIN ENGINE 14026-1265 ELIMINATOR 125 | Flip and Strip,96,01-05 KAWASAKI BN125 SPROCKET COVER LEFT CHAIN ENGINE 14026-1265 ELIMINATOR 125. Used KAWASAKI. Price: $14.95. KAWASAKI BN 125 ELIMINATOR > CHAIN SPROCKET,154,200,https://flipandstrip.com/product/5889/01-05-kawasaki-bn125-sprocket-cover-left-chain-engine-14026-1265-eliminator-125,"index, follow",KAWASAKI,14026-1265,used,MOTORCYCLE > KAWASAKI > KAWASAKI CRUISER,582,KAWASAKI BN 125 ELIMINATOR > CHAIN SPROCKET COVER HOUSING LEFT OEM # 14026-1265 THIS ITEM IS A CHAIN / SPROCKET COVERFOR KAWASAKI BN 125 ELIMINATOR. IT HAS A,12,200,LONG_TITLE_REVIEW; IMAGE_DIMENSIONS; RESPONSIVE_IMAGE; MARKETPLACE_BOILERPLATE; EBAY_SHIPPING_COPY
5890,285921563813,https://flipandstrip.com/product/5890/85-86-kawasaki-zl900-battery-box-tray-electric-case-holder-32097-1117-eliminator,85 86 Kawasaki ZL900 Battery Box Tray Electric Case Holder 32097-1117 Eliminator | Flip and Strip,97,85 86 Kawasaki ZL900 Battery Box Tray Electric Case Holder 32097-1117 Eliminator. Used Kawasaki. Price: $19.95. KAWASAKI ZL 900 ZL900 ELIMINATOR > BATTERY TRAY,159,200,https://flipandstrip.com/product/5890/85-86-kawasaki-zl900-battery-box-tray-electric-case-holder-32097-1117-eliminator,"index, follow",Kawasaki,32097-1117,used,MOTORCYCLE > KAWASAKI > KAWASAKI CRUISER,163,KAWASAKI ZL 900 ZL900 ELIMINATOR > BATTERY TRAY CASE HOLDER # 32097-1117 THIS ITEM IS A BATTERY TRAY / CASE FOR KAWASAKI ZL 900 ELIMINATOR. IT HAS SOME FADING,12,200,LONG_TITLE_REVIEW; IMAGE_DIMENSIONS; RESPONSIVE_IMAGE
5892,285921534863,https://flipandstrip.com/product/5892/honda-cbr-1000f-turn-signal-blinker-rear-right-33600-mm5-671,HONDA CBR 1000F TURN SIGNAL / BLINKER REAR RIGHT # 33600-MM5-671 | Flip and Strip,81,HONDA CBR 1000F TURN SIGNAL / BLINKER REAR RIGHT # 33600-MM5-671. Used Honda. Price: $13.99. HONDA CBR 1000F TURN SIGNAL / BLINKER REAR RIGHT # 33600-MM5-671,157,200,https://flipandstrip.com/product/5892/honda-cbr-1000f-turn-signal-blinker-rear-right-33600-mm5-671,"index, follow",Honda,33600-MM5-671,used,MOTORCYCLE > HONDA > HONDA SPORT BIKE,383,HONDA CBR 1000F TURN SIGNAL / BLINKER REAR RIGHT # 33600-MM5-671 WORKS GREAT This item is a Honda CBR 1000F turn signal ( right rear ) #33600-MM5-671. Some,12,200,LONG_TITLE_REVIEW; IMAGE_DIMENSIONS; RESPONSIVE_IMAGE; MARKETPLACE_BOILERPLATE; EBAY_SHIPPING_COPY
5893,285921534867,https://flipandstrip.com/product/5893/kawasaki-zx-11-ninja-abs-brake-rotor-disc-front-right-bolt-41080-1400-5c,KAWASAKI ZX-11 NINJA ABS ~ BRAKE ROTOR / DISC FRONT RIGHT & BOLT # 41080-1400-5C | Flip and Strip,97,KAWASAKI ZX-11 NINJA ABS ~ BRAKE ROTOR / DISC FRONT RIGHT & BOLT # 41080-1400-5C. Used Kawasaki. Price: $75.80. KAWASAKI ZX 1100 GPZ ABS > BRAKE ROTOR / DISC,157,200,https://flipandstrip.com/product/5893/kawasaki-zx-11-ninja-abs-brake-rotor-disc-front-right-bolt-41080-1400-5c,"index, follow",Kawasaki,41080-1400-5C,used,MOTORCYCLE > KAWASAKI > KAWASAKI SPORT BIKE,356,KAWASAKI ZX 1100 GPZ ABS > BRAKE ROTOR / DISC FRONT RIGHT & BOLT # 41080-1400-5C This item is a used front right brake rotor with bolt set as shown from a 1996,12,200,LONG_TITLE_REVIEW; IMAGE_DIMENSIONS; RESPONSIVE_IMAGE; MARKETPLACE_BOILERPLATE; EBAY_SHIPPING_COPY
5895,10068 FAS,https://flipandstrip.com/product/5895/polaris-cv-axle-drive-half-shaft-rear-left-ranger-400-500-crew-800-efi-and-ev,Polaris CV Axle Drive Half Shaft Rear Left Ranger 400 500 Crew 800 EFI and EV | Flip and Strip,94,Polaris CV Axle Drive Half Shaft Rear Left Ranger 400 500 Crew 800 EFI and EV. New Polaris. Price: $79.95. High-quality O.E. replacement axle with,146,200,https://flipandstrip.com/product/5895/polaris-cv-axle-drive-half-shaft-rear-left-ranger-400-500-crew-800-efi-and-ev,"index, follow",Polaris,609210,new,SIDE by SIDE / SXS /UTV > POLARIS,225,"High-quality O.E. replacement axle with precision-ground components, low-profile stainless steel clamps and fully assembled outboard/inboard joints. Chrome",15,200,LONG_TITLE_REVIEW; IMAGE_DIMENSIONS; RESPONSIVE_IMAGE; DESCRIPTION_RELEVANCE_REVIEW; MARKETPLACE_BOILERPLATE; EBAY_SHIPPING_COPY; USED_TEMPLATE_ON_NEW_ITEM
5896,285921534837,https://flipandstrip.com/product/5896/harley-davidson-motorcycle-clutch-lever-handle-tr-490501,HARLEY DAVIDSON MOTORCYCLE CLUTCH LEVER / HANDLE # TR-490501 | Flip and Strip,77,HARLEY DAVIDSON MOTORCYCLE CLUTCH LEVER / HANDLE # TR-490501. New Harley-Davidson. Price: $34.56. HARLEY DAVIDSON XL 883 1200 SPORTSTER 04-06 CLUTCH DERBY,154,200,https://flipandstrip.com/product/5896/harley-davidson-motorcycle-clutch-lever-handle-tr-490501,"index, follow",Harley-Davidson,LEVER,new,MOTORCYCLE > HARLEY DAVIDSON > HARLEY DAVIDSON,425,HARLEY DAVIDSON XL 883 1200 SPORTSTER 04-06 CLUTCH DERBY CHROME COVER # 34742-04,8,200,LONG_TITLE_REVIEW; DUPLICATE_SCHEMA_DESCRIPTION; IMAGE_DIMENSIONS; RESPONSIVE_IMAGE; MARKETPLACE_BOILERPLATE; EBAY_SHIPPING_COPY; USED_TEMPLATE_ON_NEW_ITEM
5897,286556571476,https://flipandstrip.com/product/5897/harley-davidson-fxst-fxwg-colony-front-brake-allen-bolt-screw-nut-kit-8794-10,Harley Davidson FXST & FXWG Colony Front Brake Allen Bolt Screw Nut Kit 8794-10 | Flip and Strip,96,Harley Davidson FXST & FXWG Colony Front Brake Allen Bolt Screw Nut Kit 8794-10. New Harley-Davidson. Price: $15.00. HARLEY DAVIDSON XL 883 1200 SPORTSTER,154,200,https://flipandstrip.com/product/5897/harley-davidson-fxst-fxwg-colony-front-brake-allen-bolt-screw-nut-kit-8794-10,"index, follow",Harley-Davidson,8794-10,new,MOTORCYCLE > HARLEY DAVIDSON > HARLEY DAVIDSON,352,HARLEY DAVIDSON XL 883 1200 SPORTSTER 04-06 CLUTCH DERBY CHROME COVER # 34742-04 84-UP Harley Davidson FXST & FXWG Colony Front Brake Allen Screw + Nut Kit #,8,200,LONG_TITLE_REVIEW; IMAGE_DIMENSIONS; RESPONSIVE_IMAGE; MARKETPLACE_BOILERPLATE; EBAY_SHIPPING_COPY; USED_TEMPLATE_ON_NEW_ITEM
5898,286556571477,https://flipandstrip.com/product/5898/85-97-kawasaki-camshaft-cam-sprocket-oem-zx600-ninja-zl600-eliminator-12046-1078,85-97 Kawasaki Camshaft Cam Sprocket OEM ZX600 Ninja ZL600 Eliminator 12046-1078 | Flip and Strip,97,85-97 Kawasaki Camshaft Cam Sprocket OEM ZX600 Ninja ZL600 Eliminator 12046-1078. Used Kawasaki. Price: $12.34. KAWASAKI ZL600 ELIMINATOR ( 1933.2 MILES ) FUEL,159,200,https://flipandstrip.com/product/5898/85-97-kawasaki-camshaft-cam-sprocket-oem-zx600-ninja-zl600-eliminator-12046-1078,"index, follow",Kawasaki,12046-1078,used,MOTORCYCLE > KAWASAKI > ELIMINATOR ZL 600,367,KAWASAKI ZL600 ELIMINATOR ( 1933.2 MILES ) FUEL TANK GAS PETROL CELL BLACK CAMSHAFT SPROCKET AS SHOWN FITS ZX600 NINJA & ELIMINATOR ZL600.NICE USED CONDITION,12,200,LONG_TITLE_REVIEW; IMAGE_DIMENSIONS; RESPONSIVE_IMAGE; MARKETPLACE_BOILERPLATE
5899,285921563767,https://flipandstrip.com/product/5899/11-15-kawasaki-zx-10r-front-forks-triple-tree-axle-handlebars-front-end-zx10,11-15 Kawasaki ZX-10R Front Forks Triple Tree Axle Handlebars Front End ZX10 | Flip and Strip,93,11-15 Kawasaki ZX-10R Front Forks Triple Tree Axle Handlebars Front End ZX10. Used Kawasaki. Price: $349.95. KAWASAKI NINJA ZX6R > OIL TUBE / LINE / HOSE +,155,200,https://flipandstrip.com/product/5899/11-15-kawasaki-zx-10r-front-forks-triple-tree-axle-handlebars-front-end-zx10,"index, follow",Kawasaki,"44071-0699-30W, 44071-0700-30W, 44039-0104-499, 44037-0114, 41068-0049, 92152-0240, 92152-0289",used,MOTORCYCLE > KAWASAKI > ZX-10R NINJA,214,KAWASAKI NINJA ZX6R > OIL TUBE / LINE / HOSE + BANJO BOLTS + MORE # 51044-1179 11-15 Kawasaki ZX-10R Ninja ZX10R front end / Forks as shown.USED - Works,24,200,LONG_TITLE_REVIEW; IMAGE_DIMENSIONS; RESPONSIVE_IMAGE; MARKETPLACE_BOILERPLATE; EBAY_SHIPPING_COPY
5900,285921563772,https://flipandstrip.com/product/5900/48-79-rowe-cast-iron-valve-guide-001-harley-davidson-shovelhead-panhead,"48-79 Rowe Cast Iron Valve Guide + .001"" Harley Davidson Shovelhead & Panhead | Flip and Strip",94,"48-79 Rowe Cast Iron Valve Guide + .001"" Harley Davidson Shovelhead & Panhead. New Rowe. Price: $9.99. HARLEY DAVIDSON XL 883 1200 SPORTSTER 04-06 CLUTCH DERBY",159,200,https://flipandstrip.com/product/5900/48-79-rowe-cast-iron-valve-guide-001-harley-davidson-shovelhead-panhead,"index, follow",Rowe,5131-01,new,MOTORCYCLE > HARLEY DAVIDSON > HARLEY DAVIDSON,163,"HARLEY DAVIDSON XL 883 1200 SPORTSTER 04-06 CLUTCH DERBY CHROME COVER # 34742-04 Rowe Cast Iron Valve Guide + .001"" 5131-0149-422718146-48 48 - 65 Panhead66-79",8,200,LONG_TITLE_REVIEW; IMAGE_DIMENSIONS; RESPONSIVE_IMAGE; MARKETPLACE_BOILERPLATE; USED_TEMPLATE_ON_NEW_ITEM
5901,285921563780,https://flipandstrip.com/product/5901/80-82-honda-final-gear-drive-cb900c-900-custom-and-goldwing-gl1100-rear-diff,80-82 Honda Final Gear Drive CB900C 900 Custom And Goldwing GL1100 Rear Diff | Flip and Strip,93,80-82 Honda Final Gear Drive CB900C 900 Custom And Goldwing GL1100 Rear Diff. Used Honda. Price: $35.00. HONDA CB 900C 900 CUSTOM + GOLDWING GL 1100 - FINAL,156,200,https://flipandstrip.com/product/5901/80-82-honda-final-gear-drive-cb900c-900-custom-and-goldwing-gl1100-rear-diff,"index, follow",Honda,41300-463-010,used,MOTORCYCLE > HONDA > CB 900,264,"HONDA CB 900C 900 CUSTOM + GOLDWING GL 1100 - FINAL GEAR DRIVE / DIFF "" NICE "" 1982 HONDA CB 900C - Final gear drive assy. as shown. You will get exactly as",12,200,LONG_TITLE_REVIEW; IMAGE_DIMENSIONS; RESPONSIVE_IMAGE; MARKETPLACE_BOILERPLATE
5902,285921563787,https://flipandstrip.com/product/5902/02-03-honda-starter-cbr954-starting-motor-with-cable-wire-oem-31200-mcj-751,02 03 Honda Starter CBR954 Starting Motor With Cable Wire OEM 31200-MCJ-751 | Flip and Strip,92,02 03 Honda Starter CBR954 Starting Motor With Cable Wire OEM 31200-MCJ-751. Used Honda. Price: $21.00. HONDA CBR 954 / 900 RR (02-03) > STARTER STARTING MOTOR,159,200,https://flipandstrip.com/product/5902/02-03-honda-starter-cbr954-starting-motor-with-cable-wire-oem-31200-mcj-751,"index, follow",Honda,31200-MCJ-751,used,MOTORCYCLE > HONDA > HONDA SPORT BIKE,174,HONDA CBR 954 / 900 RR (02-03) > STARTER STARTING MOTOR TESTED # 31200-MCJ-751 Honda CBR954RR starter with cable / wire as shown . Tested and works great!!!,10,200,LONG_TITLE_REVIEW; IMAGE_DIMENSIONS; RESPONSIVE_IMAGE; MARKETPLACE_BOILERPLATE
5903,1284 FAS,https://flipandstrip.com/product/5903/97-98-99-suzuki-gsxr-750-srad-right-side-frame-cover-tail-seat-cowl-rear-fairing,97 98 99 Suzuki GSXR 750 SRAD Right Side Frame Cover Tail Seat Cowl Rear Fairing | Flip and Strip,97,97 98 99 Suzuki GSXR 750 SRAD Right Side Frame Cover Tail Seat Cowl Rear Fairing. Used Suzuki. Price: $43.21. SUZUKI GSXR 600 + 750 GIXXER < 01-03 > COWL UNDER,159,200,https://flipandstrip.com/product/5903/97-98-99-suzuki-gsxr-750-srad-right-side-frame-cover-tail-seat-cowl-rear-fairing,"index, follow",Suzuki,47110-33E90-Y7L,used,MOTORCYCLE > SUZUKI > SPORT BIKE,224,SUZUKI GSXR 600 + 750 GIXXER < 01-03 > COWL UNDER INNER RIGHT PURPLE 94461-35F00 97 SUZUKI GSXR 750 REAR RIGHT COWL / FAIRING / TAIL COVER as shown. HAS,12,200,LONG_TITLE_REVIEW; IMAGE_DIMENSIONS; RESPONSIVE_IMAGE; MARKETPLACE_BOILERPLATE
5906,10042 FAS,https://flipandstrip.com/product/5906/honda-starter-trx250-tm-fourtrax-recon-atv-quad-2008-2020-replaces-31200-hm8-b61,Honda Starter TRX250 TM FourTrax Recon ATV Quad 2008-2020 Replaces 31200-HM8-B61 | Flip and Strip,97,Honda Starter TRX250 TM FourTrax Recon ATV Quad 2008-2020 Replaces 31200-HM8-B61. New QuadBoss. Price: $39.95. QuadBoss 08-20 Honda TRX250/TM FourTrax Recon,156,200,https://flipandstrip.com/product/5906/honda-starter-trx250-tm-fourtrax-recon-atv-quad-2008-2020-replaces-31200-hm8-b61,"index, follow",QuadBoss,49537,new,ATV 4 WHEELER / ATC 3 WHEELER > HONDA > HONDA ATV,188,QuadBoss 08-20 Honda TRX250/TM FourTrax Recon Motor Starter - 495347 Replaces OEM part number 31200-HM8-B61 New starter motor. NOT rebuilt.((( 10042 FAS ))) ⚠️,7,200,LONG_TITLE_REVIEW; IMAGE_DIMENSIONS; RESPONSIVE_IMAGE; MARKETPLACE_BOILERPLATE; EBAY_SHIPPING_COPY; USED_TEMPLATE_ON_NEW_ITEM
5907,286556571488,https://flipandstrip.com/product/5907/90-91-honda-cbr-1000f-shock-absorber-12-coil-over-adjustable-showa,"90-91 Honda CBR 1000f Shock Absorber 12"" Coil Over Adjustable Showa | Flip and Strip",84,"90-91 Honda CBR 1000f Shock Absorber 12"" Coil Over Adjustable Showa. Used Showa. Price: $22.98. HONDA CBR 1000F (90 - 91) SHOCK ABSORBER 12"" COIL OVER",150,200,https://flipandstrip.com/product/5907/90-91-honda-cbr-1000f-shock-absorber-12-coil-over-adjustable-showa,"index, follow",Showa,52401-MS2-003,used,MOTORCYCLE > HONDA > HONDA SPORT BIKE,266,"HONDA CBR 1000F (90 - 91) SHOCK ABSORBER 12"" COIL OVER ADJUSTABLE ( SHOWA ) Honda CBR 1000F REAR SHOCK 12"" ADJUSTABLE AS SHOWN . OEM 52401-MS2-003 SEE ALL",12,200,LONG_TITLE_REVIEW; IMAGE_DIMENSIONS; RESPONSIVE_IMAGE; MARKETPLACE_BOILERPLATE; EBAY_SHIPPING_COPY
5909,285921534908,https://flipandstrip.com/product/5909/triumph-tiger-955i-crank-case-cylinders-jugs-block-oem-t1160061,Triumph Tiger 955i Crank Case Cylinders Jugs Block OEM # T1160061 | Flip and Strip,82,Triumph Tiger 955i Crank Case Cylinders Jugs Block OEM # T1160061. Used Triumph. Price: $269.95. TRIUMPH TIGER 955i > CRANKCASE CYLINDERS JUGS BLOCK LOWER CASE,159,200,https://flipandstrip.com/product/5909/triumph-tiger-955i-crank-case-cylinders-jugs-block-oem-t1160061,"index, follow",Triumph,T1160061,used,MOTORCYCLE > TRIUMPH > 955i TIGER,324,TRIUMPH TIGER 955i > CRANKCASE CYLINDERS JUGS BLOCK LOWER CASE OEM # T1160061 This item is a crankcase as shown . There is a grind area area in the front (,12,200,LONG_TITLE_REVIEW; IMAGE_DIMENSIONS; RESPONSIVE_IMAGE; MARKETPLACE_BOILERPLATE; EBAY_SHIPPING_COPY
5910,285921534919,https://flipandstrip.com/product/5910/92-later-harley-davidson-cylinder-head-bolt-cover-engine-motor-set-of-2-e4089,92-Later Harley Davidson Cylinder Head Bolt Cover Engine Motor Set of 2 E4089 | Flip and Strip,94,92-Later Harley Davidson Cylinder Head Bolt Cover Engine Motor Set of 2 E4089. New win products. Price: $35.00. HARLEY DAVIDSON XL 883 1200 SPORTSTER 04-06,155,200,https://flipandstrip.com/product/5910/92-later-harley-davidson-cylinder-head-bolt-cover-engine-motor-set-of-2-e4089,"index, follow",win products,E4089,new,MOTORCYCLE > HARLEY DAVIDSON > HARLEY DAVIDSON,169,HARLEY DAVIDSON XL 883 1200 SPORTSTER 04-06 CLUTCH DERBY CHROME COVER # 34742-04 HEAD BOLT COVER SET 1999 and Later PLEASE BE SURE YOU KNOW THIS FITS YOUR,12,200,LONG_TITLE_REVIEW; IMAGE_DIMENSIONS; RESPONSIVE_IMAGE; MARKETPLACE_BOILERPLATE; USED_TEMPLATE_ON_NEW_ITEM
5911,285921534928,https://flipandstrip.com/product/5911/07-08-harley-davidson-sportster-covers-rocker-head-top-nightster-xl1200-17501-04,07 08 Harley Davidson Sportster Covers Rocker Head Top Nightster XL1200 17501-04 | Flip and Strip,97,07 08 Harley Davidson Sportster Covers Rocker Head Top Nightster XL1200 17501-04. Used Harley-Davidson. Price: $89.95. 2007 HARLEY DAVIDSON NIGHTSTER WITH,154,200,https://flipandstrip.com/product/5911/07-08-harley-davidson-sportster-covers-rocker-head-top-nightster-xl1200-17501-04,"index, follow",Harley-Davidson,17501-04,used,MOTORCYCLE > HARLEY DAVIDSON > HARLEY DAVIDSON,218,2007 HARLEY DAVIDSON NIGHTSTER WITH MAGNAFLOW EXHAUST PIPESVideo will open in a new windowUsing the mobile app? Copy this link into your browser: HARLEY,12,200,LONG_TITLE_REVIEW; DUPLICATE_SCHEMA_DESCRIPTION; IMAGE_DIMENSIONS; RESPONSIVE_IMAGE; MARKETPLACE_BOILERPLATE
5912,285921534938,https://flipandstrip.com/product/5912/97-07-yamaha-yzf600-arm-knuckle-rear-suspension-link-thundercat-4tv-2217a-00-00,97-07 Yamaha YZF600 Arm Knuckle Rear Suspension Link Thundercat 4TV-2217A-00-00 | Flip and Strip,96,97-07 Yamaha YZF600 Arm Knuckle Rear Suspension Link Thundercat 4TV-2217A-00-00. Used Yamaha. Price: $17.95. YAMAHA YZF600R THUNDERCAT SUSPENSION LINK ARM AS,157,200,https://flipandstrip.com/product/5912/97-07-yamaha-yzf600-arm-knuckle-rear-suspension-link-thundercat-4tv-2217a-00-00,"index, follow",Yamaha,4TV-2217A-00-00,used,MOTORCYCLE > YAMAHA > YZF600R / THUNDERCAT,327,YAMAHA YZF600R THUNDERCAT SUSPENSION LINK ARM AS SHOWN. WORKS GREAT!!! LOW MILES (9300 MI) PLEASE ALL SEE PICTURES!!! (JA1 1349FAS YZF23) 4TV-2217A-00-00 ARM,9,200,LONG_TITLE_REVIEW; IMAGE_DIMENSIONS; RESPONSIVE_IMAGE; MARKETPLACE_BOILERPLATE
5913,286556571582,https://flipandstrip.com/product/5913/90-05-kawasaki-zx6e-zx6r-ninja-motorcycle-front-axle-collar-nut-oem-41068-1311,90-05 Kawasaki ZX6E ZX6R Ninja Motorcycle Front Axle Collar Nut Oem 41068-1311 | Flip and Strip,95,90-05 Kawasaki ZX6E ZX6R Ninja Motorcycle Front Axle Collar Nut Oem 41068-1311. Used Kawasaki. Price: $11.78. KAWASAKI ZX6E ZZR 600 MOTRCYCLE > FRONT AXLE +,156,200,https://flipandstrip.com/product/5913/90-05-kawasaki-zx6e-zx6r-ninja-motorcycle-front-axle-collar-nut-oem-41068-1311,"index, follow",Kawasaki,41068-1311,used,MOTORCYCLE > KAWASAKI > KAWASAKI SPORT BIKE,319,KAWASAKI ZX6E ZZR 600 MOTRCYCLE > FRONT AXLE + COLLAR + NUT OEM # 41068-1311 THIS ITEM IS A FRONT AXLE WITH ALL HARDWARE AS SHOWN FROM A 1996 KAWASAKI NINJA,12,200,LONG_TITLE_REVIEW; IMAGE_DIMENSIONS; RESPONSIVE_IMAGE; MARKETPLACE_BOILERPLATE
5914,286556571572,https://flipandstrip.com/product/5914/suzuki-kick-stand-96-99-gsxr750-97-00-gsxr600-oem-part-42310-33e30-motorcycle,Suzuki Kick Stand 96-99 GSXR750 97-00 GSXR600 OEM Part 42310-33E30 Motorcycle | Flip and Strip,94,Suzuki Kick Stand 96-99 GSXR750 97-00 GSXR600 OEM Part 42310-33E30 Motorcycle. Used Suzuki. Price: $29.95. SUZUKI GSXR 600 + 750 GIXXER < 01-03 > COWL UNDER,156,200,https://flipandstrip.com/product/5914/suzuki-kick-stand-96-99-gsxr750-97-00-gsxr600-oem-part-42310-33e30-motorcycle,"index, follow",Suzuki,42310-33E30,used,MOTORCYCLE > SUZUKI > GSXR 600 (97-00),219,SUZUKI GSXR 600 + 750 GIXXER < 01-03 > COWL UNDER INNER RIGHT PURPLE 94461-35F00 SUZUKI GSXR KICK STAND as shown. WILL NEED CLEAN UP / SOME PAINT ON ITEM. SEE,7,200,LONG_TITLE_REVIEW; IMAGE_DIMENSIONS; RESPONSIVE_IMAGE; MARKETPLACE_BOILERPLATE
5916,286556571574,https://flipandstrip.com/product/5916/09-kawasaki-klx-140-shroud-stay-side-bracket-set-black-35063-0415-18r,09 Kawasaki KLX 140 Shroud Stay Side Bracket Set Black 35063-0415-18R | Flip and Strip,86,09 Kawasaki KLX 140 Shroud Stay Side Bracket Set Black 35063-0415-18R. Used Kawasaki. Price: $16.29. KAWASAKI KLX 140 MONSTER (2009) > SHROUD STAY BRACKET SET,158,200,https://flipandstrip.com/product/5916/09-kawasaki-klx-140-shroud-stay-side-bracket-set-black-35063-0415-18r,"index, follow",Kawasaki,35063-0415-18R,used,DIRT BIKE / MOTOCROSS > KAWASAKI > KLX 140,178,KAWASAKI KLX 140 MONSTER (2009) > SHROUD STAY BRACKET SET BLACK # 35063-0415-18R This item is a shroud stay bracket set from a 2009 Kawasaki KLX 140 Monster,8,200,LONG_TITLE_REVIEW; IMAGE_DIMENSIONS; RESPONSIVE_IMAGE; MARKETPLACE_BOILERPLATE
5917,10025 FAS,https://flipandstrip.com/product/5917/yamaha-r6-air-filter-bmc-performance-fm249-09-washable-1999-2002-yzf-r6-600,Yamaha R6 Air Filter BMC Performance FM249/09 Washable 1999 - 2002 YZF R6 600 | Flip and Strip,94,Yamaha R6 Air Filter BMC Performance FM249/09 Washable 1999 - 2002 YZF R6 600. New BMC. Price: $75.00. The panel air filter is commonly referred to as,150,200,https://flipandstrip.com/product/5917/yamaha-r6-air-filter-bmc-performance-fm249-09-washable-1999-2002-yzf-r6-600,"index, follow",BMC,FM249/09,new,MOTORCYCLE > YAMAHA > R6,338,"The panel air filter is commonly referred to as ""replacement air filter"". It is installed in the vehicle's original airbox to replace the OEM air filter. It is",10,200,LONG_TITLE_REVIEW; IMAGE_DIMENSIONS; RESPONSIVE_IMAGE; DESCRIPTION_RELEVANCE_REVIEW; MARKETPLACE_BOILERPLATE; EBAY_SHIPPING_COPY; USED_TEMPLATE_ON_NEW_ITEM
5919,286556571507,https://flipandstrip.com/product/5919/97-00-suzuki-gsxr-600-srad-rear-shock-adjustable-coil-over-with-bracket,97 - 00 Suzuki GSXR 600 SRAD Rear Shock Adjustable Coil Over With Bracket | Flip and Strip,90,97 - 00 Suzuki GSXR 600 SRAD Rear Shock Adjustable Coil Over With Bracket. Used Suzuki. Price: $24.95. 2000 SUZUKI GSXR 600 PART OUTVideo will open in a new,156,200,https://flipandstrip.com/product/5919/97-00-suzuki-gsxr-600-srad-rear-shock-adjustable-coil-over-with-bracket,"index, follow",Suzuki,62100-34E21,used,MOTORCYCLE > SUZUKI > SPORT BIKE,334,2000 SUZUKI GSXR 600 PART OUTVideo will open in a new windowUsing the mobile app? Copy this link into your browser: SUZUKI GSXR 600 + 750 GIXXER < 01-03 > COWL,12,200,LONG_TITLE_REVIEW; DUPLICATE_SCHEMA_DESCRIPTION; IMAGE_DIMENSIONS; RESPONSIVE_IMAGE; MARKETPLACE_BOILERPLATE; EBAY_SHIPPING_COPY
5921,286556571557,https://flipandstrip.com/product/5921/01-05-kawasaki-bn125-eliminator-cover-stator-generator-left-engine-14031-1368,01-05 Kawasaki BN125 Eliminator Cover Stator Generator Left Engine 14031-1368 | Flip and Strip,94,01-05 Kawasaki BN125 Eliminator Cover Stator Generator Left Engine 14031-1368. Used Kawasaki. Price: $25.00. KAWASAKI BN 125 ELIMINATOR - COVER STATOR,150,200,https://flipandstrip.com/product/5921/01-05-kawasaki-bn125-eliminator-cover-stator-generator-left-engine-14031-1368,"index, follow",Kawasaki,14031-1368,used,MOTORCYCLE > KAWASAKI > KAWASAKI CRUISER,270,KAWASAKI BN 125 ELIMINATOR - COVER STATOR GENERATOR LEFT ENGINE MOTOR ALTERNATOR STATOR COVER FOR BN 125 ELIMINATOR. Kawasaki 14031-1368 COVER-GENERATOR fits,12,200,LONG_TITLE_REVIEW; IMAGE_DIMENSIONS; RESPONSIVE_IMAGE; MARKETPLACE_BOILERPLATE
5923,286556571584,https://flipandstrip.com/product/5923/kawasaki-zl900-eliminator-oil-filter-cap-cover-case-relief-valve-32099-1083,Kawasaki ZL900 Eliminator Oil Filter Cap Cover Case Relief Valve 32099-1083 | Flip and Strip,92,Kawasaki ZL900 Eliminator Oil Filter Cap Cover Case Relief Valve 32099-1083. Used Kawasaki. Price: $29.95. KAWASAKI ZL 900 ELIMINATOR > UPPER FORK HOLDER /,155,200,https://flipandstrip.com/product/5923/kawasaki-zl900-eliminator-oil-filter-cap-cover-case-relief-valve-32099-1083,"index, follow",Kawasaki,32099-1083,used,MOTORCYCLE > KAWASAKI > KAWASAKI CRUISER,300,"KAWASAKI ZL 900 ELIMINATOR > UPPER FORK HOLDER / TRIPLE TREE + CLAMPS 44039-1124 OIL FILTER COVER , CAP , CASE AND RELIEF VALVE AS SHOWN FOR KAWASAKI ZL 900",12,200,LONG_TITLE_REVIEW; IMAGE_DIMENSIONS; RESPONSIVE_IMAGE; MARKETPLACE_BOILERPLATE; EBAY_SHIPPING_COPY
5924,286556571541,https://flipandstrip.com/product/5924/2011-harley-davidson-883l-rear-adjustable-shocks-11-1-2-chrome-54568-09,"2011 Harley Davidson 883L Rear Adjustable Shocks 11 1/2 "" Chrome 54568-09 | Flip and Strip",90,"2011 Harley Davidson 883L Rear Adjustable Shocks 11 1/2 "" Chrome 54568-09. Used Harley-Davidson. Price: $59.95. HARLEY DAVIDSON XL 883 1200 SPORTSTER 04-06",155,200,https://flipandstrip.com/product/5924/2011-harley-davidson-883l-rear-adjustable-shocks-11-1-2-chrome-54568-09,"index, follow",Harley-Davidson,54568-09,used,MOTORCYCLE > HARLEY DAVIDSON > 883 SPORTSTER,277,HARLEY DAVIDSON XL 883 1200 SPORTSTER 04-06 CLUTCH DERBY CHROME COVER # 34742-04,10,200,LONG_TITLE_REVIEW; DUPLICATE_SCHEMA_DESCRIPTION; IMAGE_DIMENSIONS; RESPONSIVE_IMAGE; MARKETPLACE_BOILERPLATE; EBAY_SHIPPING_COPY
5925,286556571528,https://flipandstrip.com/product/5925/86-97-kawasaki-flywheel-zl600-eliminator-zx600-ninja-21050-1111,86-97 Kawasaki Flywheel ZL600 Eliminator ZX600 Ninja 21050-1111 | Flip and Strip,80,86-97 Kawasaki Flywheel ZL600 Eliminator ZX600 Ninja 21050-1111. Used Kawasaki. Price: $19.95. KAWASAKI ZL600 ELIMINATOR ( 1933.2 MILES ) FUEL TANK GAS PETROL,158,200,https://flipandstrip.com/product/5925/86-97-kawasaki-flywheel-zl600-eliminator-zx600-ninja-21050-1111,"index, follow",Kawasaki,21050-1111,used,MOTORCYCLE > KAWASAKI > ELIMINATOR ZL 600,502,KAWASAKI ZL600 ELIMINATOR ( 1933.2 MILES ) FUEL TANK GAS PETROL CELL BLACK FLYWHEEL AS SHOWN FOR KAWASAKI ZL 600 ELIMINATOR.THIS MOTORCYCLE HAD 1933.2,12,200,LONG_TITLE_REVIEW; IMAGE_DIMENSIONS; RESPONSIVE_IMAGE; MARKETPLACE_BOILERPLATE; EBAY_SHIPPING_COPY
5927,842 FAS,https://flipandstrip.com/product/5927/05-06-suzuki-frame-cover-left-side-gsxr1000-lower-tank-panel-black-plastic-trim,05 06 Suzuki Frame Cover Left Side GSXR1000 Lower Tank Panel Black Plastic Trim | Flip and Strip,96,05 06 Suzuki Frame Cover Left Side GSXR1000 Lower Tank Panel Black Plastic Trim. Used Suzuki. Price: $12.34. SUZUKI GSXR 1000 GIXXER 05 06 - FRAME COVER LEFT,157,200,https://flipandstrip.com/product/5927/05-06-suzuki-frame-cover-left-side-gsxr1000-lower-tank-panel-black-plastic-trim,"index, follow",Suzuki,47211-41G00-291,used,MOTORCYCLE > SUZUKI > SPORT BIKE,111,SUZUKI GSXR 1000 GIXXER 05 06 - FRAME COVER LEFT SIDE PANEL BLACK PLASTIC TRIM SUZUKI GSXR 1000 05-06 left side frame cover / lower tank cover as shown. >>>>,12,200,LONG_TITLE_REVIEW; IMAGE_DIMENSIONS; RESPONSIVE_IMAGE
5928,276518879590,https://flipandstrip.com/product/5928/86-87-kawasaki-zl-600-eliminator-headlight-bracket-11044-1804,86-87 KAWASAKI ZL 600 ELIMINATOR HEADLIGHT BRACKET 11044-1804 | Flip and Strip,78,86-87 KAWASAKI ZL 600 ELIMINATOR HEADLIGHT BRACKET 11044-1804. Used Kawasaki. Price: $11.49. KAWASAKI ZL 600 ELIMINATOR > HEADLIGHT BRACKET # 11044-1804 NICE,157,200,https://flipandstrip.com/product/5928/86-87-kawasaki-zl-600-eliminator-headlight-bracket-11044-1804,"index, follow",Kawasaki,11044-1804,used,MOTORCYCLE > KAWASAKI > ELIMINATOR ZL 600,252,KAWASAKI ZL 600 ELIMINATOR > HEADLIGHT BRACKET # 11044-1804 NICE 1986 - 1987 KAWASAKI ZL 600 ELIMINATOR HEADLIGHT BRACKET ((( 563 FAS ))) IF YOU CHOOSE TO USE,10,200,LONG_TITLE_REVIEW; IMAGE_DIMENSIONS; RESPONSIVE_IMAGE; MARKETPLACE_BOILERPLATE; EBAY_SHIPPING_COPY
5929,276518892901,https://flipandstrip.com/product/5929/81-82-kawasaki-kz1000-bracket-foot-peg-muffler-stay-right-csr-ltd-35011-1087,81 82 Kawasaki KZ1000 Bracket Foot Peg Muffler Stay Right CSR LTD 35011-1087 | Flip and Strip,93,81 82 Kawasaki KZ1000 Bracket Foot Peg Muffler Stay Right CSR LTD 35011-1087. Used Kawasaki. Price: $25.00. KAWASAKI KZ 1000 J + CSR + LTD > FOOT REST MUFFLER,158,200,https://flipandstrip.com/product/5929/81-82-kawasaki-kz1000-bracket-foot-peg-muffler-stay-right-csr-ltd-35011-1087,"index, follow",Kawasaki,35011-1087,used,MOTORCYCLE > KAWASAKI > KAWASAKI SPORT BIKE,209,KAWASAKI KZ 1000 J + CSR + LTD > FOOT REST MUFFLER STAY BRACKET OEM # 35011-1087 This is a foot peg / muffler stay / bracket for a Kawasaki KZ1000J. Please be,12,200,LONG_TITLE_REVIEW; IMAGE_DIMENSIONS; RESPONSIVE_IMAGE; MARKETPLACE_BOILERPLATE
5930,568 FAS,https://flipandstrip.com/product/5930/zl600-radiator-side-covers-kawasaki-eliminator-14024-1221-guards-with-reflectors,ZL600 Radiator Side Covers Kawasaki Eliminator 14024-1221 Guards with Reflectors | Flip and Strip,97,ZL600 Radiator Side Covers Kawasaki Eliminator 14024-1221 Guards with Reflectors. Used Kawasaki. Price: $25.00. KAWASAKI ZL600 ELIMINATOR RADIATOR COVER SET +,158,200,https://flipandstrip.com/product/5930/zl600-radiator-side-covers-kawasaki-eliminator-14024-1221-guards-with-reflectors,"index, follow",Kawasaki,14024-1221,used,MOTORCYCLE > KAWASAKI > ELIMINATOR ZL 600,174,KAWASAKI ZL600 ELIMINATOR RADIATOR COVER SET + SCREWS ( 1933.2 MILES ) VERY NICE RADIATOR SIDE COVER SET AS SHOWN FOR KAWASAKI ZL 600 ELIMINATOR.INCLUDES,12,200,LONG_TITLE_REVIEW; IMAGE_DIMENSIONS; RESPONSIVE_IMAGE; MARKETPLACE_BOILERPLATE
5931,276518879637,https://flipandstrip.com/product/5931/harley-davidson-master-cylinder-cover-chrome-streak-um5c-1-phoenix,HARLEY DAVIDSON - MASTER CYLINDER COVER - CHROME STREAK - UM5C-1 PHOENIX | Flip and Strip,89,HARLEY DAVIDSON - MASTER CYLINDER COVER - CHROME STREAK - UM5C-1 PHOENIX. New PHOENIX. Price: $39.95. HARLEY DAVIDSON XL 883 1200 SPORTSTER 04-06 CLUTCH DERBY,158,200,https://flipandstrip.com/product/5931/harley-davidson-master-cylinder-cover-chrome-streak-um5c-1-phoenix,"index, follow",PHOENIX,UM5C-1,new,MOTORCYCLE > HARLEY DAVIDSON > HARLEY DAVIDSON,423,HARLEY DAVIDSON XL 883 1200 SPORTSTER 04-06 CLUTCH DERBY CHROME COVER # 34742-04,11,200,LONG_TITLE_REVIEW; DUPLICATE_SCHEMA_DESCRIPTION; IMAGE_DIMENSIONS; RESPONSIVE_IMAGE; MARKETPLACE_BOILERPLATE; EBAY_SHIPPING_COPY; USED_TEMPLATE_ON_NEW_ITEM
5932,276518879634,https://flipandstrip.com/product/5932/kawasaki-ninja-zx7r-zx7rr-engine-oil-cooler-with-bolt-oem-39068-1056,KAWASAKI NINJA ZX7R ZX7RR ENGINE OIL COOLER WITH BOLT OEM # 39068-1056 | Flip and Strip,87,KAWASAKI NINJA ZX7R ZX7RR ENGINE OIL COOLER WITH BOLT OEM # 39068-1056. Used Kawasaki. Price: $14.68. This item is an oil cooler as shown from a 1998 Kawasaki,158,200,https://flipandstrip.com/product/5932/kawasaki-ninja-zx7r-zx7rr-engine-oil-cooler-with-bolt-oem-39068-1056,"index, follow",Kawasaki,39068-1056,used,MOTORCYCLE > KAWASAKI > KAWASAKI SPORT BIKE,442,This item is an oil cooler as shown from a 1998 Kawasaki Ninja ZX7R.Comes exactly as shown. >>> See all pictures. Kawasaki 39068-1056 OIL COOLER ASSY. is used,12,200,LONG_TITLE_REVIEW; IMAGE_DIMENSIONS; RESPONSIVE_IMAGE; MARKETPLACE_BOILERPLATE; EBAY_SHIPPING_COPY
5933,276518892944,https://flipandstrip.com/product/5933/95-07-yamaha-foot-peg-mount-bracket-yzf600r-thundercat-right-rear-4jh-2742l-10,95-07 Yamaha Foot Peg Mount Bracket YZF600R Thundercat Right Rear 4JH-2742L-10 | Flip and Strip,95,95-07 Yamaha Foot Peg Mount Bracket YZF600R Thundercat Right Rear 4JH-2742L-10. Used Yamaha. Price: $23.45. YAMAHA YZF600R THUNDERCAT FOOT PEG AND BRACKET REAR,159,200,https://flipandstrip.com/product/5933/95-07-yamaha-foot-peg-mount-bracket-yzf600r-thundercat-right-rear-4jh-2742l-10,"index, follow",Yamaha,4JH-2742L-10-00,used,MOTORCYCLE > YAMAHA > YZF600R / THUNDERCAT,328,YAMAHA YZF600R THUNDERCAT FOOT PEG AND BRACKET REAR RIGHT. LOW MILES (9300 MI) - USED CONDITION. PLEASE ALL SEE PICTURES!!! (JA1 1324FAS YZF23) 4JH-2742L-10-00,10,200,LONG_TITLE_REVIEW; IMAGE_DIMENSIONS; RESPONSIVE_IMAGE; MARKETPLACE_BOILERPLATE
5934,276518879663,https://flipandstrip.com/product/5934/honda-cb-900c-900-custom-joint-coupler-spring-for-driveshaft-40210-463-000,HONDA CB 900C 900 CUSTOM ~ JOINT / COUPLER + SPRING FOR DRIVESHAFT 40210-463-000 | Flip and Strip,97,HONDA CB 900C 900 CUSTOM ~ JOINT / COUPLER + SPRING FOR DRIVESHAFT 40210-463-000. Used Honda. Price: $25.00. 1982 HONDA CB 900C - Driveshaft coupler / joint &,158,200,https://flipandstrip.com/product/5934/honda-cb-900c-900-custom-joint-coupler-spring-for-driveshaft-40210-463-000,"index, follow",Honda,40210-463-000,used,MOTORCYCLE > HONDA > CB 900,550,1982 HONDA CB 900C - Driveshaft coupler / joint & spring. You will get exactly as pictured. I HAVE OTHER PARTS LISTED FOR THIS MOTORCYCLE. I WILL,12,200,LONG_TITLE_REVIEW; IMAGE_DIMENSIONS; RESPONSIVE_IMAGE; MARKETPLACE_BOILERPLATE; EBAY_SHIPPING_COPY
5937,276518892966,https://flipandstrip.com/product/5937/04-06-yamaha-r1-ecu-pcm-ecm-cdi-computer-box-cover-case-holder-5vy-2110m-00-00,04-06 Yamaha R1 ECU PCM ECM CDI Computer Box Cover Case Holder 5VY-2110M-00-00 | Flip and Strip,95,04-06 Yamaha R1 ECU PCM ECM CDI Computer Box Cover Case Holder 5VY-2110M-00-00. Used Yamaha. Price: $9.99. YAMAHA R1 04 05 06 MOTORCYCLE > CDI COMPUTER BOX,155,200,https://flipandstrip.com/product/5937/04-06-yamaha-r1-ecu-pcm-ecm-cdi-computer-box-cover-case-holder-5vy-2110m-00-00,"index, follow",Yamaha,5VY-2110M-00-00,used,MOTORCYCLE > YAMAHA > YAMAHA R1,301,YAMAHA R1 04 05 06 MOTORCYCLE > CDI COMPUTER BOX COVER / CASE # 5VY-2110M-00-00 04 05 06 YAMAHA R1 MOTORCYCLE CDI COMPUTER BOX COVER / CASE # 5VY-2110M-00-00,12,200,LONG_TITLE_REVIEW; IMAGE_DIMENSIONS; RESPONSIVE_IMAGE; MARKETPLACE_BOILERPLATE
5938,276518892932,https://flipandstrip.com/product/5938/93-04-kawasaki-rear-axle-zx6e-600-ninja-motorcycle-with-collars-nut-41068-1350,93-04 Kawasaki Rear Axle ZX6e 600 Ninja Motorcycle with Collars Nut 41068-1350 | Flip and Strip,95,93-04 Kawasaki Rear Axle ZX6e 600 Ninja Motorcycle with Collars Nut 41068-1350. Used Kawasaki. Price: $14.95. KAWASAKI ZX6E ZZR 600 MOTRCYCLE > REAR AXLE +,155,200,https://flipandstrip.com/product/5938/93-04-kawasaki-rear-axle-zx6e-600-ninja-motorcycle-with-collars-nut-41068-1350,"index, follow",Kawasaki,41068-1350,used,MOTORCYCLE > KAWASAKI > KAWASAKI SPORT BIKE,275,KAWASAKI ZX6E ZZR 600 MOTRCYCLE > REAR AXLE + COLLARS + NUT # 41068-1350 REAR AXLE WITH ALL HARDWARE AS SHOWN FROM A 1996 KAWASAKI NINJA ZX6E WILL FIT OTHERS,12,200,LONG_TITLE_REVIEW; IMAGE_DIMENSIONS; RESPONSIVE_IMAGE; MARKETPLACE_BOILERPLATE
5939,276518892920,https://flipandstrip.com/product/5939/96-97-98-kawasaki-zx7r-tail-light-bracket-subframe-rear-center-oem-35011-1783,96 97 98 Kawasaki ZX7R Tail Light Bracket Subframe Rear Center OEM 35011-1783 | Flip and Strip,94,96 97 98 Kawasaki ZX7R Tail Light Bracket Subframe Rear Center OEM 35011-1783. Used Kawasaki. Price: $25.00. KAWASAKI NINJA ZX7R SUB FRAME REAR CENTER / TAIL,157,200,https://flipandstrip.com/product/5939/96-97-98-kawasaki-zx7r-tail-light-bracket-subframe-rear-center-oem-35011-1783,"index, follow",Kawasaki,35011-1783,used,MOTORCYCLE > KAWASAKI > KAWASAKI SPORT BIKE,206,KAWASAKI NINJA ZX7R SUB FRAME REAR CENTER / TAIL BRACKET OEM 35011-1783 This item is a SUB FRAME REAR CENTER / TAIL BRACKET as shown from a 1998 Kawasaki Ninja,10,200,LONG_TITLE_REVIEW; IMAGE_DIMENSIONS; RESPONSIVE_IMAGE; MARKETPLACE_BOILERPLATE
5940,276518892916,https://flipandstrip.com/product/5940/honda-cbr-1000f-fender-rear-with-reflectors-oem-80200-ms2-660,HONDA CBR 1000F FENDER REAR with REFLECTORS OEM 80200-MS2-660 | Flip and Strip,78,HONDA CBR 1000F FENDER REAR with REFLECTORS OEM 80200-MS2-660. Used Honda. Price: $11.73. HONDA CBR 1000F - FENDER REAR (B) + REFLECTORS - NICE !! OEM #,152,200,https://flipandstrip.com/product/5940/honda-cbr-1000f-fender-rear-with-reflectors-oem-80200-ms2-660,"index, follow",Honda,80200-MS2-660,used,MOTORCYCLE > HONDA > HONDA SPORT BIKE,510,HONDA CBR 1000F - FENDER REAR (B) + REFLECTORS - NICE !! OEM # 80200-MS2-660 Honda CBR 1000F rear fender with reflectors as shown. SOME SIGNS OF USE AND AGE,12,200,LONG_TITLE_REVIEW; IMAGE_DIMENSIONS; RESPONSIVE_IMAGE; MARKETPLACE_BOILERPLATE; EBAY_SHIPPING_COPY
5941,276518892915,https://flipandstrip.com/product/5941/87-96-honda-cbr1000f-turn-signal-blinker-rear-left-hurricaine-oem-33650-mm5-671,87-96 Honda CBR1000F Turn Signal Blinker Rear Left Hurricaine OEM 33650-MM5-671 | Flip and Strip,96,87-96 Honda CBR1000F Turn Signal Blinker Rear Left Hurricaine OEM 33650-MM5-671. Used Honda. Price: $13.47. HONDA CBR 1000F TURN SIGNAL / BLINKER REAR LEFT #,157,200,https://flipandstrip.com/product/5941/87-96-honda-cbr1000f-turn-signal-blinker-rear-left-hurricaine-oem-33650-mm5-671,"index, follow",Honda,33650-MM5-671,used,MOTORCYCLE > HONDA > HONDA SPORT BIKE,321,HONDA CBR 1000F TURN SIGNAL / BLINKER REAR LEFT # 33650-MM5-671 WORKS GREAT This item is a Honda CBR 1000F turn signal ( left rear ) #33650-MM5-671. Some,12,200,LONG_TITLE_REVIEW; IMAGE_DIMENSIONS; RESPONSIVE_IMAGE; MARKETPLACE_BOILERPLATE
5943,277531019356,https://flipandstrip.com/product/5943/kawasaki-zx-9r-tail-light-brake-lamp-zx6r-zr7-with-wire-harness-oem-23025-1269,Kawasaki ZX-9R Tail Light Brake Lamp ZX6R ZR7 with Wire Harness OEM 23025-1269 | Flip and Strip,95,Kawasaki ZX-9R Tail Light Brake Lamp ZX6R ZR7 with Wire Harness OEM 23025-1269. Used Kawasaki. Price: $39.95. KAWASAKI NINJA ZX7R SUB FRAME REAR CENTER / TAIL,158,200,https://flipandstrip.com/product/5943/kawasaki-zx-9r-tail-light-brake-lamp-zx6r-zr7-with-wire-harness-oem-23025-1269,"index, follow",Kawasaki,23025-1269,used,MOTORCYCLE > KAWASAKI > KAWASAKI SPORT BIKE,259,KAWASAKI NINJA ZX7R SUB FRAME REAR CENTER / TAIL BRACKET OEM 35011-1783 1999 KAWASAKI NINJA ZX9R Tail / Brake Light with light harness as shown in pictures,14,200,LONG_TITLE_REVIEW; IMAGE_DIMENSIONS; RESPONSIVE_IMAGE; MARKETPLACE_BOILERPLATE
5944,277098931952,https://flipandstrip.com/product/5944/97-00-suzuki-left-handlebar-clip-on-gsxr-600-switch-clutch-perch-choke-and-cable,97-00 Suzuki Left Handlebar Clip On GSXR 600 Switch Clutch Perch Choke and Cable | Flip and Strip,97,97-00 Suzuki Left Handlebar Clip On GSXR 600 Switch Clutch Perch Choke and Cable. Used Suzuki. Price: $89.95. 2000 SUZUKI GSXR 600 PART OUTVideo will open in a,159,200,https://flipandstrip.com/product/5944/97-00-suzuki-left-handlebar-clip-on-gsxr-600-switch-clutch-perch-choke-and-cable,"index, follow",Suzuki,37400-33E31,used,MOTORCYCLE > SUZUKI > SPORT BIKE,205,2000 SUZUKI GSXR 600 PART OUTVideo will open in a new windowUsing the mobile app? Copy this link into your browser: SUZUKI GSXR 600 + 750 GIXXER < 01-03 > COWL,9,200,LONG_TITLE_REVIEW; DUPLICATE_SCHEMA_DESCRIPTION; IMAGE_DIMENSIONS; RESPONSIVE_IMAGE; MARKETPLACE_BOILERPLATE
5945,276518892962,https://flipandstrip.com/product/5945/86-87-kawasaki-zl600-foot-peg-rear-left-bracket-muffler-35011-1296-eliminator,86-87 Kawasaki ZL600 Foot Peg Rear Left Bracket Muffler 35011-1296 Eliminator | Flip and Strip,94,86-87 Kawasaki ZL600 Foot Peg Rear Left Bracket Muffler 35011-1296 Eliminator. Used Kawasaki. Price: $14.65. KAWASAKI ZL600 ELIMINATOR MUFFLER STAY / BRACKET /,159,200,https://flipandstrip.com/product/5945/86-87-kawasaki-zl600-foot-peg-rear-left-bracket-muffler-35011-1296-eliminator,"index, follow",Kawasaki,35011-1296,used,MOTORCYCLE > KAWASAKI > ELIMINATOR ZL 600,168,KAWASAKI ZL600 ELIMINATOR MUFFLER STAY / BRACKET / FOOT PEG REAR LEFT 35011-1296 LEFT MUFFLER BRACKET / STAY FOR KAWASAKI ZL 600 ELIMINATOR.INCLUDES :LEFT,12,200,LONG_TITLE_REVIEW; IMAGE_DIMENSIONS; RESPONSIVE_IMAGE; MARKETPLACE_BOILERPLATE
5946,276518879678,https://flipandstrip.com/product/5946/97-98-99-00-01-02-03-04-05-06-07-yamaha-yzf600r-intake-air-tube-duct-4tv-2838n,97 98 99 00 01 02 03 04 05 06 07 YAMAHA YZF600R INTAKE AIR TUBE DUCT 4TV-2838N | Flip and Strip,95,97 98 99 00 01 02 03 04 05 06 07 YAMAHA YZF600R INTAKE AIR TUBE DUCT 4TV-2838N. Used Yamaha. Price: $12.34. YAMAHA YZF R6 + SNOW MOBILE MACHINE > THERMOSTAT,156,200,https://flipandstrip.com/product/5946/97-98-99-00-01-02-03-04-05-06-07-yamaha-yzf600r-intake-air-tube-duct-4tv-2838n,"index, follow",Yamaha,4TV-2838N-00-00,used,MOTORCYCLE > YAMAHA > YZF600R / THUNDERCAT,577,YAMAHA YZF R6 + SNOW MOBILE MACHINE > THERMOSTAT HOUSING # 5EB-12413-00-00 Yamaha YZF600R air intake duct as shown in pictures. Nice used condition. ONLY 9300,9,200,LONG_TITLE_REVIEW; IMAGE_DIMENSIONS; RESPONSIVE_IMAGE; MARKETPLACE_BOILERPLATE; EBAY_SHIPPING_COPY
5947,276518879679,https://flipandstrip.com/product/5947/mercury-mariner-outboard-40-hp-lower-bottom-cowl-cover-plate-19772a-2,MERCURY / MARINER OUTBOARD 40 HP > LOWER BOTTOM COWL COVER PLATE # 19772A 2 | Flip and Strip,92,MERCURY / MARINER OUTBOARD 40 HP > LOWER BOTTOM COWL COVER PLATE # 19772A 2. Used MERCURY. Price: $49.95. MERCURY / MARINER OUTBOARD 40 HP > LOWER BOTTOM COWL,158,200,https://flipandstrip.com/product/5947/mercury-mariner-outboard-40-hp-lower-bottom-cowl-cover-plate-19772a-2,"index, follow",MERCURY,9772A 2,used,MARINE / BOAT PARTS > MERCURY / MARINER 40 HP,852,MERCURY / MARINER OUTBOARD 40 HP > LOWER BOTTOM COWL COVER PLATE # 19772A 2 This item is a lower / bottom cowl as shown from a Mariner 40 HP 4 CYL .It is used,12,200,LONG_TITLE_REVIEW; IMAGE_DIMENSIONS; RESPONSIVE_IMAGE; MARKETPLACE_BOILERPLATE; EBAY_SHIPPING_COPY
5948,277098931951,https://flipandstrip.com/product/5948/1988-honda-trx-350-fourtrax-atv-transmission-shift-forks-shaft-24211-ha0-010,1988 HONDA TRX 350 FOURTRAX ATV - TRANSMISSION SHIFT FORKS + SHAFT 24211-HA0-010 | Flip and Strip,97,1988 HONDA TRX 350 FOURTRAX ATV - TRANSMISSION SHIFT FORKS + SHAFT 24211-HA0-010. Used HONDA. Price: $19.97. HONDA TRX 350 FOUR TRAX ATV - TRANSMISSION SHIFT,157,200,https://flipandstrip.com/product/5948/1988-honda-trx-350-fourtrax-atv-transmission-shift-forks-shaft-24211-ha0-010,"index, follow",HONDA,24211-HA0-010,used,ATV 4 WHEELER / ATC 3 WHEELER > HONDA > HONDA TRX 350,434,HONDA TRX 350 FOUR TRAX ATV - TRANSMISSION SHIFT FORKS AND SHAFT # 24211-HA0-010 1988 HONDA TRX 350 FOURTRAX ATV - TRANSMISSION SHIFT FORKS + SHAFT,12,200,LONG_TITLE_REVIEW; IMAGE_DIMENSIONS; RESPONSIVE_IMAGE; MARKETPLACE_BOILERPLATE; EBAY_SHIPPING_COPY
5951,276518879684,https://flipandstrip.com/product/5951/77-85-harley-davidson-sportster-primary-chain-adjuster-spring-13-9163,77 - 85 HARLEY DAVIDSON SPORTSTER - PRIMARY CHAIN ADJUSTER SPRING # 13-9163 | Flip and Strip,92,77 - 85 HARLEY DAVIDSON SPORTSTER - PRIMARY CHAIN ADJUSTER SPRING # 13-9163. New Harley-Davidson. Price: $14.95. HARLEY DAVIDSON XL 883 1200 SPORTSTER 04-06,156,200,https://flipandstrip.com/product/5951/77-85-harley-davidson-sportster-primary-chain-adjuster-spring-13-9163,"index, follow",Harley-Davidson,13-9163,new,MOTORCYCLE > HARLEY DAVIDSON > HARLEY DAVIDSON,414,HARLEY DAVIDSON XL 883 1200 SPORTSTER 04-06 CLUTCH DERBY CHROME COVER # 34742-04,10,200,LONG_TITLE_REVIEW; DUPLICATE_SCHEMA_DESCRIPTION; IMAGE_DIMENSIONS; RESPONSIVE_IMAGE; MARKETPLACE_BOILERPLATE; EBAY_SHIPPING_COPY; USED_TEMPLATE_ON_NEW_ITEM
5952,277664044748,https://flipandstrip.com/product/5952/citizen-eco-drive-watch-pcat-radio-controlled-atomic-perpetual-e650-s075157,Citizen Eco Drive Watch PCAT Radio Controlled Atomic Perpetual E650-S075157 | Flip and Strip,92,Citizen Eco Drive Watch PCAT Radio Controlled Atomic Perpetual E650-S075157. Pre-owned - Good Citizen. Price: $345.00. The Citizen Eco Drive Wrist Watch PCAT,157,200,https://flipandstrip.com/product/5952/citizen-eco-drive-watch-pcat-radio-controlled-atomic-perpetual-e650-s075157,"index, follow",Citizen,Citizen Eco-Drive,used,WATCHES  / BIKER GIFTS,314,The Citizen Eco Drive Wrist Watch PCAT Men's Perpetual Chrono E650-S075157 is a stylish and functional timepiece suitable for men. With a reliable quartz,24,200,LONG_TITLE_REVIEW; IMAGE_DIMENSIONS; RESPONSIVE_IMAGE; MARKETPLACE_BOILERPLATE; EBAY_SHIPPING_COPY
5953,276518879594,https://flipandstrip.com/product/5953/honda-cb-750-1974-motorcycle-kick-start-gear-nice-28210300000,HONDA CB 750 (1974) MOTORCYCLE - KICK START GEAR NICE # 28210300000 | Flip and Strip,84,HONDA CB 750 (1974) MOTORCYCLE - KICK START GEAR NICE # 28210300000. Used Honda. Price: $4.78. HONDA CB 750 (1974) MOTORCYCLE - KICK START GEAR NICE #,150,200,https://flipandstrip.com/product/5953/honda-cb-750-1974-motorcycle-kick-start-gear-nice-28210300000,"index, follow",Honda,28210300000,used,MOTORCYCLE > HONDA > CB 750,427,"HONDA CB 750 (1974) MOTORCYCLE - KICK START GEAR NICE # 28210300000 1974 HONDA CB 750 KICK START GEAR AS SHOWN. Some scuffs , scratches and signs of use and",12,200,LONG_TITLE_REVIEW; IMAGE_DIMENSIONS; RESPONSIVE_IMAGE; MARKETPLACE_BOILERPLATE; EBAY_SHIPPING_COPY
5954,277098931996,https://flipandstrip.com/product/5954/97-07-yamaha-yzr600-thundercat-yzf1000-front-fender-back-half-mud-guard,97-07 Yamaha YZR600 Thundercat YZF1000 Front Fender Back Half Mud Guard | Flip and Strip,88,97-07 Yamaha YZR600 Thundercat YZF1000 Front Fender Back Half Mud Guard. Used Yamaha. Price: $19.87. Please visit my eBay Store for more parts !!!! YAMAHA,154,200,https://flipandstrip.com/product/5954/97-07-yamaha-yzr600-thundercat-yzf1000-front-fender-back-half-mud-guard,"index, follow",Yamaha,4SV-21556-00-00,used,MOTORCYCLE > YAMAHA > YZF600R / THUNDERCAT,438,Please visit my eBay Store for more parts !!!! YAMAHA YZF600R THUNDERCAT FRONT FENDER BACK HALF AS SHOWN. WORKS GREAT!!! LOW MILES (7884 MI) PLEASE ALL SEE,8,200,LONG_TITLE_REVIEW; IMAGE_DIMENSIONS; RESPONSIVE_IMAGE; MARKETPLACE_BOILERPLATE; EBAY_SHIPPING_COPY
5955,277098931983,https://flipandstrip.com/product/5955/kawasaki-ninja-zx6r-zzr600-starter-idler-gear-spur-48-14-tooth-oem-59051-1200,Kawasaki Ninja ZX6r ZZR600 Starter Idler Gear Spur 48/14 Tooth OEM 59051-1200 | Flip and Strip,94,Kawasaki Ninja ZX6r ZZR600 Starter Idler Gear Spur 48/14 Tooth OEM 59051-1200. Used KAWASAKI. Price: $16.56. KAWASAKI NINJA ZX6R + ZZR > STARTER IDLER GEAR /,157,200,https://flipandstrip.com/product/5955/kawasaki-ninja-zx6r-zzr600-starter-idler-gear-spur-48-14-tooth-oem-59051-1200,"index, follow",KAWASAKI,59051-1200,used,MOTORCYCLE > KAWASAKI > KAWASAKI SPORT BIKE,348,KAWASAKI NINJA ZX6R + ZZR > STARTER IDLER GEAR / SPUR 48/14 TOOTH # 59051-1200 THIS ITEM IS A IDLER / SPUR GEAR SET FROM A 1996 KAWASAKI NINJA ZX6R WILL FIT,12,200,LONG_TITLE_REVIEW; IMAGE_DIMENSIONS; RESPONSIVE_IMAGE; MARKETPLACE_BOILERPLATE; EBAY_SHIPPING_COPY
5956,277098931970,https://flipandstrip.com/product/5956/2011-harley-davidson-xl-883-l-sportster-rear-axle-spacers-hardware-41176-08,"2011 Harley Davidson XL 883 L Sportster Rear Axle , Spacers , Hardware 41176-08 | Flip and Strip",96,"2011 Harley Davidson XL 883 L Sportster Rear Axle , Spacers , Hardware 41176-08. Used Harley-Davidson. Price: $19.95. HARLEY DAVIDSON XL 883 1200 SPORTSTER",155,200,https://flipandstrip.com/product/5956/2011-harley-davidson-xl-883-l-sportster-rear-axle-spacers-hardware-41176-08,"index, follow",Harley-Davidson,41176-08,used,MOTORCYCLE > HARLEY DAVIDSON > 883 SPORTSTER,180,HARLEY DAVIDSON XL 883 1200 SPORTSTER 04-06 CLUTCH DERBY CHROME COVER # 34742-04,5,200,LONG_TITLE_REVIEW; DUPLICATE_SCHEMA_DESCRIPTION; IMAGE_DIMENSIONS; RESPONSIVE_IMAGE; MARKETPLACE_BOILERPLATE
5957,277098931974,https://flipandstrip.com/product/5957/harley-davidson-isolation-rubbers-kuryakyn-ku-7989-motorcycle-8-pack,Harley Davidson Isolation Rubbers Kuryakyn KU-7989 Motorcycle 8 Pack | Flip and Strip,85,Harley Davidson Isolation Rubbers Kuryakyn KU-7989 Motorcycle 8 Pack. New Kuryakyn. Price: $12.95. HARLEY DAVIDSON XL 883 1200 SPORTSTER 04-06 CLUTCH DERBY,155,200,https://flipandstrip.com/product/5957/harley-davidson-isolation-rubbers-kuryakyn-ku-7989-motorcycle-8-pack,"index, follow",Kuryakyn,KU7989,new,MOTORCYCLE > HARLEY DAVIDSON > HARLEY DAVIDSON,168,HARLEY DAVIDSON XL 883 1200 SPORTSTER 04-06 CLUTCH DERBY CHROME COVER # 34742-04,10,200,LONG_TITLE_REVIEW; DUPLICATE_SCHEMA_DESCRIPTION; IMAGE_DIMENSIONS; RESPONSIVE_IMAGE; MARKETPLACE_BOILERPLATE; USED_TEMPLATE_ON_NEW_ITEM
5959,10024 FAS,https://flipandstrip.com/product/5959/yamaha-grizzly-graphic-rear-right-decal-sticker-yfm700-4x4-2017-oem-b31-f165h-30,Yamaha Grizzly Graphic Rear Right Decal Sticker YFM700 4x4 2017 OEM B31-F165H-30 | Flip and Strip,97,Yamaha Grizzly Graphic Rear Right Decal Sticker YFM700 4x4 2017 OEM B31-F165H-30. New Yamaha. Price: $39.95. The product is a genuine OEM rear right decal,154,200,https://flipandstrip.com/product/5959/yamaha-grizzly-graphic-rear-right-decal-sticker-yfm700-4x4-2017-oem-b31-f165h-30,"index, follow",Yamaha,B31-F165H-30,new,ATV 4 WHEELER / ATC 3 WHEELER > YAMAHA > YAMAHA,248,"The product is a genuine OEM rear right decal sticker for a 2017 Yamaha Grizzly YFM700 4x4 ATV. With a blue color and featuring a 4x4 theme, this decal is",8,200,LONG_TITLE_REVIEW; IMAGE_DIMENSIONS; RESPONSIVE_IMAGE; MARKETPLACE_BOILERPLATE; EBAY_SHIPPING_COPY; USED_TEMPLATE_ON_NEW_ITEM
5960,277098932035,https://flipandstrip.com/product/5960/85-87-kawasaki-swingarm-zl900-zl1000-eliminator-rear-suspension-oem-33001-1244,85-87 Kawasaki Swingarm ZL900 ZL1000 Eliminator Rear Suspension OEM 33001-1244 | Flip and Strip,95,85-87 Kawasaki Swingarm ZL900 ZL1000 Eliminator Rear Suspension OEM 33001-1244. Used kawasaki. Price: $87.65. KAWASAKI ZL 900 ELIMINATOR > UPPER FORK HOLDER /,158,200,https://flipandstrip.com/product/5960/85-87-kawasaki-swingarm-zl900-zl1000-eliminator-rear-suspension-oem-33001-1244,"index, follow",kawasaki,33001-1244,used,MOTORCYCLE > KAWASAKI > ELIMINATOR ZL 1000,335,KAWASAKI ZL 900 ELIMINATOR > UPPER FORK HOLDER / TRIPLE TREE + CLAMPS 44039-1124 SWINGARM FOR KAWASAKI ZL 900 ELIMINATOR.WAS RECENTLY REPAINTED OR POWDER,12,200,LONG_TITLE_REVIEW; IMAGE_DIMENSIONS; RESPONSIVE_IMAGE; MARKETPLACE_BOILERPLATE; EBAY_SHIPPING_COPY
5961,3039 FAS,https://flipandstrip.com/product/5961/harley-davidson-v-rod-02-17-clutch-lever-arlen-ness-for-mechanical-cable-clutch,Harley Davidson V Rod 02-17 Clutch Lever Arlen Ness for Mechanical Cable Clutch | Flip and Strip,96,Harley Davidson V Rod 02-17 Clutch Lever Arlen Ness for Mechanical Cable Clutch. New Arlen Ness. Price: $249.95. HARLEY DAVIDSON XL 883 1200 SPORTSTER 04-06,156,200,https://flipandstrip.com/product/5961/harley-davidson-v-rod-02-17-clutch-lever-arlen-ness-for-mechanical-cable-clutch,"index, follow",Arlen Ness,80-662,new,MOTORCYCLE > HARLEY DAVIDSON > HARLEY DAVIDSON,339,HARLEY DAVIDSON XL 883 1200 SPORTSTER 04-06 CLUTCH DERBY CHROME COVER # 34742-04 custom control setup for 2002–2017 Harley-Davidson V-Rod models integrates a,9,200,LONG_TITLE_REVIEW; IMAGE_DIMENSIONS; RESPONSIVE_IMAGE; MARKETPLACE_BOILERPLATE; EBAY_SHIPPING_COPY; USED_TEMPLATE_ON_NEW_ITEM
5963,275536544809,https://flipandstrip.com/product/5963/harley-davidson-speedometer-cable-end-chrome-cover-ds-390431,Harley Davidson Speedometer Cable End Chrome Cover DS-390431 | Flip and Strip,77,Harley Davidson Speedometer Cable End Chrome Cover DS-390431. New other (see details) Drag Specialties. Price: $4.95. HARLEY DAVIDSON XL 883 1200 SPORTSTER,155,200,https://flipandstrip.com/product/5963/harley-davidson-speedometer-cable-end-chrome-cover-ds-390431,"index, follow",Drag Specialties,DS-390431,used,MOTORCYCLE > HARLEY DAVIDSON > HARLEY DAVIDSON,445,HARLEY DAVIDSON XL 883 1200 SPORTSTER 04-06 CLUTCH DERBY CHROME COVER # 34742-04,11,200,LONG_TITLE_REVIEW; DUPLICATE_SCHEMA_DESCRIPTION; IMAGE_DIMENSIONS; RESPONSIVE_IMAGE; MARKETPLACE_BOILERPLATE; EBAY_SHIPPING_COPY
5964,276518879592,https://flipandstrip.com/product/5964/kawasaki-zl900-zl1000-eliminator-zg1000-bevel-gear-case-bearing-cap,KAWASAKI ZL900 + ZL1000 ELIMINATOR + ZG1000 BEVEL GEAR CASE BEARING CAP | Flip and Strip,88,KAWASAKI ZL900 + ZL1000 ELIMINATOR + ZG1000 BEVEL GEAR CASE BEARING CAP. Used Kawasaki. Price: $12.34. KAWASAKI ZL 900 ELIMINATOR > UPPER FORK HOLDER / TRIPLE,158,200,https://flipandstrip.com/product/5964/kawasaki-zl900-zl1000-eliminator-zg1000-bevel-gear-case-bearing-cap,"index, follow",Kawasaki,11012-1477,used,MOTORCYCLE > KAWASAKI > ELIMINATOR ZL 1000,400,KAWASAKI ZL 900 ELIMINATOR > UPPER FORK HOLDER / TRIPLE TREE + CLAMPS 44039-1124 GEAR / BEVEL CASE BEARING CAP AS SHOWN FOR KAWASAKI ZL 900 + 1000 ELIMINATOR &,11,200,LONG_TITLE_REVIEW; IMAGE_DIMENSIONS; RESPONSIVE_IMAGE; MARKETPLACE_BOILERPLATE; EBAY_SHIPPING_COPY
5965,276518879587,https://flipandstrip.com/product/5965/98-kawasaki-ninja-zx9-rear-shock-suspension-green-spring-dog-bone-link,98 KAWASAKI NINJA ZX9 - REAR SHOCK SUSPENSION ( GREEN SPRING ) + DOG BONE - LINK | Flip and Strip,97,98 KAWASAKI NINJA ZX9 - REAR SHOCK SUSPENSION ( GREEN SPRING ) + DOG BONE - LINK. Used Kawasaki. Price: $49.95. KAWASAKI NINJA ZX7R SUB FRAME REAR CENTER /,155,200,https://flipandstrip.com/product/5965/98-kawasaki-ninja-zx9-rear-shock-suspension-green-spring-dog-bone-link,"index, follow",Kawasaki,45014-1674,used,MOTORCYCLE > KAWASAKI > KAWASAKI SPORT BIKE,375,KAWASAKI NINJA ZX7R SUB FRAME REAR CENTER / TAIL BRACKET OEM 35011-1783,12,200,LONG_TITLE_REVIEW; DUPLICATE_SCHEMA_DESCRIPTION; IMAGE_DIMENSIONS; RESPONSIVE_IMAGE; MARKETPLACE_BOILERPLATE; EBAY_SHIPPING_COPY
5966,276518879589,https://flipandstrip.com/product/5966/honda-cb-700-s-nighthawk-license-plate-light-bracket-assy-33720-mj1-670,HONDA CB 700 S NIGHTHAWK - LICENSE PLATE LIGHT + BRACKET ASSY # 33720-MJ1-670 | Flip and Strip,94,HONDA CB 700 S NIGHTHAWK - LICENSE PLATE LIGHT + BRACKET ASSY # 33720-MJ1-670. Used Honda. Price: $19.94. This is a license plate light and bracket from a,154,200,https://flipandstrip.com/product/5966/honda-cb-700-s-nighthawk-license-plate-light-bracket-assy-33720-mj1-670,"index, follow",Honda,33720-MJ1-670,used,MOTORCYCLE > HONDA > CB 700 SC / NIGHTHAWK,324,This is a license plate light and bracket from a Honda CB 700 S . It is used . It is complete as shown in pictures. See All pictures!! Honda 33720-MJ1-670,12,200,LONG_TITLE_REVIEW; IMAGE_DIMENSIONS; RESPONSIVE_IMAGE; MARKETPLACE_BOILERPLATE; EBAY_SHIPPING_COPY
5967,276518879614,https://flipandstrip.com/product/5967/harley-davidson-smoothie-front-pulley-cover-ke40088,HARLEY DAVIDSON SMOOTHIE FRONT PULLEY COVER # KE40088 | Flip and Strip,70,HARLEY DAVIDSON SMOOTHIE FRONT PULLEY COVER # KE40088. Used Harley-Davidson. Price: $149.95. HARLEY DAVIDSON XL 883 1200 SPORTSTER 04-06 CLUTCH DERBY CHROME,156,200,https://flipandstrip.com/product/5967/harley-davidson-smoothie-front-pulley-cover-ke40088,"index, follow",Harley-Davidson,KE40088,used,MOTORCYCLE > HARLEY DAVIDSON > 883 SPORTSTER,420,HARLEY DAVIDSON XL 883 1200 SPORTSTER 04-06 CLUTCH DERBY CHROME COVER # 34742-04,8,200,DUPLICATE_SCHEMA_DESCRIPTION; IMAGE_DIMENSIONS; RESPONSIVE_IMAGE; MARKETPLACE_BOILERPLATE; EBAY_SHIPPING_COPY
5968,276518879613,https://flipandstrip.com/product/5968/03-04-suzuki-gsxr-1000-swingarm-pivot-boss-mount-set-gold-61214-33e10,03-04 SUZUKI GSXR 1000 Swingarm Pivot Boss / Mount Set ( GOLD ) # 61214-33E10 | Flip and Strip,94,03-04 SUZUKI GSXR 1000 Swingarm Pivot Boss / Mount Set ( GOLD ) # 61214-33E10. Used Suzuki. Price: $49.95. SUZUKI GSXR 1000 GIXXER < 05 06 > FRONT COWL FAIRING,159,200,https://flipandstrip.com/product/5968/03-04-suzuki-gsxr-1000-swingarm-pivot-boss-mount-set-gold-61214-33e10,"index, follow",Suzuki,61214-33E10,used,MOTORCYCLE > SUZUKI > SPORT BIKE,415,SUZUKI GSXR 1000 GIXXER < 05 06 > FRONT COWL FAIRING COWLING PANEL BLUE & BLACK FOR MORE GSXR1000 PARTS CLICK HERE >>,8,200,LONG_TITLE_REVIEW; DUPLICATE_SCHEMA_DESCRIPTION; IMAGE_DIMENSIONS; RESPONSIVE_IMAGE; MARKETPLACE_BOILERPLATE; EBAY_SHIPPING_COPY
5969,276518879610,https://flipandstrip.com/product/5969/kawasaki-ninja-250-300-zx6r-636-zx6rr-z750-sherpa-valve-lifter-bucket-tappet,KAWASAKI NINJA 250 300 ZX6R 636 ZX6RR Z750 SHERPA - VALVE LIFTER BUCKET TAPPET | Flip and Strip,95,KAWASAKI NINJA 250 300 ZX6R 636 ZX6RR Z750 SHERPA - VALVE LIFTER BUCKET TAPPET. Used Kawasaki. Price: $9.87. KAWASAKI NINJA ZX6R > OIL TUBE / LINE / HOSE +,155,200,https://flipandstrip.com/product/5969/kawasaki-ninja-250-300-zx6r-636-zx6rr-z750-sherpa-valve-lifter-bucket-tappet,"index, follow",Kawasaki,12032-0008,used,MOTORCYCLE > KAWASAKI > KAWASAKI SPORT BIKE,788,KAWASAKI NINJA ZX6R > OIL TUBE / LINE / HOSE + BANJO BOLTS + MORE # 51044-1179 ((( THIS PRICE IS FOR 1 EACH ))) VALVE TAPPET / LIFTER / BUCKET .NO SHIM ((((,12,200,LONG_TITLE_REVIEW; IMAGE_DIMENSIONS; RESPONSIVE_IMAGE; MARKETPLACE_BOILERPLATE; EBAY_SHIPPING_COPY
5970,276518892959,https://flipandstrip.com/product/5970/77-84-harley-davidson-fork-seal-41mm-fl-flt-fhlt-fxwg-45843-77,77-84 Harley Davidson Fork Seal 41mm FL FLT FHLT FXWG 45843-77 | Flip and Strip,79,77-84 Harley Davidson Fork Seal 41mm FL FLT FHLT FXWG 45843-77. New Mid USA. Price: $3.33. HARLEY DAVIDSON ( FL 77 - 84 + FLT FHLT FXWG 80 - 83 ) FORK SEAL,155,200,https://flipandstrip.com/product/5970/77-84-harley-davidson-fork-seal-41mm-fl-flt-fhlt-fxwg-45843-77,"index, follow",Mid USA,45843-77,new,MOTORCYCLE > HARLEY DAVIDSON > HARLEY DAVIDSON,531,HARLEY DAVIDSON ( FL 77 - 84 + FLT FHLT FXWG 80 - 83 ) FORK SEAL 41MM # 45843-77 THIS ITEM IS A 41 MM FORK SEAL . MID - USA #45843-77. FL 77 - 84 FLT FHLT FXWG,12,200,LONG_TITLE_REVIEW; IMAGE_DIMENSIONS; RESPONSIVE_IMAGE; MARKETPLACE_BOILERPLATE; EBAY_SHIPPING_COPY; USED_TEMPLATE_ON_NEW_ITEM
5971,276518879647,https://flipandstrip.com/product/5971/evinrude-200-225-250-hp-oem-electric-starter-4249904-0586731-very-nice,EVINRUDE 200 + 225 + 250 HP OEM ELECTRIC STARTER # 4249904 # 0586731 VERY NICE! | Flip and Strip,96,EVINRUDE 200 + 225 + 250 HP OEM ELECTRIC STARTER # 4249904 # 0586731 VERY NICE!. Used Evinrude. Price: $149.95. MERCURY / MARINER 40 HP 4 CYL ( LOWER COWL,154,200,https://flipandstrip.com/product/5971/evinrude-200-225-250-hp-oem-electric-starter-4249904-0586731-very-nice,"index, follow",Evinrude,4249904,used,MARINE / BOAT PARTS > EVINRUDE / JOHNSON,1607,MERCURY / MARINER 40 HP 4 CYL ( LOWER COWL SKIRT TRIM COVER ) NLA # 18871T 6 Evinrude 200 - 225 - 250 HP starter # 0586731 / 4249904. Tested and works,12,200,LONG_TITLE_REVIEW; IMAGE_DIMENSIONS; RESPONSIVE_IMAGE; MARKETPLACE_BOILERPLATE; EBAY_SHIPPING_COPY
5972,276518879642,https://flipandstrip.com/product/5972/harley-davidson-flht-windshield-dash-radio-bolt-kit-gardner-westcott,HARLEY DAVIDSON FLHT - WINDSHIELD + DASH + RADIO BOLT KIT - GARDNER WESTCOTT | Flip and Strip,93,HARLEY DAVIDSON FLHT - WINDSHIELD + DASH + RADIO BOLT KIT - GARDNER WESTCOTT. New GARDNER - WESTCOTT. Price: $37.95. HARLEY DAVIDSON XL 883 1200 SPORTSTER,154,200,https://flipandstrip.com/product/5972/harley-davidson-flht-windshield-dash-radio-bolt-kit-gardner-westcott,"index, follow",GARDNER - WESTCOTT,P-80-67,new,MOTORCYCLE > HARLEY DAVIDSON > HARLEY DAVIDSON,425,HARLEY DAVIDSON XL 883 1200 SPORTSTER 04-06 CLUTCH DERBY CHROME COVER # 34742-04,12,200,LONG_TITLE_REVIEW; DUPLICATE_SCHEMA_DESCRIPTION; IMAGE_DIMENSIONS; RESPONSIVE_IMAGE; DESCRIPTION_RELEVANCE_REVIEW; MARKETPLACE_BOILERPLATE; EBAY_SHIPPING_COPY; USED_TEMPLATE_ON_NEW_ITEM
5973,276518879639,https://flipandstrip.com/product/5973/77-84-harley-davidson-fl-chrome-windshield-trim-drag-specialties-nos-710340,77-84 HARLEY DAVIDSON - FL CHROME WINDSHIELD TRIM DRAG SPECIALTIES (NOS) 710340 | Flip and Strip,96,77-84 HARLEY DAVIDSON - FL CHROME WINDSHIELD TRIM DRAG SPECIALTIES (NOS) 710340. New other (see details) Drag Specialties. Price: $39.99. HARLEY DAVIDSON XL,156,200,https://flipandstrip.com/product/5973/77-84-harley-davidson-fl-chrome-windshield-trim-drag-specialties-nos-710340,"index, follow",Drag Specialties,710340,used,MOTORCYCLE > HARLEY DAVIDSON > HARLEY DAVIDSON,452,HARLEY DAVIDSON XL 883 1200 SPORTSTER 04-06 CLUTCH DERBY CHROME COVER # 34742-04,12,200,LONG_TITLE_REVIEW; DUPLICATE_SCHEMA_DESCRIPTION; IMAGE_DIMENSIONS; RESPONSIVE_IMAGE; MARKETPLACE_BOILERPLATE; EBAY_SHIPPING_COPY
5974,276518892950,https://flipandstrip.com/product/5974/01-05-yamaha-fan-motor-fz1-fzs1000-radiator-blower-and-blade-5lv-12405-00-00,01-05 Yamaha Fan Motor Fz1 FZS1000 Radiator Blower and Blade 5LV-12405-00-00 | Flip and Strip,93,01-05 Yamaha Fan Motor Fz1 FZS1000 Radiator Blower and Blade 5LV-12405-00-00. Used Yamaha. Price: $25.00. YAMAHA FZ1 FZ-1 FZS1000 RADIATOR COOLING FAN MOTOR,156,200,https://flipandstrip.com/product/5974/01-05-yamaha-fan-motor-fz1-fzs1000-radiator-blower-and-blade-5lv-12405-00-00,"index, follow",Yamaha,5LV-12405-00-00,used,MOTORCYCLE > YAMAHA > YAMAHA SPORT BIKE,295,YAMAHA FZ1 FZ-1 FZS1000 RADIATOR COOLING FAN MOTOR BLOWER # 5LV-12405-00-00 COOLING / RADIATOR FAN MOTOR AS SHOWN .IT IS OFF A 2001 YAMAHA FZ1.THIS IS USED ON,11,200,LONG_TITLE_REVIEW; IMAGE_DIMENSIONS; RESPONSIVE_IMAGE; MARKETPLACE_BOILERPLATE
5975,276518892948,https://flipandstrip.com/product/5975/11-15-kawasaki-adjusters-chain-axle-zx-10r-lightech-red-ninja,11-15 Kawasaki Adjusters Chain Axle ZX-10R Lightech Red Ninja | Flip and Strip,78,11-15 Kawasaki Adjusters Chain Axle ZX-10R Lightech Red Ninja. Used Kawasaki. Price: $125.00. KAWASAKI NINJA ZX6R > OIL TUBE / LINE / HOSE + BANJO BOLTS + MORE,159,200,https://flipandstrip.com/product/5975/11-15-kawasaki-adjusters-chain-axle-zx-10r-lightech-red-ninja,"index, follow",Kawasaki,TEKA002-02,used,MOTORCYCLE > KAWASAKI > ZX-10R NINJA,281,KAWASAKI NINJA ZX6R > OIL TUBE / LINE / HOSE + BANJO BOLTS + MORE # 51044-1179 11-15 Kawasaki ZX-10R Ninja ZX10R Lightech chain adjuster set as shown.OEM #,21,200,LONG_TITLE_REVIEW; IMAGE_DIMENSIONS; RESPONSIVE_IMAGE; MARKETPLACE_BOILERPLATE; EBAY_SHIPPING_COPY
5976,276518892949,https://flipandstrip.com/product/5976/90-96-honda-cbr1000f-rear-shock-arm-link-dog-bone-rod-hurricane-52470-mm5-000,90-96 Honda CBR1000F Rear Shock Arm Link Dog Bone Rod Hurricane 52470-MM5-000 | Flip and Strip,94,90-96 Honda CBR1000F Rear Shock Arm Link Dog Bone Rod Hurricane 52470-MM5-000. Used Honda. Price: $24.50. HONDA CBR 1000F (90 - 96) REAR SHOCK ARM LINK DOG,155,200,https://flipandstrip.com/product/5976/90-96-honda-cbr1000f-rear-shock-arm-link-dog-bone-rod-hurricane-52470-mm5-000,"index, follow",Honda,52470-MM5-000,used,MOTORCYCLE > HONDA > HONDA SPORT BIKE,168,HONDA CBR 1000F (90 - 96) REAR SHOCK ARM LINK DOG BONE CONNECTING ROD Honda CBR 1000F 52460-MS2-000 ROD ASSY SHOCK CONNECTING & 52470-MM5-000 ARM ASSY AS SHOWN,8,200,LONG_TITLE_REVIEW; IMAGE_DIMENSIONS; RESPONSIVE_IMAGE; MARKETPLACE_BOILERPLATE
5977,276518892946,https://flipandstrip.com/product/5977/yamaha-thermostat-housing-yzf-r6-rs-snow-mobile-machine-oem-5eb-12413-00-00,Yamaha Thermostat Housing YZF R6 RS Snow Mobile Machine OEM 5EB-12413-00-00 | Flip and Strip,92,Yamaha Thermostat Housing YZF R6 RS Snow Mobile Machine OEM 5EB-12413-00-00. Used Yamaha. Price: $9.48. YAMAHA YZF R6 + SNOW MOBILE MACHINE > THERMOSTAT,152,200,https://flipandstrip.com/product/5977/yamaha-thermostat-housing-yzf-r6-rs-snow-mobile-machine-oem-5eb-12413-00-00,"index, follow",Yamaha,5EB-12413-00-00,used,MOTORCYCLE > YAMAHA > YAMAHA SPORT BIKE,917,YAMAHA YZF R6 + SNOW MOBILE MACHINE > THERMOSTAT HOUSING # 5EB-12413-00-00 This item is a thermostat housing as shown .It is off a 2002 Yamaha YZF R6. There,12,200,LONG_TITLE_REVIEW; IMAGE_DIMENSIONS; RESPONSIVE_IMAGE; MARKETPLACE_BOILERPLATE
5978,276518892971,https://flipandstrip.com/product/5978/99-00-yamaha-r1-front-fender-mud-guard-custom-cut-4xv-21511-01,99-00 Yamaha R1 Front Fender Mud Guard CUSTOM CUT 4XV-21511-01 | Flip and Strip,79,99-00 Yamaha R1 Front Fender Mud Guard CUSTOM CUT 4XV-21511-01. Used Yamaha. Price: $29.95. HARLEY DAVIDSON XL 883 1200 SPORTSTER 04-06 CLUTCH DERBY CHROME,155,200,https://flipandstrip.com/product/5978/99-00-yamaha-r1-front-fender-mud-guard-custom-cut-4xv-21511-01,"index, follow",Yamaha,4XV-21511-01,used,MOTORCYCLE > YAMAHA > YAMAHA SPORT BIKE,238,HARLEY DAVIDSON XL 883 1200 SPORTSTER 04-06 CLUTCH DERBY CHROME COVER # 34742-04 99 Yamaha YZF R1 Front Fender # 4XV-21511-01 Some one has cut out the sides as,14,200,LONG_TITLE_REVIEW; IMAGE_DIMENSIONS; RESPONSIVE_IMAGE; MARKETPLACE_BOILERPLATE
5979,276518879657,https://flipandstrip.com/product/5979/kawasaki-vn-1500-vulcan-motorcycle-side-cover-right-white-36001-1562-h8,"KAWASAKI VN 1500 VULCAN MOTORCYCLE > SIDE COVER RIGHT "" WHITE "" # 36001-1562-H8 | Flip and Strip",96,"KAWASAKI VN 1500 VULCAN MOTORCYCLE > SIDE COVER RIGHT "" WHITE "" # 36001-1562-H8. Used Kawasaki. Price: $25.46. KAWASAKI VN 1500 VULCAN MOTORCYCLE > SIDE COVER",158,200,https://flipandstrip.com/product/5979/kawasaki-vn-1500-vulcan-motorcycle-side-cover-right-white-36001-1562-h8,"index, follow",Kawasaki,36001-1562-H8,used,MOTORCYCLE > KAWASAKI > KAWASAKI CRUISER,445,"KAWASAKI VN 1500 VULCAN MOTORCYCLE > SIDE COVER RIGHT "" WHITE "" # 36001-1562-H8 THIS ITEM IS A RIGHT SIDE COVERFROM A 1996 KAWASAKI VN 1500.IT HAS A FEW",12,200,LONG_TITLE_REVIEW; IMAGE_DIMENSIONS; RESPONSIVE_IMAGE; MARKETPLACE_BOILERPLATE; EBAY_SHIPPING_COPY
5980,276518892938,https://flipandstrip.com/product/5980/96-03-kawasaki-zx7r-rear-shock-14-coil-over-3-way-adjustable-45014-1617-ninja,"96-03 Kawasaki ZX7R Rear Shock 14"" Coil Over 3 Way Adjustable 45014-1617 Ninja | Flip and Strip",95,"96-03 Kawasaki ZX7R Rear Shock 14"" Coil Over 3 Way Adjustable 45014-1617 Ninja. Used Kawasaki. Price: $29.95. KAWASAKI NINJA ZX7R REAR SHOCK 14"" COIL OVER 3",156,200,https://flipandstrip.com/product/5980/96-03-kawasaki-zx7r-rear-shock-14-coil-over-3-way-adjustable-45014-1617-ninja,"index, follow",Kawasaki,45014-1617,used,MOTORCYCLE > KAWASAKI > KAWASAKI SPORT BIKE,232,"KAWASAKI NINJA ZX7R REAR SHOCK 14"" COIL OVER 3 WAY ADJUSTABLE 45014-1617 This item is a rear 14"" coil over shock triple adjustable as shown from a 1998",12,200,LONG_TITLE_REVIEW; IMAGE_DIMENSIONS; RESPONSIVE_IMAGE; MARKETPLACE_BOILERPLATE
5981,276518892933,https://flipandstrip.com/product/5981/2000-victory-v92sc-flywheel-with-bolt-and-keyway-3031005,2000 Victory V92sc Flywheel with Bolt and Keyway 3031005 | Flip and Strip,73,2000 Victory V92sc Flywheel with Bolt and Keyway 3031005. Used Victory. Price: $39.95. HARLEY DAVIDSON XL 883 1200 SPORTSTER 04-06 CLUTCH DERBY CHROME COVER #,158,200,https://flipandstrip.com/product/5981/2000-victory-v92sc-flywheel-with-bolt-and-keyway-3031005,"index, follow",Victory,3031005,used,MOTORCYCLE > VICTORY > V92SC,172,"HARLEY DAVIDSON XL 883 1200 SPORTSTER 04-06 CLUTCH DERBY CHROME COVER # 34742-04 2000 VICTORY V92SC KEYWAY , BOLT & FLYWHEEL # 3031005 SOME SIGNS OF USE - (",8,200,LONG_TITLE_REVIEW; IMAGE_DIMENSIONS; RESPONSIVE_IMAGE; MARKETPLACE_BOILERPLATE
5982,276518892912,https://flipandstrip.com/product/5982/01-05-yamaha-rear-axle-fz1-fzs1000-chain-adjuster-block-set-4fm-25381-20,01-05 Yamaha Rear Axle FZ1 FZS1000 Chain Adjuster Block Set 4FM-25381-20 | Flip and Strip,89,01-05 Yamaha Rear Axle FZ1 FZS1000 Chain Adjuster Block Set 4FM-25381-20. Used Yamaha. Price: $25.00. YAMAHA FZ1 FZS1000 < THERMOSTAT HOUSING + FILLER NECK #,157,200,https://flipandstrip.com/product/5982/01-05-yamaha-rear-axle-fz1-fzs1000-chain-adjuster-block-set-4fm-25381-20,"index, follow",Yamaha,4FM-25381-20-00,used,MOTORCYCLE > YAMAHA > YAMAHA SPORT BIKE,168,YAMAHA FZ1 FZS1000 < THERMOSTAT HOUSING + FILLER NECK # 5LV-12417-00-00 NICE!! THIS ITEM IS A REAR AXLE WITH ADJUSTER BLOCKS AS SHOWN . 4FM-25381-20-00 AXLE,9,200,LONG_TITLE_REVIEW; IMAGE_DIMENSIONS; RESPONSIVE_IMAGE; MARKETPLACE_BOILERPLATE
5983,10049 FAS,https://flipandstrip.com/product/5983/kawasaki-jet-ski-ultra-260lx-ecu-computer-box-pcm-genuine-oem-jt1500f9f-09-10,Kawasaki Jet Ski Ultra 260LX ECU Computer Box PCM Genuine OEM JT1500F9F 09-10 | Flip and Strip,94,Kawasaki Jet Ski Ultra 260LX ECU Computer Box PCM Genuine OEM JT1500F9F 09-10. New Kawasaki. Price: $329.95. 2009-2010 ULTRA 260X and LX Jet Ski JT1500 ECU,155,200,https://flipandstrip.com/product/5983/kawasaki-jet-ski-ultra-260lx-ecu-computer-box-pcm-genuine-oem-jt1500f9f-09-10,"index, follow",Kawasaki,21175-3741,new,PWC - PERSONAL WATER CRAFT > Kawasaki Jet Ski PWC,187,2009-2010 ULTRA 260X and LX Jet Ski JT1500 ECU unit. This is a brand new OEM factory Kawasaki part. ((( 10049 FAS ))) ⚠️ IMPORTANT BUYER NOTICE – PLEASE READ BE,12,200,LONG_TITLE_REVIEW; IMAGE_DIMENSIONS; RESPONSIVE_IMAGE; MARKETPLACE_BOILERPLATE; EBAY_SHIPPING_COPY; USED_TEMPLATE_ON_NEW_ITEM
5984,277098932004,https://flipandstrip.com/product/5984/yamaha-fzr400-fzr600-triple-tree-lower-fork-bracket-clamp-with-hardware,Yamaha FZR400 FZR600 Triple Tree Lower Fork Bracket Clamp With Hardware | Flip and Strip,88,Yamaha FZR400 FZR600 Triple Tree Lower Fork Bracket Clamp With Hardware. Used Yamaha. Price: $19.95. YAMAHA YZF R6 + SNOW MOBILE MACHINE > THERMOSTAT HOUSING #,159,200,https://flipandstrip.com/product/5984/yamaha-fzr400-fzr600-triple-tree-lower-fork-bracket-clamp-with-hardware,"index, follow",Yamaha,1WG-23340-01-00,used,MOTORCYCLE > YAMAHA > FZR 600,449,YAMAHA YZF R6 + SNOW MOBILE MACHINE > THERMOSTAT HOUSING # 5EB-12413-00-00 YAMAHA FZR600 LOWER TRIPLE TREE WITH HARDWARE AS SHOWN IN PICTURES. PLEASE SEE ALL,12,200,LONG_TITLE_REVIEW; IMAGE_DIMENSIONS; RESPONSIVE_IMAGE; MARKETPLACE_BOILERPLATE; EBAY_SHIPPING_COPY
5985,277098932008,https://flipandstrip.com/product/5985/harley-davidson-chrome-bullet-style-spot-light-3-5-also-fits-police-model,"Harley Davidson Chrome Bullet Style Spot Light 3.5"" Also Fits Police model | Flip and Strip",91,"Harley Davidson Chrome Bullet Style Spot Light 3.5"" Also Fits Police model. New Harley-Davidson. Price: $49.99. HARLEY DAVIDSON XL 883 1200 SPORTSTER 04-06",155,200,https://flipandstrip.com/product/5985/harley-davidson-chrome-bullet-style-spot-light-3-5-also-fits-police-model,"index, follow",Harley-Davidson,MU 11042,new,MOTORCYCLE > HARLEY DAVIDSON > HARLEY DAVIDSON,321,HARLEY DAVIDSON XL 883 1200 SPORTSTER 04-06 CLUTCH DERBY CHROME COVER # 34742-04,12,200,LONG_TITLE_REVIEW; DUPLICATE_SCHEMA_DESCRIPTION; IMAGE_DIMENSIONS; RESPONSIVE_IMAGE; MARKETPLACE_BOILERPLATE; EBAY_SHIPPING_COPY; USED_TEMPLATE_ON_NEW_ITEM
5986,277098932012,https://flipandstrip.com/product/5986/80-83-honda-cb900c-cb1000c-protector-plate-guard-final-gear-case-cap-cover,80-83 Honda CB900C CB1000C Protector Plate Guard Final Gear Case Cap Cover | Flip and Strip,91,80-83 Honda CB900C CB1000C Protector Plate Guard Final Gear Case Cap Cover. Used Honda. Price: $4.99. HONDA CB900C + CB1000C - PROTECTOR PLATE GUARD FINAL GEAR,159,200,https://flipandstrip.com/product/5986/80-83-honda-cb900c-cb1000c-protector-plate-guard-final-gear-case-cap-cover,"index, follow",Honda,11377-461-000,used,MOTORCYCLE > HONDA > CB 900,174,HONDA CB900C + CB1000C - PROTECTOR PLATE GUARD FINAL GEAR CASE HIGH LOW GEAR BOX 80-83 Honda CB900C CB1000C Protector Plate Guard Final Gear Case Cap Cover as,12,200,LONG_TITLE_REVIEW; IMAGE_DIMENSIONS; RESPONSIVE_IMAGE; MARKETPLACE_BOILERPLATE
5987,277098931938,https://flipandstrip.com/product/5987/74-84-harley-davidson-fx-super-glide-4-speed-rear-fender-with-sissy-bar-bolt-kit,74-84 Harley Davidson FX Super Glide 4 Speed Rear Fender With Sissy Bar Bolt Kit | Flip and Strip,97,74-84 Harley Davidson FX Super Glide 4 Speed Rear Fender With Sissy Bar Bolt Kit. New Harley-Davidson. Price: $25.00. HARLEY DAVIDSON XL 883 1200 SPORTSTER,155,200,https://flipandstrip.com/product/5987/74-84-harley-davidson-fx-super-glide-4-speed-rear-fender-with-sissy-bar-bolt-kit,"index, follow",Harley-Davidson,P-74-30,new,MOTORCYCLE > HARLEY DAVIDSON > HARLEY DAVIDSON,236,HARLEY DAVIDSON XL 883 1200 SPORTSTER 04-06 CLUTCH DERBY CHROME COVER # 34742-04,9,200,LONG_TITLE_REVIEW; DUPLICATE_SCHEMA_DESCRIPTION; IMAGE_DIMENSIONS; RESPONSIVE_IMAGE; DESCRIPTION_RELEVANCE_REVIEW; MARKETPLACE_BOILERPLATE; USED_TEMPLATE_ON_NEW_ITEM
5988,276518879654,https://flipandstrip.com/product/5988/1958-86-harley-davidson-fl-fx-right-side-crankcase-pinion-shaft-retainer-cage,1958-86 Harley Davidson FL & FX Right Side Crankcase Pinion Shaft Retainer Cage | Flip and Strip,96,1958-86 Harley Davidson FL & FX Right Side Crankcase Pinion Shaft Retainer Cage. New V-Twin Manufacturing. Price: $37.95. HARLEY DAVIDSON XL 883 1200 SPORTSTER,159,200,https://flipandstrip.com/product/5988/1958-86-harley-davidson-fl-fx-right-side-crankcase-pinion-shaft-retainer-cage,"index, follow",V-Twin Manufacturing,12-0402,new,MOTORCYCLE > HARLEY DAVIDSON > HARLEY DAVIDSON,694,HARLEY DAVIDSON XL 883 1200 SPORTSTER 04-06 CLUTCH DERBY CHROME COVER # 34742-04,9,200,LONG_TITLE_REVIEW; DUPLICATE_SCHEMA_DESCRIPTION; IMAGE_DIMENSIONS; RESPONSIVE_IMAGE; DESCRIPTION_RELEVANCE_REVIEW; MARKETPLACE_BOILERPLATE; EBAY_SHIPPING_COPY; USED_TEMPLATE_ON_NEW_ITEM
5989,276518892960,https://flipandstrip.com/product/5989/93-99-harley-davidson-air-filter-reusable-big-twin-softail-dyna-replace-29259-93,93-99 Harley Davidson Air Filter Reusable Big Twin Softail Dyna Replace 29259-93 | Flip and Strip,97,93-99 Harley Davidson Air Filter Reusable Big Twin Softail Dyna Replace 29259-93. New Custom Chrome. Price: $24.95. HARLEY DAVIDSON XL 883 1200 SPORTSTER 04-06,159,200,https://flipandstrip.com/product/5989/93-99-harley-davidson-air-filter-reusable-big-twin-softail-dyna-replace-29259-93,"index, follow",Custom Chrome,11959,new,MOTORCYCLE > HARLEY DAVIDSON > HARLEY DAVIDSON,175,HARLEY DAVIDSON XL 883 1200 SPORTSTER 04-06 CLUTCH DERBY CHROME COVER # 34742-04 UNI / CUSTOM CHROME # 11959 REPLACES 29259-93 FITS:93 - PRESENT CARBURETOR BIG,8,200,LONG_TITLE_REVIEW; IMAGE_DIMENSIONS; RESPONSIVE_IMAGE; MARKETPLACE_BOILERPLATE; USED_TEMPLATE_ON_NEW_ITEM
5990,276518892987,https://flipandstrip.com/product/5990/97-03-suzuki-regulator-rectifier-tl1000s-tlr-tl1000r-with-bracket-32800-02f00,97-03 Suzuki Regulator Rectifier TL1000S TLR TL1000R with Bracket 32800-02F00 | Flip and Strip,94,97-03 Suzuki Regulator Rectifier TL1000S TLR TL1000R with Bracket 32800-02F00. Used Suzuki. Price: $19.95. SUZUKI TL1000R + S CYLINDER REAR JUG PISTON RINGS,156,200,https://flipandstrip.com/product/5990/97-03-suzuki-regulator-rectifier-tl1000s-tlr-tl1000r-with-bracket-32800-02f00,"index, follow",Suzuki,32800-02F00,used,MOTORCYCLE > SUZUKI > TL1000 (R) TLR,460,SUZUKI TL1000R + S CYLINDER REAR JUG PISTON RINGS PIN (( NICE )) 11221-02F02-0F0 SUZUKI TL1000 RECTIFIER REGULATOR # 32800-02F00. TESTED AND WORKS GREAT!!,8,200,LONG_TITLE_REVIEW; IMAGE_DIMENSIONS; RESPONSIVE_IMAGE; MARKETPLACE_BOILERPLATE; EBAY_SHIPPING_COPY
5991,277098931953,https://flipandstrip.com/product/5991/69-77-honda-cb750-cam-cylinder-head-cover-valve-adjuster-caps-tach-gear-12310300,69-77 Honda CB750 Cam Cylinder Head Cover Valve Adjuster Caps Tach Gear 12310300 | Flip and Strip,97,69-77 Honda CB750 Cam Cylinder Head Cover Valve Adjuster Caps Tach Gear 12310300. Used Honda. Price: $29.95. HONDA CB 750 (1974) MOTORCYCLE - ROD CONNECTING,156,200,https://flipandstrip.com/product/5991/69-77-honda-cb750-cam-cylinder-head-cover-valve-adjuster-caps-tach-gear-12310300,"index, follow",Honda,12310300040,used,MOTORCYCLE > HONDA > CB 750,177,"HONDA CB 750 (1974) MOTORCYCLE - ROD CONNECTING PISTON BUY 1 OR MORE (S89) (F) HONDA CB 750 Cylinder Head Cover , Valve Adjuster cap set and Tachometer Gear as",12,200,LONG_TITLE_REVIEW; IMAGE_DIMENSIONS; RESPONSIVE_IMAGE; MARKETPLACE_BOILERPLATE
5992,277098931950,https://flipandstrip.com/product/5992/85-86-kawasaki-zl900-eliminator-crankcase-motor-housing-matched-set-engine-case,85-86 Kawasaki ZL900 Eliminator Crankcase Motor Housing Matched Set Engine Case | Flip and Strip,96,85-86 Kawasaki ZL900 Eliminator Crankcase Motor Housing Matched Set Engine Case. Used Kawasaki. Price: $69.95. KAWASAKI ZL 900 ELIMINATOR > UPPER FORK HOLDER /,159,200,https://flipandstrip.com/product/5992/85-86-kawasaki-zl900-eliminator-crankcase-motor-housing-matched-set-engine-case,"index, follow",Kawasaki,14004-5190,used,MOTORCYCLE > KAWASAKI > KAWASAKI CRUISER,310,KAWASAKI ZL 900 ELIMINATOR > UPPER FORK HOLDER / TRIPLE TREE + CLAMPS 44039-1124 CRANKCASE MATCHED SET FOR KAWASAKI ZL 900 ELIMINATOR. NICE USED CONDITION. SEE,12,200,LONG_TITLE_REVIEW; IMAGE_DIMENSIONS; RESPONSIVE_IMAGE; MARKETPLACE_BOILERPLATE; EBAY_SHIPPING_COPY
5993,277098931964,https://flipandstrip.com/product/5993/03-09-yamaha-yzf-r6-r6s-swingarm-pivot-bolt-chain-guard-tire-hugger-cover,03-09 Yamaha YZF R6 R6s Swingarm Pivot Bolt Chain Guard Tire Hugger Cover | Flip and Strip,90,03-09 Yamaha YZF R6 R6s Swingarm Pivot Bolt Chain Guard Tire Hugger Cover. Used Yamaha. Price: $39.95. YAMAHA YZF R6 + SNOW MOBILE MACHINE > THERMOSTAT HOUSING,159,200,https://flipandstrip.com/product/5993/03-09-yamaha-yzf-r6-r6s-swingarm-pivot-bolt-chain-guard-tire-hugger-cover,"index, follow",Yamaha,5SL-22110-01-00,used,MOTORCYCLE > YAMAHA > YAMAHA SPORT BIKE,459,YAMAHA YZF R6 + SNOW MOBILE MACHINE > THERMOSTAT HOUSING # 5EB-12413-00-00 SWINGARM ASSY . YAMAHA R6. HAS A FEW SCRATCHES AND SCUFFS. PLEASE ALL SEE PICTURES,12,200,LONG_TITLE_REVIEW; IMAGE_DIMENSIONS; RESPONSIVE_IMAGE; MARKETPLACE_BOILERPLATE; EBAY_SHIPPING_COPY
5994,276518892982,https://flipandstrip.com/product/5994/06-07-kawasaki-zx10r-headlight-housing-lens-blacked-out-oem-23007-0069-ninja,06 07 Kawasaki ZX10r Headlight Housing Lens Blacked Out OEM 23007-0069 Ninja | Flip and Strip,93,06 07 Kawasaki ZX10r Headlight Housing Lens Blacked Out OEM 23007-0069 Ninja. Used Kawasaki. Price: $59.99. KAWASAKI NINJA ZX6R > OIL TUBE / LINE / HOSE +,154,200,https://flipandstrip.com/product/5994/06-07-kawasaki-zx10r-headlight-housing-lens-blacked-out-oem-23007-0069-ninja,"index, follow",Kawasaki,23007-0069,used,MOTORCYCLE > KAWASAKI > ZX-10R NINJA,158,KAWASAKI NINJA ZX6R > OIL TUBE / LINE / HOSE + BANJO BOLTS + MORE # 51044-1179 06-07 Kawasaki ZX-10R HEADLIGHT HOUSING / LENS # 23007-0069 . NO broken tabs !!,16,200,LONG_TITLE_REVIEW; IMAGE_DIMENSIONS; RESPONSIVE_IMAGE; MARKETPLACE_BOILERPLATE
5995,276518892983,https://flipandstrip.com/product/5995/82-honda-cb900c-clutch-cover-with-screws-bolts-lever-arm-oem-11330-438-670,82 Honda CB900C Clutch Cover with Screws Bolts Lever Arm OEM 11330-438-670 | Flip and Strip,91,82 Honda CB900C Clutch Cover with Screws Bolts Lever Arm OEM 11330-438-670. Used Honda. Price: $22.07. HONDA CB 900C CLUTCH COVER WITH SCREWS / BOLTS + LEVER +,159,200,https://flipandstrip.com/product/5995/82-honda-cb900c-clutch-cover-with-screws-bolts-lever-arm-oem-11330-438-670,"index, follow",Honda,11330-438-670,used,MOTORCYCLE > HONDA > CB 900,184,HONDA CB 900C CLUTCH COVER WITH SCREWS / BOLTS + LEVER + ARM OEM # 11330-438-670 82 Honda CB900C Clutch Cover with Screws Bolts Lever Arm OEM 11330-438-670,12,200,LONG_TITLE_REVIEW; IMAGE_DIMENSIONS; RESPONSIVE_IMAGE; MARKETPLACE_BOILERPLATE
5996,276518879667,https://flipandstrip.com/product/5996/kawasaki-zl-900-600-eliminator-other-reserve-lighting-switch-27010-1069,KAWASAKI ZL 900 + 600 ELIMINATOR & OTHER RESERVE LIGHTING SWITCH # 27010-1069 | Flip and Strip,94,KAWASAKI ZL 900 + 600 ELIMINATOR & OTHER RESERVE LIGHTING SWITCH # 27010-1069. Used Kawasaki. Price: $25.42. KAWASAKI ZL 900 + 600 ELIMINATOR & OTHER > RESERVE,159,200,https://flipandstrip.com/product/5996/kawasaki-zl-900-600-eliminator-other-reserve-lighting-switch-27010-1069,"index, follow",Kawasaki,27010-1069,used,MOTORCYCLE > KAWASAKI > ELIMINATOR ZL 600,1225,KAWASAKI ZL 900 + 600 ELIMINATOR & OTHER > RESERVE LIGHTING SWITCH # 27010-1069 Reserve lighting switch from a Kawasaki ZL 900 Eliminator.This has been tested,12,200,LONG_TITLE_REVIEW; IMAGE_DIMENSIONS; RESPONSIVE_IMAGE; MARKETPLACE_BOILERPLATE; EBAY_SHIPPING_COPY
5997,276518879664,https://flipandstrip.com/product/5997/96-08-kawasaki-vn-1500-1600-vulcan-gear-56-tooth-crank-primary-13097-1369,96-08 KAWASAKI VN 1500 1600 Vulcan Gear 56 Tooth Crank Primary 13097-1369 | Flip and Strip,90,96-08 KAWASAKI VN 1500 1600 Vulcan Gear 56 Tooth Crank Primary 13097-1369. Used Kawasaki. Price: $8.05. KAWASAKI VN 1500 + 1600 VULCAN > CRANK SPUR PRIMARY,155,200,https://flipandstrip.com/product/5997/96-08-kawasaki-vn-1500-1600-vulcan-gear-56-tooth-crank-primary-13097-1369,"index, follow",Kawasaki,13097-1369,used,MOTORCYCLE > KAWASAKI > KAWASAKI CRUISER,697,KAWASAKI VN 1500 + 1600 VULCAN > CRANK SPUR PRIMARY GEAR 56 TOOTH # 13097-1369 THIS ITEM IS A BALANCE SHAFT AS SHOWN FROM A 1996 KAWASAKI VN 1500 CLASSIC,12,200,LONG_TITLE_REVIEW; IMAGE_DIMENSIONS; RESPONSIVE_IMAGE; MARKETPLACE_BOILERPLATE
5998,277531133637,https://flipandstrip.com/product/5998/2003-2006-nissan-350z-3-5l-cold-air-intake-3-system-with-air-filter-red,"2003-2006 Nissan 350Z 3.5L Cold Air Intake 3"" System with Air Filter Red | Flip and Strip",89,"2003-2006 Nissan 350Z 3.5L Cold Air Intake 3"" System with Air Filter Red. New other (see details) Nissan. Price: $27.95. The 3"" air intake kit can help your",156,200,https://flipandstrip.com/product/5998/2003-2006-nissan-350z-3-5l-cold-air-intake-3-system-with-air-filter-red,"index, follow",Nissan,X002M9QT1R,used,CAR & TRUCK PARTS CLEARANCE,151,"The 3"" air intake kit can help your engine to draw more cold air resulting in better throttle response and higher explosive horsepower output- Allow maximum",11,200,LONG_TITLE_REVIEW; IMAGE_DIMENSIONS; RESPONSIVE_IMAGE
6000,276518892895,https://flipandstrip.com/product/6000/02-03-kawasaki-side-cover-ninja-zx12-left-fairing-plastic-zx-12r-oem-red-55028,02 03 Kawasaki Side Cover Ninja Zx12 Left Fairing Plastic Zx-12r OEM Red 55028 | Flip and Strip,95,02 03 Kawasaki Side Cover Ninja Zx12 Left Fairing Plastic Zx-12r OEM Red 55028. Used Kawasaki. Price: $88.76. KAWASAKI NINJA ZX6R > OIL TUBE / LINE / HOSE +,156,200,https://flipandstrip.com/product/6000/02-03-kawasaki-side-cover-ninja-zx12-left-fairing-plastic-zx-12r-oem-red-55028,"index, follow",Kawasaki,55028-1427,used,MOTORCYCLE > KAWASAKI > ZX-12R,347,KAWASAKI NINJA ZX6R > OIL TUBE / LINE / HOSE + BANJO BOLTS + MORE # 51044-1179 2002-2003 Kawasaki ZX-12R Left Side Cover / Fairing. ( Will fit other years ),12,200,LONG_TITLE_REVIEW; IMAGE_DIMENSIONS; RESPONSIVE_IMAGE; MARKETPLACE_BOILERPLATE; EBAY_SHIPPING_COPY
6001,276518892906,https://flipandstrip.com/product/6001/89-98-yamaha-cam-chain-sprocket-yzf1000-yzf750-fzr1000-gts1000-3gm-12176-00-00,89-98 Yamaha Cam Chain Sprocket YZF1000 YZF750 FZR1000 Gts1000 3GM-12176-00-00 | Flip and Strip,95,89-98 Yamaha Cam Chain Sprocket YZF1000 YZF750 FZR1000 Gts1000 3GM-12176-00-00. Used Yamaha. Price: $14.95. YAMAHA YZF 1000 + 750 + FZR1000 + GTS 1000 Cam,154,200,https://flipandstrip.com/product/6001/89-98-yamaha-cam-chain-sprocket-yzf1000-yzf750-fzr1000-gts1000-3gm-12176-00-00,"index, follow",Yamaha,3GM-12176-00-00,used,MOTORCYCLE > YAMAHA > YAMAHA SPORT BIKE,375,YAMAHA YZF 1000 + 750 + FZR1000 + GTS 1000 Cam Chain Sprocket # 3GM-12176-00-00 AS SHOWN IN PICTURES. PLEASE ALL SEE PICTURES!!! (9575 FAS A2B LB 2522) Yamaha,11,200,LONG_TITLE_REVIEW; IMAGE_DIMENSIONS; RESPONSIVE_IMAGE; MARKETPLACE_BOILERPLATE
6002,276333151672,https://flipandstrip.com/product/6002/yamaha-yzf1000-yzf600-brake-caliper-front-left-blue-dot-4sv-2580t-00-00,Yamaha YZF1000 + YZF600 Brake Caliper Front Left Blue Dot 4SV-2580T-00-00 | Flip and Strip,90,Yamaha YZF1000 + YZF600 Brake Caliper Front Left Blue Dot 4SV-2580T-00-00. Used Yamaha. Price: $24.95. YAMAHA FZ1 FZ-1 FZS1000 RADIATOR COOLING FAN MOTOR,153,200,https://flipandstrip.com/product/6002/yamaha-yzf1000-yzf600-brake-caliper-front-left-blue-dot-4sv-2580t-00-00,"index, follow",Yamaha,4SV-2580T-00-00,used,MOTORCYCLE > YAMAHA > FZ1  / FZS1000,541,YAMAHA FZ1 FZ-1 FZS1000 RADIATOR COOLING FAN MOTOR BLOWER # 5LV-12405-00-00 Yamaha YZF1000 + YZF600 Brake Caliper Front Left Blue Dot 4SV-2580T-00-00 as shown,14,200,LONG_TITLE_REVIEW; IMAGE_DIMENSIONS; RESPONSIVE_IMAGE; MARKETPLACE_BOILERPLATE; EBAY_SHIPPING_COPY
6003,277098932028,https://flipandstrip.com/product/6003/harley-davidson-tank-mount-chopper-bobber-custom-build,Harley Davidson Tank Mount Chopper Bobber Custom Build | Flip and Strip,71,Harley Davidson Tank Mount Chopper Bobber Custom Build. Used Harley-Davidson. Price: $17.68. HARLEY DAVIDSON ~ TANK MOUNT THIS ITEM IS A TANK BRACKET AS,152,200,https://flipandstrip.com/product/6003/harley-davidson-tank-mount-chopper-bobber-custom-build,"index, follow",Harley-Davidson,CUSTOM1,used,MOTORCYCLE > HARLEY DAVIDSON > HARLEY DAVIDSON,195,HARLEY DAVIDSON ~ TANK MOUNT THIS ITEM IS A TANK BRACKET AS SHOWN.PLEASE BE SURE IT WILL FIT YOUR APPLICATION BEFORE YOU BUY THIS ITEM!! I2B1 T18 IF YOU CHOOSE,12,200,LONG_TITLE_REVIEW; IMAGE_DIMENSIONS; RESPONSIVE_IMAGE; MARKETPLACE_BOILERPLATE
6004,277098931973,https://flipandstrip.com/product/6004/harley-davidson-softail-dyna-others-phoenix-inspection-cover-4-hole-um3c-1,Harley Davidson Softail Dyna & Others Phoenix Inspection Cover 4 Hole UM3C-1 | Flip and Strip,93,Harley Davidson Softail Dyna & Others Phoenix Inspection Cover 4 Hole UM3C-1. New Harley-Davidson. Price: $59.95. HARLEY DAVIDSON XL 883 1200 SPORTSTER 04-06,157,200,https://flipandstrip.com/product/6004/harley-davidson-softail-dyna-others-phoenix-inspection-cover-4-hole-um3c-1,"index, follow",Harley-Davidson,UM3C-1,new,MOTORCYCLE > HARLEY DAVIDSON > HARLEY DAVIDSON,289,HARLEY DAVIDSON XL 883 1200 SPORTSTER 04-06 CLUTCH DERBY CHROME COVER # 34742-04,12,200,LONG_TITLE_REVIEW; DUPLICATE_SCHEMA_DESCRIPTION; IMAGE_DIMENSIONS; RESPONSIVE_IMAGE; MARKETPLACE_BOILERPLATE; EBAY_SHIPPING_COPY; USED_TEMPLATE_ON_NEW_ITEM
6005,277098931977,https://flipandstrip.com/product/6005/52-64-harley-davidson-big-twin-clutch-booster-spring-chrome-panhead-38498-52c,52-64 Harley Davidson Big Twin Clutch Booster Spring Chrome Panhead 38498-52C | Flip and Strip,94,52-64 Harley Davidson Big Twin Clutch Booster Spring Chrome Panhead 38498-52C. New Harley-Davidson. Price: $23.45. HARLEY DAVIDSON XL 883 1200 SPORTSTER 04-06,158,200,https://flipandstrip.com/product/6005/52-64-harley-davidson-big-twin-clutch-booster-spring-chrome-panhead-38498-52c,"index, follow",Harley-Davidson,38498-52C,new,MOTORCYCLE > HARLEY DAVIDSON > HARLEY DAVIDSON,419,HARLEY DAVIDSON XL 883 1200 SPORTSTER 04-06 CLUTCH DERBY CHROME COVER # 34742-04,6,200,LONG_TITLE_REVIEW; DUPLICATE_SCHEMA_DESCRIPTION; IMAGE_DIMENSIONS; RESPONSIVE_IMAGE; MARKETPLACE_BOILERPLATE; EBAY_SHIPPING_COPY; USED_TEMPLATE_ON_NEW_ITEM
6007,9895 FAS,https://flipandstrip.com/product/6007/harley-davidson-cable-clamp-chrome-1-1-4-inch-chopper-custom,Harley Davidson Cable Clamp Chrome 1 1/4 inch Chopper Custom | Flip and Strip,77,Harley Davidson Cable Clamp Chrome 1 1/4 inch Chopper Custom. New Harley-Davidson. Price: $14.95. Harley Davidson Chrome Cable Clamp 1 1/4 inch . Great for any,159,200,https://flipandstrip.com/product/6007/harley-davidson-cable-clamp-chrome-1-1-4-inch-chopper-custom,"index, follow",Harley-Davidson,45-38,new,MOTORCYCLE > HARLEY DAVIDSON > HARLEY DAVIDSON,38,"Harley Davidson Chrome Cable Clamp 1 1/4 inch . Great for any factory 1 1/4"" pipe . Nice for custom choppers too. BOX MIGHT HAVE DUST OR DIRT . DOES NOT EFFECT",14,200,LONG_TITLE_REVIEW; IMAGE_DIMENSIONS; RESPONSIVE_IMAGE; SHORT_DESCRIPTION_REVIEW; USED_TEMPLATE_ON_NEW_ITEM
6008,276518892926,https://flipandstrip.com/product/6008/kawasaki-transmission-gears-shafts-drum-klf220-bayou-quad-atv-13127-1152,Kawasaki Transmission Gears Shafts Drum KLF220 Bayou Quad ATV 13127-1152 | Flip and Strip,89,Kawasaki Transmission Gears Shafts Drum KLF220 Bayou Quad ATV 13127-1152. Used Kawasaki. Price: $59.95. HONDA TRX 350 FOURTRAX ATV FOUR WHEELER - REAR FENDER,157,200,https://flipandstrip.com/product/6008/kawasaki-transmission-gears-shafts-drum-klf220-bayou-quad-atv-13127-1152,"index, follow",Kawasaki,13127-1152,used,ATV 4 WHEELER / ATC 3 WHEELER > KAWASAKI > BAYOU,162,HONDA TRX 350 FOURTRAX ATV FOUR WHEELER - REAR FENDER BRACKET STAY 81302-HA7-670 2000 Kawasaki Bayou KLF 200 Transmission parts as shown . SEE ALL PICTURES,14,200,LONG_TITLE_REVIEW; IMAGE_DIMENSIONS; RESPONSIVE_IMAGE; MARKETPLACE_BOILERPLATE
6009,276518879611,https://flipandstrip.com/product/6009/11-15-kawasaki-zx-10r-ninja-zx10r-rear-seat-passenger-53066-0281-12y,11-15 Kawasaki ZX-10R Ninja ZX10R Rear Seat Passenger 53066-0281-12Y | Flip and Strip,85,11-15 Kawasaki ZX-10R Ninja ZX10R Rear Seat Passenger 53066-0281-12Y. For parts or not working Kawasaki. Price: $19.95. KAWASAKI NINJA ZX6R > OIL TUBE / LINE /,159,200,https://flipandstrip.com/product/6009/11-15-kawasaki-zx-10r-ninja-zx10r-rear-seat-passenger-53066-0281-12y,"index, follow",Kawasaki,53066-0281-12Y,used,MOTORCYCLE > KAWASAKI > ZX-10R NINJA,215,KAWASAKI NINJA ZX6R > OIL TUBE / LINE / HOSE + BANJO BOLTS + MORE # 51044-1179 11-15 Kawasaki ZX-10R Ninja ZX10R Rear Seat Passenger 53066-0281-12Y Good for,24,200,LONG_TITLE_REVIEW; IMAGE_DIMENSIONS; RESPONSIVE_IMAGE; MARKETPLACE_BOILERPLATE; EBAY_SHIPPING_COPY
6010,276518892951,https://flipandstrip.com/product/6010/96-kawasaki-rear-suspension-arm-uni-trak-link-zx6r-ninja-zx9r-oem-39007-1240,96 Kawasaki Rear Suspension Arm Uni Trak Link ZX6R Ninja ZX9R OEM 39007-1240 | Flip and Strip,93,96 Kawasaki Rear Suspension Arm Uni Trak Link ZX6R Ninja ZX9R OEM 39007-1240. Used Kawasaki. Price: $24.95. KAWASAKI NINJA ZX6R + ZX9R > REAR SUSPENSION ARM /,158,200,https://flipandstrip.com/product/6010/96-kawasaki-rear-suspension-arm-uni-trak-link-zx6r-ninja-zx9r-oem-39007-1240,"index, follow",Kawasaki,39007-1240,used,MOTORCYCLE > KAWASAKI > KAWASAKI SPORT BIKE,195,KAWASAKI NINJA ZX6R + ZX9R > REAR SUSPENSION ARM / UNI TRAK LINK # 39007-1240 REAR SUSPENSION UNI TRAK LINK ARM FROM A 1996 KAWASAKI NINJA ZX6R WILL FIT OTHERS,6,200,LONG_TITLE_REVIEW; IMAGE_DIMENSIONS; RESPONSIVE_IMAGE; MARKETPLACE_BOILERPLATE
6011,276518879635,https://flipandstrip.com/product/6011/98-99-kawasaki-ninja-zx-9r-upper-triple-tree-fork-holder-clamp-top-44039-1277,98 99 KAWASAKI NINJA ZX-9R UPPER TRIPLE TREE FORK HOLDER CLAMP TOP 44039-1277 | Flip and Strip,94,98 99 KAWASAKI NINJA ZX-9R UPPER TRIPLE TREE FORK HOLDER CLAMP TOP 44039-1277. Used Kawasaki. Price: $39.95. KAWASAKI NINJA ZX7R SUB FRAME REAR CENTER / TAIL,157,200,https://flipandstrip.com/product/6011/98-99-kawasaki-ninja-zx-9r-upper-triple-tree-fork-holder-clamp-top-44039-1277,"index, follow",Kawasaki,44039-1277,used,MOTORCYCLE > KAWASAKI > KAWASAKI SPORT BIKE,368,KAWASAKI NINJA ZX7R SUB FRAME REAR CENTER / TAIL BRACKET OEM 35011-1783 FOR MORE ZX9R PARTS CLICK HERE >>,12,200,LONG_TITLE_REVIEW; IMAGE_DIMENSIONS; RESPONSIVE_IMAGE; DESCRIPTION_RELEVANCE_REVIEW; MARKETPLACE_BOILERPLATE; EBAY_SHIPPING_COPY
6012,276518892970,https://flipandstrip.com/product/6012/02-03-honda-cbr954-929-foot-peg-mount-bracket-rear-right-rest-step-50750-mcj-750,02 03 Honda CBR954 929 Foot Peg Mount Bracket Rear Right Rest Step 50750-MCJ-750 | Flip and Strip,97,02 03 Honda CBR954 929 Foot Peg Mount Bracket Rear Right Rest Step 50750-MCJ-750. Used honda. Price: $16.95. HONDA CBR 954 900 RR > FOOT PEG REST STEP BRACKET,158,200,https://flipandstrip.com/product/6012/02-03-honda-cbr954-929-foot-peg-mount-bracket-rear-right-rest-step-50750-mcj-750,"index, follow",honda,50750-MCJ-750,used,MOTORCYCLE > HONDA > HONDA SPORT BIKE,194,HONDA CBR 954 900 RR > FOOT PEG REST STEP BRACKET RIGHT REAR # 50750-MCJ-750 Foot peg bracket rear right as shown . There are some signs of use and age. Honda,12,200,LONG_TITLE_REVIEW; IMAGE_DIMENSIONS; RESPONSIVE_IMAGE; MARKETPLACE_BOILERPLATE
6013,276518892968,https://flipandstrip.com/product/6013/harley-davidson-exhaust-bracket-hanger-upsweep-shotgun-sa-frame-paughco-718j,Harley Davidson Exhaust Bracket Hanger Upsweep Shotgun SA frame Paughco 718J | Flip and Strip,93,Harley Davidson Exhaust Bracket Hanger Upsweep Shotgun SA frame Paughco 718J. New paughco. Price: $59.95. HARLEY DAVIDSON XL 883 1200 SPORTSTER 04-06 CLUTCH,156,200,https://flipandstrip.com/product/6013/harley-davidson-exhaust-bracket-hanger-upsweep-shotgun-sa-frame-paughco-718j,"index, follow",paughco,718J,new,MOTORCYCLE > HARLEY DAVIDSON > HARLEY DAVIDSON,182,HARLEY DAVIDSON XL 883 1200 SPORTSTER 04-06 CLUTCH DERBY CHROME COVER # 34742-04 Paughco # 718J Paughco Rear Pipe Hanger Bracket for Upsweep or Shotgun Exhaust,13,200,LONG_TITLE_REVIEW; IMAGE_DIMENSIONS; RESPONSIVE_IMAGE; MARKETPLACE_BOILERPLATE; USED_TEMPLATE_ON_NEW_ITEM
6016,276518892936,https://flipandstrip.com/product/6016/99-02-suzuki-sv650-sprocket-cover-left-engine-silver-oem-11361-19f10-motorcycle,99-02 Suzuki SV650 Sprocket Cover Left Engine Silver OEM 11361-19F10 Motorcycle | Flip and Strip,96,99-02 Suzuki SV650 Sprocket Cover Left Engine Silver OEM 11361-19F10 Motorcycle. Used Suzuki. Price: $23.45. SUZUKI SV 650 MOTORCYCLE > COVER LEFT ENGINE,153,200,https://flipandstrip.com/product/6016/99-02-suzuki-sv650-sprocket-cover-left-engine-silver-oem-11361-19f10-motorcycle,"index, follow",Suzuki,11361-19F10,used,MOTORCYCLE > SUZUKI > SPORT BIKE,201,SUZUKI SV 650 MOTORCYCLE > COVER LEFT ENGINE SPROCKET SILVER OEM # 11361-19F10 Used sprocket cover as shown . Has some scrapes . Examples pointed out in,12,200,LONG_TITLE_REVIEW; IMAGE_DIMENSIONS; RESPONSIVE_IMAGE; MARKETPLACE_BOILERPLATE
6017,276518892934,https://flipandstrip.com/product/6017/01-04-suzuki-clutch-cover-gsxr1000-oil-fill-cap-right-engine-cover-11340-40f00,01-04 Suzuki Clutch Cover GSXR1000 Oil Fill Cap Right Engine Cover 11340-40F00 | Flip and Strip,95,01-04 Suzuki Clutch Cover GSXR1000 Oil Fill Cap Right Engine Cover 11340-40F00. Used Suzuki. Price: $39.95. SUZUKI GSXR 1000 GIXXER < 05 06 > FRONT COWL,152,200,https://flipandstrip.com/product/6017/01-04-suzuki-clutch-cover-gsxr1000-oil-fill-cap-right-engine-cover-11340-40f00,"index, follow",Suzuki,11340-40F00,used,MOTORCYCLE > SUZUKI > SPORT BIKE,240,SUZUKI GSXR 1000 GIXXER < 05 06 > FRONT COWL FAIRING COWLING PANEL BLUE & BLACK SUZUKI GSXR clutch cover / right engine cover with oil fill cap / plug and,12,200,LONG_TITLE_REVIEW; IMAGE_DIMENSIONS; RESPONSIVE_IMAGE; MARKETPLACE_BOILERPLATE
6018,276518879607,https://flipandstrip.com/product/6018/1951-1964-harley-davidson-fl-gear-shift-lever-shoulder-bolt-49-2420,1951 - 1964 Harley Davidson FL Gear Shift Lever Shoulder Bolt # 49-2420 | Flip and Strip,88,1951 - 1964 Harley Davidson FL Gear Shift Lever Shoulder Bolt # 49-2420. New Biker's Choice. Price: $9.99. YAMAHA YZF600 + 750 FZR1000 > HEADLIGHT LAMP,151,200,https://flipandstrip.com/product/6018/1951-1964-harley-davidson-fl-gear-shift-lever-shoulder-bolt-49-2420,"index, follow",Biker's Choice,49-2420,new,MOTORCYCLE > HARLEY DAVIDSON > HARLEY DAVIDSON,202,YAMAHA YZF600 + 750 FZR1000 > HEADLIGHT LAMP ASSEMBLY + BODY # 4FM-84320-40-00 49-2420Gear Shift Lever Shoulder Bolt 51-64 FL ((( 9603 FAS ))) ATTENTION BUYER,8,200,LONG_TITLE_REVIEW; IMAGE_DIMENSIONS; RESPONSIVE_IMAGE; MARKETPLACE_BOILERPLATE; USED_TEMPLATE_ON_NEW_ITEM
6019,277098932011,https://flipandstrip.com/product/6019/94-98-yamaha-yzf750-rear-suspension-arm-link-dog-bones-oem-4bh-2217m-00-00,94-98 Yamaha YZF750 Rear Suspension Arm Link Dog Bones OEM 4BH-2217M-00-00 | Flip and Strip,91,94-98 Yamaha YZF750 Rear Suspension Arm Link Dog Bones OEM 4BH-2217M-00-00. Used Yamaha. Price: $69.95. YAMAHA YZF750 REAR SUSPENSION ARM LINK + DOG BONES OEM,158,200,https://flipandstrip.com/product/6019/94-98-yamaha-yzf750-rear-suspension-arm-link-dog-bones-oem-4bh-2217m-00-00,"index, follow",Yamaha,4BH-2217M-00-00,used,MOTORCYCLE > YAMAHA > YAMAHA SPORT BIKE,345,"YAMAHA YZF750 REAR SUSPENSION ARM LINK + DOG BONES OEM # 4BH-2217M-00-00# 4BH-2217M-00-00 USED CONDITION - Some scuffs , scratches and other signs of use",12,200,LONG_TITLE_REVIEW; IMAGE_DIMENSIONS; RESPONSIVE_IMAGE; MARKETPLACE_BOILERPLATE
6020,277098932013,https://flipandstrip.com/product/6020/honda-cb750-cb-750-connecting-rod-oem-13000-300-050,Honda cb750 CB 750 Connecting Rod OEM 13000-300-050 | Flip and Strip,68,Honda cb750 CB 750 Connecting Rod OEM 13000-300-050. Used Honda. Price: $29.95. HONDA CB 750 (1974) MOTORCYCLE - ROD CONNECTING PISTON BUY 1 OR MORE (S89) (F),158,200,https://flipandstrip.com/product/6020/honda-cb750-cb-750-connecting-rod-oem-13000-300-050,"index, follow",Honda,"13000-300-050, 13000300050",used,MOTORCYCLE > HONDA > CB 750,220,HONDA CB 750 (1974) MOTORCYCLE - ROD CONNECTING PISTON BUY 1 OR MORE (S89) (F) 1974 HONDA CB 750 CONNECTING ROD AS SHOWN. PRICED AS EACH. Marking on rods are,12,200,IMAGE_DIMENSIONS; RESPONSIVE_IMAGE; MARKETPLACE_BOILERPLATE; EBAY_SHIPPING_COPY
6021,276518892961,https://flipandstrip.com/product/6021/77-94-harley-davidson-o-ring-fork-cap-plug-48845-77-fl-flht-fxst-fxwg-fxdwg,77-94 Harley Davidson O Ring Fork Cap Plug 48845-77 FL FLHT FXST FXWG FXDWG | Flip and Strip,92,77-94 Harley Davidson O Ring Fork Cap Plug 48845-77 FL FLHT FXST FXWG FXDWG. New other (see details) Harley-Davidson. Price: $14.95. HARLEY DAVIDSON XL 883,155,200,https://flipandstrip.com/product/6021/77-94-harley-davidson-o-ring-fork-cap-plug-48845-77-fl-flht-fxst-fxwg-fxdwg,"index, follow",Harley-Davidson,JG1-45845-77,used,MOTORCYCLE > HARLEY DAVIDSON > HARLEY DAVIDSON,205,"HARLEY DAVIDSON XL 883 1200 SPORTSTER 04-06 CLUTCH DERBY CHROME COVER # 34742-04 77-94 Harley Davidson FL , FLHT , FXST , FXWG , FXDWG Fork Cap Plug O Ring",7,200,LONG_TITLE_REVIEW; IMAGE_DIMENSIONS; RESPONSIVE_IMAGE; MARKETPLACE_BOILERPLATE
6022,277098931955,https://flipandstrip.com/product/6022/95-07-yamaha-yzf600r-thundercat-foot-peg-rest-step-bracket-stay-left-rear-hanger,95-07 Yamaha YZF600r Thundercat Foot Peg Rest Step Bracket Stay Left Rear Hanger | Flip and Strip,97,95-07 Yamaha YZF600r Thundercat Foot Peg Rest Step Bracket Stay Left Rear Hanger. Used Yamaha. Price: $19.87. Please visit my eBay Store for more parts,151,200,https://flipandstrip.com/product/6022/95-07-yamaha-yzf600r-thundercat-foot-peg-rest-step-bracket-stay-left-rear-hanger,"index, follow",Yamaha,4JH-2741L-03-00,used,MOTORCYCLE > YAMAHA > YZF600R / THUNDERCAT,580,Please visit my eBay Store for more parts !!!!YAMAHA YZF600R THUNDERCAT FOOT PEG AND BRACKET REAR LEFT. LOW MILES (7884 MI) - USED CONDITION. HAS A SCRATCH AND,12,200,LONG_TITLE_REVIEW; IMAGE_DIMENSIONS; RESPONSIVE_IMAGE; MARKETPLACE_BOILERPLATE; EBAY_SHIPPING_COPY
6023,276518879685,https://flipandstrip.com/product/6023/91-up-harley-davidson-dyna-glide-left-rear-chrome-fender-bracket-cover,91-UP HARLEY DAVIDSON DYNA GLIDE LEFT REAR CHROME FENDER BRACKET COVER | Flip and Strip,87,91-UP HARLEY DAVIDSON DYNA GLIDE LEFT REAR CHROME FENDER BRACKET COVER. New Harley-Davidson. Price: $24.95. HARLEY DAVIDSON XL 883 1200 SPORTSTER 04-06 CLUTCH,158,200,https://flipandstrip.com/product/6023/91-up-harley-davidson-dyna-glide-left-rear-chrome-fender-bracket-cover,"index, follow",Harley-Davidson,09-342,new,MOTORCYCLE > HARLEY DAVIDSON > HARLEY DAVIDSON,419,HARLEY DAVIDSON XL 883 1200 SPORTSTER 04-06 CLUTCH DERBY CHROME COVER # 34742-04,8,200,LONG_TITLE_REVIEW; DUPLICATE_SCHEMA_DESCRIPTION; IMAGE_DIMENSIONS; RESPONSIVE_IMAGE; MARKETPLACE_BOILERPLATE; EBAY_SHIPPING_COPY; USED_TEMPLATE_ON_NEW_ITEM
6025,276518892911,https://flipandstrip.com/product/6025/02-03-yamaha-r1-triple-tree-lower-steering-stem-under-fork-bracket-5pw-23340-00,02 03 Yamaha R1 Triple Tree Lower Steering Stem Under Fork Bracket 5PW-23340-00 | Flip and Strip,96,02 03 Yamaha R1 Triple Tree Lower Steering Stem Under Fork Bracket 5PW-23340-00. Used Yamaha. Price: $45.00. YAMAHA R1 MOTORCYCLE > LOWER TREE STEERING STEM,156,200,https://flipandstrip.com/product/6025/02-03-yamaha-r1-triple-tree-lower-steering-stem-under-fork-bracket-5pw-23340-00,"index, follow",Yamaha,5PW-23340-00-00,used,MOTORCYCLE > YAMAHA > YAMAHA R1,190,YAMAHA R1 MOTORCYCLE > LOWER TREE STEERING STEM UNDER BRACKET # 5PW-23340-00-00 THIS ITEM IS A LOWER TREE STEERING STEM UNDER BRACKET AS SHOWN . IT IS OFF A,10,200,LONG_TITLE_REVIEW; IMAGE_DIMENSIONS; RESPONSIVE_IMAGE; MARKETPLACE_BOILERPLATE
6026,276518892907,https://flipandstrip.com/product/6026/68-78-harley-davidson-oil-pump-bolt-kit-big-twin-gardner-westcott-gold-color,68-78 Harley Davidson Oil Pump Bolt Kit Big Twin Gardner Westcott Gold Color | Flip and Strip,93,68-78 Harley Davidson Oil Pump Bolt Kit Big Twin Gardner Westcott Gold Color. New Gardner Westcott. Price: $42.00. HARLEY DAVIDSON XL 883 1200 SPORTSTER 04-06,158,200,https://flipandstrip.com/product/6026/68-78-harley-davidson-oil-pump-bolt-kit-big-twin-gardner-westcott-gold-color,"index, follow",Gardner Westcott,C-74-28,new,MOTORCYCLE > HARLEY DAVIDSON > HARLEY DAVIDSON,176,HARLEY DAVIDSON XL 883 1200 SPORTSTER 04-06 CLUTCH DERBY CHROME COVER # 34742-04 C-74-28OIL PUMP MOUNT BOLT KIT ( GOLD COLOR )1968-78 BIG TWIN ( 1/4-24 SPECIAL,11,200,LONG_TITLE_REVIEW; IMAGE_DIMENSIONS; RESPONSIVE_IMAGE; MARKETPLACE_BOILERPLATE; USED_TEMPLATE_ON_NEW_ITEM
6028,277288502851,https://flipandstrip.com/product/6028/harley-davidson-cable-anchor-fl-fx-xl-sportster-45038-68-or-45039-68,Harley Davidson Cable Anchor FL FX XL Sportster 45038-68 or 45039-68 | Flip and Strip,85,Harley Davidson Cable Anchor FL FX XL Sportster 45038-68 or 45039-68. New Mid USA. Price: $9.87. Cable anchor Nickle plated with nylon bushing. Replaces Harley,159,200,https://flipandstrip.com/product/6028/harley-davidson-cable-anchor-fl-fx-xl-sportster-45038-68-or-45039-68,"index, follow",Mid USA,43501,new,MOTORCYCLE > HARLEY DAVIDSON > HARLEY DAVIDSON,35,Cable anchor Nickle plated with nylon bushing. Replaces Harley Davidson Part numbers 45039-68 & 45038-68. Comes with 1 Anchor and 2 nylon bushings as shown in,8,200,LONG_TITLE_REVIEW; IMAGE_DIMENSIONS; RESPONSIVE_IMAGE; SHORT_DESCRIPTION_REVIEW; USED_TEMPLATE_ON_NEW_ITEM
6029,277098932019,https://flipandstrip.com/product/6029/07-kawasaki-zx14-valve-spring-set-intake-exhaust-zx-14-ninja-oem-49078-0050,07 Kawasaki ZX14 Valve Spring Set Intake Exhaust ZX-14 Ninja OEM 49078-0050 | Flip and Strip,92,07 Kawasaki ZX14 Valve Spring Set Intake Exhaust ZX-14 Ninja OEM 49078-0050. Used Kawasaki. Price: $59.95. KAWASAKI ZX14 ZX-14 NINJA FRONT BRAKE FLUID / MASTER,159,200,https://flipandstrip.com/product/6029/07-kawasaki-zx14-valve-spring-set-intake-exhaust-zx-14-ninja-oem-49078-0050,"index, follow",Kawasaki,"49078-0050, 49078-0039",used,MOTORCYCLE > KAWASAKI > KAWASAKI SPORT BIKE,228,KAWASAKI ZX14 ZX-14 NINJA FRONT BRAKE FLUID / MASTER CYLINDER CAP / COVER / LID Kawasaki ZX-14 Valve spring setWorks great!! Used condition. Includes :8 x,14,200,LONG_TITLE_REVIEW; IMAGE_DIMENSIONS; RESPONSIVE_IMAGE; MARKETPLACE_BOILERPLATE
6030,277098932030,https://flipandstrip.com/product/6030/01-03-triumph-tiger-955i-fork-right-suspension-shock-straight-oem-t2042417,01-03 Triumph Tiger 955i Fork Right Suspension Shock STRAIGHT OEM T2042417 | Flip and Strip,91,01-03 Triumph Tiger 955i Fork Right Suspension Shock STRAIGHT OEM T2042417. Used Triumph. Price: $119.95. TRIUMPH TIGER 955i > RIGHT FORK STANCHION SUSPENSION,158,200,https://flipandstrip.com/product/6030/01-03-triumph-tiger-955i-fork-right-suspension-shock-straight-oem-t2042417,"index, follow",Triumph,T2042417,used,MOTORCYCLE > TRIUMPH > 955i TIGER,286,TRIUMPH TIGER 955i > RIGHT FORK STANCHION SUSPENSION SHOCK STRAIGHT # T2042417 Triumph Tiger 955i right fork as shown . There are some signs of use and age,12,200,LONG_TITLE_REVIEW; IMAGE_DIMENSIONS; RESPONSIVE_IMAGE; MARKETPLACE_BOILERPLATE; EBAY_SHIPPING_COPY
6031,277098931978,https://flipandstrip.com/product/6031/97-07-yamaha-yzf600r-thundercat-air-duct-intake-scoop-tube-left-ram-4tv-2838r-00,97-07 Yamaha YZF600r Thundercat Air Duct Intake Scoop Tube Left Ram 4TV-2838R-00 | Flip and Strip,97,97-07 Yamaha YZF600r Thundercat Air Duct Intake Scoop Tube Left Ram 4TV-2838R-00. Used Yamaha. Price: $9.87. YAMAHA YZF R6 + SNOW MOBILE MACHINE > THERMOSTAT,157,200,https://flipandstrip.com/product/6031/97-07-yamaha-yzf600r-thundercat-air-duct-intake-scoop-tube-left-ram-4tv-2838r-00,"index, follow",Yamaha,4TV-2838R-00-00,used,MOTORCYCLE > YAMAHA > YZF600R / THUNDERCAT,408,YAMAHA YZF R6 + SNOW MOBILE MACHINE > THERMOSTAT HOUSING # 5EB-12413-00-00 Left air ram tube from a 2005 Yamaha YZF600R. Good used condition. GENUINE OEM PART,10,200,LONG_TITLE_REVIEW; IMAGE_DIMENSIONS; RESPONSIVE_IMAGE; MARKETPLACE_BOILERPLATE; EBAY_SHIPPING_COPY
6032,277098931984,https://flipandstrip.com/product/6032/97-07-yamaha-radiator-yzf600r-thundercat-oem-4tv-12461-00-00,97-07 Yamaha Radiator YZF600R Thundercat OEM 4TV-12461-00-00 | Flip and Strip,77,97-07 Yamaha Radiator YZF600R Thundercat OEM 4TV-12461-00-00. Used Yamaha. Price: $25.00. Please visit my eBay Store for more parts !!!!YAMAHA YZF600R,150,200,https://flipandstrip.com/product/6032/97-07-yamaha-radiator-yzf600r-thundercat-oem-4tv-12461-00-00,"index, follow",Yamaha,4TV-12461-00-00,used,MOTORCYCLE > YAMAHA > YZF600R / THUNDERCAT,407,Please visit my eBay Store for more parts !!!!YAMAHA YZF600R THUNDERCAT RADIATOR. SOME SHALLOW DENTS AS POINTED OUT IN PICTURES. WORKS GREAT!!! LOW MILES (7884,12,200,LONG_TITLE_REVIEW; IMAGE_DIMENSIONS; RESPONSIVE_IMAGE; MARKETPLACE_BOILERPLATE; EBAY_SHIPPING_COPY
6034,276518879620,https://flipandstrip.com/product/6034/yamaha-yfm-250-bear-tracker-foot-peg-rest-4xe-f7411-00-00,YAMAHA YFM 250 BEAR TRACKER > FOOT PEG REST # 4XE-F7411-00-00 | Flip and Strip,78,YAMAHA YFM 250 BEAR TRACKER > FOOT PEG REST # 4XE-F7411-00-00. Used Yamaha. Price: $8.55. YAMAHA YFM 250 BEAR TRACKER > FOOT PEG REST # 4XE-F7411-00-00 THIS,156,200,https://flipandstrip.com/product/6034/yamaha-yfm-250-bear-tracker-foot-peg-rest-4xe-f7411-00-00,"index, follow",Yamaha,4XE-F7411-00-00,used,ATV 4 WHEELER / ATC 3 WHEELER > YAMAHA > YFM 250 BEAR TRACKER,620,YAMAHA YFM 250 BEAR TRACKER > FOOT PEG REST # 4XE-F7411-00-00 THIS ITEM IS A FOOT PEG FROM A YAMAHA YFM 250 BEAR TRACKER 2WD ATV . THE PART WILL BE THE EXACT,12,200,LONG_TITLE_REVIEW; IMAGE_DIMENSIONS; RESPONSIVE_IMAGE; MARKETPLACE_BOILERPLATE; EBAY_SHIPPING_COPY
6035,276518892954,https://flipandstrip.com/product/6035/97-07-yamaha-yzf600r-rear-brake-caliper-bracket-torque-tension-bar-4jh-25819-00,97-07 Yamaha YZF600r Rear Brake Caliper Bracket Torque Tension Bar 4JH-25819-00 | Flip and Strip,96,97-07 Yamaha YZF600r Rear Brake Caliper Bracket Torque Tension Bar 4JH-25819-00. Used Yamaha. Price: $24.95. YAMAHA YZF600R THUNDERCAT REAR BRAKE CALIPER,153,200,https://flipandstrip.com/product/6035/97-07-yamaha-yzf600r-rear-brake-caliper-bracket-torque-tension-bar-4jh-25819-00,"index, follow",Yamaha,4JH-25819-00-00,used,MOTORCYCLE > YAMAHA > YZF600R / THUNDERCAT,382,YAMAHA YZF600R THUNDERCAT REAR BRAKE CALIPER BRACKET + TORQUE TENSION BAR. WORKS GREAT!!! PLEASE ALL SEE PICTURES!!! (1309 FAS JB1B2 FAS YZF23) 4JH-25371-01-00,8,200,LONG_TITLE_REVIEW; IMAGE_DIMENSIONS; RESPONSIVE_IMAGE; MARKETPLACE_BOILERPLATE
6036,276518892952,https://flipandstrip.com/product/6036/87-00-kawasaki-rear-brake-caliper-bracket-vn1500-and-vulcan-88-oem-43034-1080,87-00 Kawasaki Rear Brake Caliper Bracket VN1500 and Vulcan 88 OEM 43034-1080 | Flip and Strip,94,87-00 Kawasaki Rear Brake Caliper Bracket VN1500 and Vulcan 88 OEM 43034-1080. Used Kawasaki. Price: $15.00. KAWASAKI VN 1500 VULCAN > REAR BRAKE CALIPER,153,200,https://flipandstrip.com/product/6036/87-00-kawasaki-rear-brake-caliper-bracket-vn1500-and-vulcan-88-oem-43034-1080,"index, follow",Kawasaki,43034-1080,used,MOTORCYCLE > KAWASAKI > KAWASAKI CRUISER,292,"KAWASAKI VN 1500 VULCAN > REAR BRAKE CALIPER HOLDER BRACKET STAY # 43034-1080 Kawasaki 43034-1080 HOLDER-BRAKE,REAR CALIPER is used on these models : 1987",10,200,LONG_TITLE_REVIEW; IMAGE_DIMENSIONS; RESPONSIVE_IMAGE; MARKETPLACE_BOILERPLATE
6037,276518879640,https://flipandstrip.com/product/6037/sprocket-front-kawasaki-gpz-750-93-96-zx1100d-afam-16-tooth-530-pitch-557-16,Sprocket Front Kawasaki GPZ 750 + 93-96 ZX1100D AFAM 16 Tooth / 530 Pitch 557-16 | Flip and Strip,97,Sprocket Front Kawasaki GPZ 750 + 93-96 ZX1100D AFAM 16 Tooth / 530 Pitch 557-16. New Kawasaki. Price: $37.95. HARLEY DAVIDSON XL 883 1200 SPORTSTER 04-06,154,200,https://flipandstrip.com/product/6037/sprocket-front-kawasaki-gpz-750-93-96-zx1100d-afam-16-tooth-530-pitch-557-16,"index, follow",Kawasaki,24601M16C,new,MOTORCYCLE > KAWASAKI > KAWASAKI SPORT BIKE,430,HARLEY DAVIDSON XL 883 1200 SPORTSTER 04-06 CLUTCH DERBY CHROME COVER # 34742-04,16,200,LONG_TITLE_REVIEW; DUPLICATE_SCHEMA_DESCRIPTION; IMAGE_DIMENSIONS; RESPONSIVE_IMAGE; DESCRIPTION_RELEVANCE_REVIEW; MARKETPLACE_BOILERPLATE; EBAY_SHIPPING_COPY; USED_TEMPLATE_ON_NEW_ITEM
6038,276518892945,https://flipandstrip.com/product/6038/91-94-honda-cbr600-f2-brake-rotor-disk-front-left-oem-45351-mv9-000-motorcycle,91-94 Honda CBR600 F2 Brake Rotor Disk Front Left OEM 45351-MV9-000 Motorcycle | Flip and Strip,95,91-94 Honda CBR600 F2 Brake Rotor Disk Front Left OEM 45351-MV9-000 Motorcycle. Used Honda. Price: $25.00. HONDA CBR 600 MOTORCYCLE > BRAKE ROTOR / DISC >,154,200,https://flipandstrip.com/product/6038/91-94-honda-cbr600-f2-brake-rotor-disk-front-left-oem-45351-mv9-000-motorcycle,"index, follow",Honda,45351-MV9-000,used,MOTORCYCLE > HONDA > CBR 600,254,HONDA CBR 600 MOTORCYCLE > BRAKE ROTOR / DISC > FRONT LEFT OEM # 45351-MV9-000 HONDA CBR 600 ROTOR FRONT LEFT AS SHOWN . THIS IS A USED .THERE ARE SCUFFS,12,200,LONG_TITLE_REVIEW; IMAGE_DIMENSIONS; RESPONSIVE_IMAGE; MARKETPLACE_BOILERPLATE
6040,276518892935,https://flipandstrip.com/product/6040/84-86-honda-brake-light-cb700s-tail-lamp-nighthawk-oem-33701-mj1-671,84-86 Honda Brake Light CB700s Tail Lamp Nighthawk OEM 33701-MJ1-671 | Flip and Strip,85,84-86 Honda Brake Light CB700s Tail Lamp Nighthawk OEM 33701-MJ1-671. Used Honda. Price: $14.95. HONDA CB 700 SC NIGHTHAWK - TAIL BRAKE LIGHT LAMP OEM TESTED #,159,200,https://flipandstrip.com/product/6040/84-86-honda-brake-light-cb700s-tail-lamp-nighthawk-oem-33701-mj1-671,"index, follow",Honda,33701-MJ1-671,used,MOTORCYCLE > HONDA > CB 700 SC / NIGHTHAWK,257,HONDA CB 700 SC NIGHTHAWK - TAIL BRAKE LIGHT LAMP OEM TESTED # 33701-MJ1-671 This is a tail / brake light from a Honda CB 700 SC . It is used . It is complete,12,200,LONG_TITLE_REVIEW; IMAGE_DIMENSIONS; RESPONSIVE_IMAGE; MARKETPLACE_BOILERPLATE
6041,276518879621,https://flipandstrip.com/product/6041/harley-davidson-softail-dyna-more-4-hole-phoenix-inspection-cover-um3a,HARLEY DAVIDSON SOFTAIL - DYNA + MORE (4 HOLE) PHOENIX INSPECTION COVER UM3A | Flip and Strip,93,HARLEY DAVIDSON SOFTAIL - DYNA + MORE (4 HOLE) PHOENIX INSPECTION COVER UM3A. New Harley-Davidson. Price: $56.78. HARLEY DAVIDSON XL 883 1200 SPORTSTER 04-06,157,200,https://flipandstrip.com/product/6041/harley-davidson-softail-dyna-more-4-hole-phoenix-inspection-cover-um3a,"index, follow",Harley-Davidson,UM3A,new,MOTORCYCLE > HARLEY DAVIDSON > HARLEY DAVIDSON,419,HARLEY DAVIDSON XL 883 1200 SPORTSTER 04-06 CLUTCH DERBY CHROME COVER # 34742-04,12,200,LONG_TITLE_REVIEW; DUPLICATE_SCHEMA_DESCRIPTION; IMAGE_DIMENSIONS; RESPONSIVE_IMAGE; MARKETPLACE_BOILERPLATE; EBAY_SHIPPING_COPY; USED_TEMPLATE_ON_NEW_ITEM
6042,277098931944,https://flipandstrip.com/product/6042/kawasaki-ex-500-ninja-seat-53001-1519-nd,KAWASAKI EX 500 NINJA - SEAT # 53001-1519-ND | Flip and Strip,61,KAWASAKI EX 500 NINJA - SEAT # 53001-1519-ND. Used Kawasaki. Price: $41.08. KAWASAKI EX 500 NINJA SEAT.Used condition and fully functional . Some small holes,157,200,https://flipandstrip.com/product/6042/kawasaki-ex-500-ninja-seat-53001-1519-nd,"index, follow",Kawasaki,53001-1519-ND,used,MOTORCYCLE > KAWASAKI > EX 500 NINJA,413,KAWASAKI EX 500 NINJA SEAT.Used condition and fully functional . Some small holes and there it seems to have slight lumps and other signs of use and age as,12,200,IMAGE_DIMENSIONS; RESPONSIVE_IMAGE; MARKETPLACE_BOILERPLATE; EBAY_SHIPPING_COPY
6043,10052 FAS,https://flipandstrip.com/product/6043/kx450f-ecu-computer-cdi-module-kawasaki-genuine-oem-21119-0069,"KX450F ECU Computer CDI Module, Kawasaki Genuine OEM 21119-0069 | Flip and Strip",80,"KX450F ECU Computer CDI Module, Kawasaki Genuine OEM 21119-0069. New Kawasaki. Price: $169.95. Brand NEW factory OEM Kawasaki Igniter / CDI part number",151,200,https://flipandstrip.com/product/6043/kx450f-ecu-computer-cdi-module-kawasaki-genuine-oem-21119-0069,"index, follow",Kawasaki,21119-0069,new,DIRT BIKE / MOTOCROSS > KAWASAKI > KAWASAKI,184,Brand NEW factory OEM Kawasaki Igniter / CDI part number 21119-0069 . KAWASAKI 2007 KX450F KX450D7F ((( 10052 FAS ))) ⚠️ IMPORTANT BUYER NOTICE – PLEASE READ BE,10,200,LONG_TITLE_REVIEW; IMAGE_DIMENSIONS; RESPONSIVE_IMAGE; MARKETPLACE_BOILERPLATE; EBAY_SHIPPING_COPY; USED_TEMPLATE_ON_NEW_ITEM
6044,277098932009,https://flipandstrip.com/product/6044/02-yamaha-yzf600r-thundercat-tail-side-cover-right-rear-black-fairing-4tv-y2172,02 Yamaha YZF600R Thundercat Tail Side Cover Right Rear Black Fairing 4TV-Y2172 | Flip and Strip,96,02 Yamaha YZF600R Thundercat Tail Side Cover Right Rear Black Fairing 4TV-Y2172. Used Yamaha. Price: $45.67. YAMAHA YZF R6 + SNOW MOBILE MACHINE > THERMOSTAT,157,200,https://flipandstrip.com/product/6044/02-yamaha-yzf600r-thundercat-tail-side-cover-right-rear-black-fairing-4tv-y2172,"index, follow",Yamaha,4TV-Y2172-L1-4B,used,MOTORCYCLE > YAMAHA > YZF600R / THUNDERCAT,179,"YAMAHA YZF R6 + SNOW MOBILE MACHINE > THERMOSTAT HOUSING # 5EB-12413-00-00 Rear right tail / side cover from a 2002 Yamaha YZF600R. SOME SCRATCHES , SCUFFS AND",10,200,LONG_TITLE_REVIEW; IMAGE_DIMENSIONS; RESPONSIVE_IMAGE; MARKETPLACE_BOILERPLATE
6045,276518892964,https://flipandstrip.com/product/6045/98-03-suzuki-radiator-lower-tl1000r-tlr-includes-cover-screen-17720-02fa1,98-03 Suzuki Radiator Lower TL1000R TLR Includes Cover Screen 17720-02FA1 | Flip and Strip,90,98-03 Suzuki Radiator Lower TL1000R TLR Includes Cover Screen 17720-02FA1. For parts or not working Suzuki. Price: $19.87. SUZUKI TL1000R TLR > RADIATOR LOWER,158,200,https://flipandstrip.com/product/6045/98-03-suzuki-radiator-lower-tl1000r-tlr-includes-cover-screen-17720-02fa1,"index, follow",Suzuki,17720-02FA1,used,MOTORCYCLE > SUZUKI > SPORT BIKE,230,"SUZUKI TL1000R TLR > RADIATOR LOWER + COVER / SCREEN # 17720-02FA1 This item is a lower radiatoras shown . Missing tabs and has dome dents, Also some signs of",12,200,LONG_TITLE_REVIEW; IMAGE_DIMENSIONS; RESPONSIVE_IMAGE; MARKETPLACE_BOILERPLATE
6046,277098931966,https://flipandstrip.com/product/6046/99-01-victory-v92sc-fender-rear-back-with-plate-bracket-1012817-301-motorcycle,99-01 Victory V92sc Fender Rear Back With Plate Bracket 1012817-301 Motorcycle | Flip and Strip,95,99-01 Victory V92sc Fender Rear Back With Plate Bracket 1012817-301 Motorcycle. Used Victory. Price: $69.95. HARLEY DAVIDSON XL 883 1200 SPORTSTER 04-06 CLUTCH,159,200,https://flipandstrip.com/product/6046/99-01-victory-v92sc-fender-rear-back-with-plate-bracket-1012817-301-motorcycle,"index, follow",Victory,1012817-301,used,MOTORCYCLE > VICTORY > V92SC,180,HARLEY DAVIDSON XL 883 1200 SPORTSTER 04-06 CLUTCH DERBY CHROME COVER # 34742-04,10,200,LONG_TITLE_REVIEW; DUPLICATE_SCHEMA_DESCRIPTION; IMAGE_DIMENSIONS; RESPONSIVE_IMAGE; DESCRIPTION_RELEVANCE_REVIEW; MARKETPLACE_BOILERPLATE
6047,276518892985,https://flipandstrip.com/product/6047/2011-harley-davidson-rear-fender-support-covers-sportster-xl883-black-60204-06,2011 Harley Davidson Rear Fender Support Covers Sportster XL883 Black 60204-06 | Flip and Strip,95,2011 Harley Davidson Rear Fender Support Covers Sportster XL883 Black 60204-06. Used Harley-Davidson. Price: $37.95. HARLEY DAVIDSON XL 883 1200 SPORTSTER,154,200,https://flipandstrip.com/product/6047/2011-harley-davidson-rear-fender-support-covers-sportster-xl883-black-60204-06,"index, follow",Harley-Davidson,60203-06,used,MOTORCYCLE > HARLEY DAVIDSON > 883 SPORTSTER,194,HARLEY DAVIDSON XL 883 1200 SPORTSTER 04-06 CLUTCH DERBY CHROME COVER # 34742-04 Harley Davidson Sportster : 60203-06 RIGHT REAR FENDER SUPPORT COVER,12,200,LONG_TITLE_REVIEW; IMAGE_DIMENSIONS; RESPONSIVE_IMAGE; MARKETPLACE_BOILERPLATE
6048,10026 FAS,https://flipandstrip.com/product/6048/yamaha-yzf-r6-cowl-blue-cover-right-06-07-fairing-panel-oem-new-2c0-2117w-00-p0,YAMAHA YZF R6 Cowl Blue Cover Right 06 07 Fairing Panel OEM NEW 2C0-2117W-00-P0 | Flip and Strip,96,YAMAHA YZF R6 Cowl Blue Cover Right 06 07 Fairing Panel OEM NEW 2C0-2117W-00-P0. New Yamaha. Price: $99.95. The product is a genuine Yamaha R6 Deep Purplish,156,200,https://flipandstrip.com/product/6048/yamaha-yzf-r6-cowl-blue-cover-right-06-07-fairing-panel-oem-new-2c0-2117w-00-p0,"index, follow",Yamaha,"2C0-2117W-00-P0, 2C02117W00P0",new,MOTORCYCLE > YAMAHA > R6,243,"The product is a genuine Yamaha R6 Deep Purplish Blue Metallic right fairing panel for a street motorcycle. Made of ABS material, it comes in a painted finish",11,200,LONG_TITLE_REVIEW; IMAGE_DIMENSIONS; RESPONSIVE_IMAGE; MARKETPLACE_BOILERPLATE; EBAY_SHIPPING_COPY; USED_TEMPLATE_ON_NEW_ITEM
6049,276518879666,https://flipandstrip.com/product/6049/honda-trx-350-fourtrax-engine-crankcase-motor-housing-oem-11100-ha7-650,HONDA TRX 350 FOURTRAX ENGINE CRANKCASE MOTOR HOUSING OEM 11100-HA7-650 | Flip and Strip,88,HONDA TRX 350 FOURTRAX ENGINE CRANKCASE MOTOR HOUSING OEM 11100-HA7-650. Used Honda. Price: $29.95. HONDA TRX 350 FOURTRAX / FOREMAN (88) - CRANKCASE MOTOR,155,200,https://flipandstrip.com/product/6049/honda-trx-350-fourtrax-engine-crankcase-motor-housing-oem-11100-ha7-650,"index, follow",Honda,11100-HA7-650,used,ATV 4 WHEELER / ATC 3 WHEELER > HONDA > HONDA TRX 350,268,HONDA TRX 350 FOURTRAX / FOREMAN (88) - CRANKCASE MOTOR HOUSING # 11100-HA7-650 1988 Honda Fourtrax TRX 350 D crankcase set as shown . Good used condition,12,200,LONG_TITLE_REVIEW; IMAGE_DIMENSIONS; RESPONSIVE_IMAGE; MARKETPLACE_BOILERPLATE; EBAY_SHIPPING_COPY
6050,277581075765,https://flipandstrip.com/product/6050/2418-1-transmission-oil-pan-plug-chrome-oem-45890-99-flt-dyna-usa-made-colony,#2418-1 Transmission Oil Pan Plug Chrome OEM 45890-99 FLT Dyna USA made Colony | Flip and Strip,95,#2418-1 Transmission Oil Pan Plug Chrome OEM 45890-99 FLT Dyna USA made Colony. New Colony. Price: $3.95. 2000 and up Harley Davidson FLT and Dyna Transmission,159,200,https://flipandstrip.com/product/6050/2418-1-transmission-oil-pan-plug-chrome-oem-45890-99-flt-dyna-usa-made-colony,"index, follow",Colony,"N/A, 2418-1",new,MOTORCYCLE > HARLEY DAVIDSON > HARLEY DAVIDSON,26,2000 and up Harley Davidson FLT and Dyna Transmission Oil Pan Drain Plug Made in USA by Colony 2418-1OEM 45893-99 ((( 9274 FAS - 1BB ))),5,200,LONG_TITLE_REVIEW; IMAGE_DIMENSIONS; RESPONSIVE_IMAGE; SHORT_DESCRIPTION_REVIEW; USED_TEMPLATE_ON_NEW_ITEM
6051,277098931997,https://flipandstrip.com/product/6051/honda-starter-motor-cbr1100xx-blackbird-vtr1000-superhawk-sm13-oem-31200-mat-003,Honda Starter Motor CBR1100XX Blackbird VTR1000 Superhawk Sm13 OEM 31200-MAT-003 | Flip and Strip,97,Honda Starter Motor CBR1100XX Blackbird VTR1000 Superhawk Sm13 OEM 31200-MAT-003. Used Honda. Price: $34.95. HONDA CBR 1100 XX BLACK BIRD + VTR 1000 STARTER,156,200,https://flipandstrip.com/product/6051/honda-starter-motor-cbr1100xx-blackbird-vtr1000-superhawk-sm13-oem-31200-mat-003,"index, follow",Honda,31200-MAT-003,used,MOTORCYCLE > HONDA > HONDA SPORT BIKE,301,HONDA CBR 1100 XX BLACK BIRD + VTR 1000 STARTER MOTOR TESTED SM-13 31200-MAT-003 Honda starter motor.Tested and works great. Honda 31200-MAT-003 STARTER MOTOR,12,200,LONG_TITLE_REVIEW; IMAGE_DIMENSIONS; RESPONSIVE_IMAGE; MARKETPLACE_BOILERPLATE; EBAY_SHIPPING_COPY
6052,10020 FAS,https://flipandstrip.com/product/6052/seat-rear-yamaha-wave-runner-15-17-back-vx1050-vx1100-new-oem-f2x-u372s-20-00,Seat Rear Yamaha Wave Runner 15-17 Back VX1050 VX1100 New OEM F2X-U372S-20-00 | Flip and Strip,94,Seat Rear Yamaha Wave Runner 15-17 Back VX1050 VX1100 New OEM F2X-U372S-20-00. New Yamaha. Price: $149.95. The product is a new OEM rear back seat for Yamaha,157,200,https://flipandstrip.com/product/6052/seat-rear-yamaha-wave-runner-15-17-back-vx1050-vx1100-new-oem-f2x-u372s-20-00,"index, follow",Yamaha,F2X-U372S-20-00,new,PWC - PERSONAL WATER CRAFT > Kawasaki Jet Ski PWC,248,"The product is a new OEM rear back seat for Yamaha WaveRunners, specifically models VX1050 and VX1100. Made by Yamaha in Japan, the seat is designed to fit",14,200,LONG_TITLE_REVIEW; IMAGE_DIMENSIONS; RESPONSIVE_IMAGE; MARKETPLACE_BOILERPLATE; EBAY_SHIPPING_COPY; USED_TEMPLATE_ON_NEW_ITEM
6054,277098932021,https://flipandstrip.com/product/6054/99-13-harley-davidson-dyna-fxwg-softail-fxst-sportster-xlhc-mini-light-bar,99-13 Harley Davidson Dyna FXWG Softail FXST Sportster XLHC Mini Light Bar | Flip and Strip,91,99-13 Harley Davidson Dyna FXWG Softail FXST Sportster XLHC Mini Light Bar. New Harley-Davidson. Price: $85.00. HARLEY DAVIDSON XL 883 1200 SPORTSTER 04-06,155,200,https://flipandstrip.com/product/6054/99-13-harley-davidson-dyna-fxwg-softail-fxst-sportster-xlhc-mini-light-bar,"index, follow",Harley-Davidson,2330,new,MOTORCYCLE > HARLEY DAVIDSON > HARLEY DAVIDSON,295,HARLEY DAVIDSON XL 883 1200 SPORTSTER 04-06 CLUTCH DERBY CHROME COVER # 34742-04,12,200,LONG_TITLE_REVIEW; DUPLICATE_SCHEMA_DESCRIPTION; IMAGE_DIMENSIONS; RESPONSIVE_IMAGE; MARKETPLACE_BOILERPLATE; EBAY_SHIPPING_COPY; USED_TEMPLATE_ON_NEW_ITEM
6055,277098931981,https://flipandstrip.com/product/6055/yamaha-fender-front-yzf600r-yzf1000-back-rear-side-mud-flap-and-collars-4sv21556,Yamaha Fender Front YZF600R YZF1000 Back Rear Side Mud Flap and Collars 4SV21556 | Flip and Strip,97,Yamaha Fender Front YZF600R YZF1000 Back Rear Side Mud Flap and Collars 4SV21556. Used Yamaha. Price: $19.87. YAMAHA YZF R6 + SNOW MOBILE MACHINE > THERMOSTAT,158,200,https://flipandstrip.com/product/6055/yamaha-fender-front-yzf600r-yzf1000-back-rear-side-mud-flap-and-collars-4sv21556,"index, follow",Yamaha,4SV-21556-00-00,used,MOTORCYCLE > YAMAHA > YZF600R / THUNDERCAT,418,YAMAHA YZF R6 + SNOW MOBILE MACHINE > THERMOSTAT HOUSING # 5EB-12413-00-00 Front fender ( rear side ) mud flap from a 2005 Yamaha YZF600R. This bike had 1994.7,12,200,LONG_TITLE_REVIEW; IMAGE_DIMENSIONS; RESPONSIVE_IMAGE; MARKETPLACE_BOILERPLATE; EBAY_SHIPPING_COPY
6056,277098931987,https://flipandstrip.com/product/6056/92-99-harley-davidson-fl-flh-flt-fxr-rear-tappet-block-hi-density-gasket-0-020,"92-99 Harley Davidson FL FLH FLT FXR Rear Tappet Block Hi-Density Gasket 0.020"" | Flip and Strip",96,"92-99 Harley Davidson FL FLH FLT FXR Rear Tappet Block Hi-Density Gasket 0.020"". New other (see details) James Gasket. Price: $1.89. YAMAHA YZF600 + 750",152,200,https://flipandstrip.com/product/6056/92-99-harley-davidson-fl-flh-flt-fxr-rear-tappet-block-hi-density-gasket-0-020,"index, follow",James Gasket,JG1-18633-48-D,used,MOTORCYCLE > HARLEY DAVIDSON > HARLEY DAVIDSON,261,YAMAHA YZF600 + 750 FZR1000 > HEADLIGHT LAMP ASSEMBLY + BODY # 4FM-84320-40-00 18633-48JG1-18633-48-DTR 04-5154 GENUINE JAMES92-99 Harley Davidson FL FLH FLT,5,200,LONG_TITLE_REVIEW; IMAGE_DIMENSIONS; RESPONSIVE_IMAGE; MARKETPLACE_BOILERPLATE
6057,277506730765,https://flipandstrip.com/product/6057/02-03-honda-cbr954-thermostat-case-cover-and-coolant-inlet-joint-oem-19315mcj750,02 03 Honda CBR954 Thermostat Case Cover and Coolant Inlet Joint OEM 19315MCJ750 | Flip and Strip,97,02 03 Honda CBR954 Thermostat Case Cover and Coolant Inlet Joint OEM 19315MCJ750. Used Honda. Price: $29.95. HONDA CBR 954 / 900 RR (02-03) > STARTER STARTING,158,200,https://flipandstrip.com/product/6057/02-03-honda-cbr954-thermostat-case-cover-and-coolant-inlet-joint-oem-19315mcj750,"index, follow",Honda,19315MCJ750,used,MOTORCYCLE > HONDA > HONDA SPORT BIKE,170,"HONDA CBR 954 / 900 RR (02-03) > STARTER STARTING MOTOR TESTED # 31200-MCJ-751 Honda CBR954 Thermostat case , Cover -and Coolant inlet Joint. See all pictures",10,200,LONG_TITLE_REVIEW; IMAGE_DIMENSIONS; RESPONSIVE_IMAGE; MARKETPLACE_BOILERPLATE
6059,275163954374,https://flipandstrip.com/product/6059/1981-89-harley-davidson-big-twin-oil-change-kit-12-20-npd-9000-01,"1981-89 Harley Davidson Big Twin Oil Change Kit 12-20"" NPD 9000-01 | Flip and Strip",83,"1981-89 Harley Davidson Big Twin Oil Change Kit 12-20"" NPD 9000-01. New other (see details) NO PAIN DRAIN. Price: $39.99. HARLEY DAVIDSON XL 883 1200 SPORTSTER",159,200,https://flipandstrip.com/product/6059/1981-89-harley-davidson-big-twin-oil-change-kit-12-20-npd-9000-01,"index, follow",NO PAIN DRAIN,9000-01,used,MOTORCYCLE > HARLEY DAVIDSON > HARLEY DAVIDSON,458,HARLEY DAVIDSON XL 883 1200 SPORTSTER 04-06 CLUTCH DERBY CHROME COVER # 34742-04,12,200,LONG_TITLE_REVIEW; DUPLICATE_SCHEMA_DESCRIPTION; IMAGE_DIMENSIONS; RESPONSIVE_IMAGE; DESCRIPTION_RELEVANCE_REVIEW; MARKETPLACE_BOILERPLATE; EBAY_SHIPPING_COPY
6060,276518879646,https://flipandstrip.com/product/6060/triumph-tiger-955i-temperature-temp-heat-gauge-meter-instrument-oem-t2504204,TRIUMPH TIGER 955i > TEMPERATURE TEMP HEAT GAUGE METER INSTRUMENT OEM # T2504204 | Flip and Strip,97,TRIUMPH TIGER 955i > TEMPERATURE TEMP HEAT GAUGE METER INSTRUMENT OEM # T2504204. Used Triumph. Price: $23.50. This item is a temperature gaugeas shown . There,159,200,https://flipandstrip.com/product/6060/triumph-tiger-955i-temperature-temp-heat-gauge-meter-instrument-oem-t2504204,"index, follow",Triumph,T2504204,used,MOTORCYCLE > TRIUMPH > 955i TIGER,502,"This item is a temperature gaugeas shown . There are some signs ofuse and age. Works great!! See all pictures. GAUGE,TEMPERATURE Part # T2504204 2006Tiger",12,200,LONG_TITLE_REVIEW; IMAGE_DIMENSIONS; RESPONSIVE_IMAGE; MARKETPLACE_BOILERPLATE; EBAY_SHIPPING_COPY
6061,276518892947,https://flipandstrip.com/product/6061/96-00-suzuki-clutch-cover-oil-cap-gsxr750-gsxr600-right-engine-oem-11340-33e00,96-00 Suzuki Clutch Cover Oil Cap GSXR750 GSXR600 Right Engine OEM 11340-33E00 | Flip and Strip,95,96-00 Suzuki Clutch Cover Oil Cap GSXR750 GSXR600 Right Engine OEM 11340-33E00. Used Suzuki. Price: $19.99. SUZUKI GSXR 600 + 750 GIXXER < 01-03 > COWL UNDER,157,200,https://flipandstrip.com/product/6061/96-00-suzuki-clutch-cover-oil-cap-gsxr750-gsxr600-right-engine-oem-11340-33e00,"index, follow",Suzuki,11340-33E00,used,MOTORCYCLE > SUZUKI > GSXR 750 (96-99),277,SUZUKI GSXR 600 + 750 GIXXER < 01-03 > COWL UNDER INNER RIGHT PURPLE 94461-35F00 (96-99) SUZUKI GSXR 750 (97-00) GSXR 600 RIGHT ENGINE / CLUTCH COVER + OIL CAP,9,200,LONG_TITLE_REVIEW; IMAGE_DIMENSIONS; RESPONSIVE_IMAGE; MARKETPLACE_BOILERPLATE
6062,276518879609,https://flipandstrip.com/product/6062/96-kawasaki-zx-11-brake-abs-front-wheel-speed-sensor-oem-21176-1071-gpz1100-zx11,96 KAWASAKI ZX-11 BRAKE ABS FRONT WHEEL SPEED SENSOR OEM 21176-1071 GPZ1100 ZX11 | Flip and Strip,97,96 KAWASAKI ZX-11 BRAKE ABS FRONT WHEEL SPEED SENSOR OEM 21176-1071 GPZ1100 ZX11. Used Kawasaki. Price: $39.95. KAWASAKI 1996 - ZX1100 GPZ > BRAKE ABS FRONT,156,200,https://flipandstrip.com/product/6062/96-kawasaki-zx-11-brake-abs-front-wheel-speed-sensor-oem-21176-1071-gpz1100-zx11,"index, follow",Kawasaki,21176-1071,used,MOTORCYCLE > KAWASAKI > KAWASAKI SPORT BIKE,219,KAWASAKI 1996 - ZX1100 GPZ > BRAKE ABS FRONT WHEEL SPEED SENSOR # 21176-1071 This item is a brake ABS front wheel speed sensor as shown from a 1996 Kawasaki,12,200,LONG_TITLE_REVIEW; IMAGE_DIMENSIONS; RESPONSIVE_IMAGE; MARKETPLACE_BOILERPLATE
6063,276518879608,https://flipandstrip.com/product/6063/2000-victory-v92sc-rear-passenger-foot-peg-bracket-support-set-left-right,2000 VICTORY V92SC REAR PASSENGER FOOT PEG + BRACKET / SUPPORT SET LEFT + RIGHT | Flip and Strip,96,2000 VICTORY V92SC REAR PASSENGER FOOT PEG + BRACKET / SUPPORT SET LEFT + RIGHT. Used Victory. Price: $39.99. HARLEY DAVIDSON XL 883 1200 SPORTSTER 04-06,153,200,https://flipandstrip.com/product/6063/2000-victory-v92sc-rear-passenger-foot-peg-bracket-support-set-left-right,"index, follow",Victory,5132303,used,MOTORCYCLE > VICTORY > V92SC,430,HARLEY DAVIDSON XL 883 1200 SPORTSTER 04-06 CLUTCH DERBY CHROME COVER # 34742-04,10,200,LONG_TITLE_REVIEW; DUPLICATE_SCHEMA_DESCRIPTION; IMAGE_DIMENSIONS; RESPONSIVE_IMAGE; DESCRIPTION_RELEVANCE_REVIEW; MARKETPLACE_BOILERPLATE; EBAY_SHIPPING_COPY
6065,276518879605,https://flipandstrip.com/product/6065/honda-cb900c-cb1000c-final-gear-case-high-low-gear-box-nice-11340-461-750,HONDA CB900C + CB1000C - FINAL GEAR CASE HIGH LOW GEAR BOX NICE # 11340-461-750 | Flip and Strip,96,HONDA CB900C + CB1000C - FINAL GEAR CASE HIGH LOW GEAR BOX NICE # 11340-461-750. Used Honda. Price: $21.84. 1982 HONDA CB 900C - Final drive gear case as shown,159,200,https://flipandstrip.com/product/6065/honda-cb900c-cb1000c-final-gear-case-high-low-gear-box-nice-11340-461-750,"index, follow",Honda,11340-461-750,used,MOTORCYCLE > HONDA > CB 900,398,"1982 HONDA CB 900C - Final drive gear case as shown . Used condition. See all pictures. M3 56 IF YOU CHOOSE TO USE "" BEST OFFER "" PLEASE INCLUDE A LINK TO ANY",12,200,LONG_TITLE_REVIEW; IMAGE_DIMENSIONS; RESPONSIVE_IMAGE; MARKETPLACE_BOILERPLATE; EBAY_SHIPPING_COPY
6066,276518879603,https://flipandstrip.com/product/6066/champion-814-spark-plug-rl82yc-boat-marine-mercury-mariner-force-motors,Champion 814 Spark Plug RL82YC Boat Marine Mercury Mariner Force motors | Flip and Strip,88,Champion 814 Spark Plug RL82YC Boat Marine Mercury Mariner Force motors. New Champion. Price: $3.99. MERCURY / MARINER 40 HP 4 CYL ( LOWER COWL SKIRT TRIM,154,200,https://flipandstrip.com/product/6066/champion-814-spark-plug-rl82yc-boat-marine-mercury-mariner-force-motors,"index, follow",Champion,RL82YC,new,MARINE / BOAT PARTS > MERCURY / MARINER 30 HP,258,MERCURY / MARINER 40 HP 4 CYL ( LOWER COWL SKIRT TRIM COVER ) NLA # 18871T 6 Champion Spark Plug814 RL82YC OUTBOARD BOAT MOTOR MECURY MARINER FORCE (9672FAS),7,200,LONG_TITLE_REVIEW; IMAGE_DIMENSIONS; RESPONSIVE_IMAGE; MARKETPLACE_BOILERPLATE; EBAY_SHIPPING_COPY; USED_TEMPLATE_ON_NEW_ITEM
6067,276518892913,https://flipandstrip.com/product/6067/05-06-kawasaki-side-cover-left-636-zx6rr-trim-panel-oem-36001-0042-ninja,05 06 Kawasaki Side Cover Left 636 ZX6rr Trim Panel OEM 36001-0042 Ninja | Flip and Strip,89,05 06 Kawasaki Side Cover Left 636 ZX6rr Trim Panel OEM 36001-0042 Ninja. Used Kawasaki. Price: $23.45. KAWASAKI NINJA ZX6R > OIL TUBE / LINE / HOSE + BANJO,156,200,https://flipandstrip.com/product/6067/05-06-kawasaki-side-cover-left-636-zx6rr-trim-panel-oem-36001-0042-ninja,"index, follow",Kawasaki,36001-0042,used,MOTORCYCLE > KAWASAKI > KAWASAKI SPORT BIKE,237,KAWASAKI NINJA ZX6R > OIL TUBE / LINE / HOSE + BANJO BOLTS + MORE # 51044-1179 Left panel / cover 05-06 Kawasaki Ninja ZX6R / 636 / ZX6RR. NO CRACKS OR BROKEN,7,200,LONG_TITLE_REVIEW; IMAGE_DIMENSIONS; RESPONSIVE_IMAGE; MARKETPLACE_BOILERPLATE
6068,277098931940,https://flipandstrip.com/product/6068/96-03-kawasaki-zx7r-cover-right-engine-timing-pulser-ignition-ninja-14090-1630,96-03 Kawasaki ZX7R Cover Right Engine Timing Pulser Ignition Ninja 14090-1630 | Flip and Strip,95,96-03 Kawasaki ZX7R Cover Right Engine Timing Pulser Ignition Ninja 14090-1630. Used Kawasaki. Price: $14.95. KAWASAKI NINJA ZX7R + ZX7RR COVER TIMING PULSER,157,200,https://flipandstrip.com/product/6068/96-03-kawasaki-zx7r-cover-right-engine-timing-pulser-ignition-ninja-14090-1630,"index, follow",Kawasaki,14090-1630,used,MOTORCYCLE > KAWASAKI > KAWASAKI SPORT BIKE,362,KAWASAKI NINJA ZX7R + ZX7RR COVER TIMING PULSER RIGHT TRIGGER PICK UP 14090-1630 This item is a timing / pulser cover with hardware as shown from a 1998,12,200,LONG_TITLE_REVIEW; IMAGE_DIMENSIONS; RESPONSIVE_IMAGE; MARKETPLACE_BOILERPLATE; EBAY_SHIPPING_COPY
6070,276518892965,https://flipandstrip.com/product/6070/97-yamaha-yzf1000-front-brake-rotor-disc-set-yzf600-fjr-r6-oem-4sv-2581t-01-00,97 Yamaha YZF1000 Front Brake Rotor Disc Set YZF600 FJR R6 Oem 4SV-2581T-01-00 | Flip and Strip,95,97 Yamaha YZF1000 Front Brake Rotor Disc Set YZF600 FJR R6 Oem 4SV-2581T-01-00. Used Yamaha. Price: $45.00. HARLEY DAVIDSON XL 883 1200 SPORTSTER 04-06 CLUTCH,158,200,https://flipandstrip.com/product/6070/97-yamaha-yzf1000-front-brake-rotor-disc-set-yzf600-fjr-r6-oem-4sv-2581t-01-00,"index, follow",Yamaha,4SV-2581T-01-00,used,MOTORCYCLE > YAMAHA > YZF1000,509,HARLEY DAVIDSON XL 883 1200 SPORTSTER 04-06 CLUTCH DERBY CHROME COVER # 34742-04 1997 Yamaha YZF1000 front brake rotor / disc set . 1x left front 1x right,8,200,LONG_TITLE_REVIEW; IMAGE_DIMENSIONS; RESPONSIVE_IMAGE; MARKETPLACE_BOILERPLATE
6071,276518879650,https://flipandstrip.com/product/6071/honda-cbr-1100-xx-black-bird-left-rear-foot-peg-bracket-step-oem-50760-mat-010,HONDA CBR 1100 XX BLACK BIRD Left Rear Foot Peg Bracket Step OEM 50760-MAT-010 | Flip and Strip,95,HONDA CBR 1100 XX BLACK BIRD Left Rear Foot Peg Bracket Step OEM 50760-MAT-010. Used HONDA. Price: $18.95. HONDA CBR 1100 XX BLACK BIRD ~ LEFT REAR STAY STEP ~,159,200,https://flipandstrip.com/product/6071/honda-cbr-1100-xx-black-bird-left-rear-foot-peg-bracket-step-oem-50760-mat-010,"index, follow",HONDA,50760-MAT-010,used,MOTORCYCLE > HONDA > HONDA SPORT BIKE,434,HONDA CBR 1100 XX BLACK BIRD ~ LEFT REAR STAY STEP ~ PEG HOLDER # 50760-MAT-010 Rear left foot peg & holder 2002 Honda Black Bird CBR 1100XX. USED There are,12,200,LONG_TITLE_REVIEW; IMAGE_DIMENSIONS; RESPONSIVE_IMAGE; MARKETPLACE_BOILERPLATE; EBAY_SHIPPING_COPY
6072,276518879648,https://flipandstrip.com/product/6072/yamaha-yzf600r-thundercat-cylinder-head-assembly-with-cams-and-cover-7884-miles,YAMAHA YZF600R THUNDERCAT CYLINDER HEAD ASSEMBLY WITH CAMS AND COVER 7884 MILES | Flip and Strip,96,YAMAHA YZF600R THUNDERCAT CYLINDER HEAD ASSEMBLY WITH CAMS AND COVER 7884 MILES. Used Yamaha. Price: $289.95.,109,200,https://flipandstrip.com/product/6072/yamaha-yzf600r-thundercat-cylinder-head-assembly-with-cams-and-cover-7884-miles,"index, follow",Yamaha,4JH-11101-02-00,used,MOTORCYCLE > YAMAHA > YZF600R / THUNDERCAT,404,YAMAHA YZF600R THUNDERCAT CYLINDER HEAD ASSEMBLY WITH CAMS AND COVER 7884 MILES,12,200,LONG_TITLE_REVIEW; IMAGE_DIMENSIONS; RESPONSIVE_IMAGE; MARKETPLACE_BOILERPLATE; EBAY_SHIPPING_COPY
6073,276518879676,https://flipandstrip.com/product/6073/honda-trx-350-air-tube-plate-bracket-left-inner-fender-66125-ha7-670-used,HONDA TRX 350 AIR TUBE PLATE / BRACKET LEFT INNER FENDER # 66125-HA7-670 (USED) | Flip and Strip,96,HONDA TRX 350 AIR TUBE PLATE / BRACKET LEFT INNER FENDER # 66125-HA7-670 (USED). Used HONDA. Price: $18.15. HONDA TRX 350 AIR TUBE PLATE / BRACKET LEFT INNER,157,200,https://flipandstrip.com/product/6073/honda-trx-350-air-tube-plate-bracket-left-inner-fender-66125-ha7-670-used,"index, follow",HONDA,66125-HA7-670,used,ATV 4 WHEELER / ATC 3 WHEELER > HONDA > HONDA TRX 350,899,"HONDA TRX 350 AIR TUBE PLATE / BRACKET LEFT INNER FENDER # 66125-HA7-670. Some scuffs , scratches, signs of use and age. See all pictures.Honda 66125-HA7-670",12,200,LONG_TITLE_REVIEW; IMAGE_DIMENSIONS; RESPONSIVE_IMAGE; MARKETPLACE_BOILERPLATE; EBAY_SHIPPING_COPY
6074,276518879677,https://flipandstrip.com/product/6074/honda-cb-900c-900-custom-driveshaft-propeller-shaft-40200-461-000-nice,HONDA CB 900C 900 CUSTOM ~ DRIVESHAFT / PROPELLER SHAFT # 40200-461-000 NICE!! | Flip and Strip,95,HONDA CB 900C 900 CUSTOM ~ DRIVESHAFT / PROPELLER SHAFT # 40200-461-000 NICE!!. Used Honda. Price: $25.00. 1982 HONDA CB 900C - Driveshaft . Nice used,150,200,https://flipandstrip.com/product/6074/honda-cb-900c-900-custom-driveshaft-propeller-shaft-40200-461-000-nice,"index, follow",Honda,40200-461-000,used,MOTORCYCLE > HONDA > CB 900,454,1982 HONDA CB 900C - Driveshaft . Nice used condition. No excessive play. You will get exactly as pictured. I HAVE OTHER PARTS LISTED FOR THIS MOTORCYCLE,12,200,LONG_TITLE_REVIEW; IMAGE_DIMENSIONS; RESPONSIVE_IMAGE; MARKETPLACE_BOILERPLATE; EBAY_SHIPPING_COPY
6075,276518879673,https://flipandstrip.com/product/6075/kawasaki-zl600-eliminator-rear-fender-inner-black-1933-2-miles-very-nice,KAWASAKI ZL600 ELIMINATOR - REAR FENDER INNER BLACK ( 1933.2 MILES ) VERY NICE | Flip and Strip,95,KAWASAKI ZL600 ELIMINATOR - REAR FENDER INNER BLACK ( 1933.2 MILES ) VERY NICE. Used Kawasaki. Price: $22.98. REAR FENDER ( INNER / FRONT ) BLACK FOR KAWASAKI,158,200,https://flipandstrip.com/product/6075/kawasaki-zl600-eliminator-rear-fender-inner-black-1933-2-miles-very-nice,"index, follow",Kawasaki,35023-1162-H8,used,MOTORCYCLE > KAWASAKI > ELIMINATOR ZL 600,278,REAR FENDER ( INNER / FRONT ) BLACK FOR KAWASAKI ZL 600 ELIMINATOR.INCLUDES :COLLARS AS SHOWN IN PICTURES.THIS ZL600 HAD 1933.2 MILESSEE ALL PICTURES!!M1 94,12,200,LONG_TITLE_REVIEW; IMAGE_DIMENSIONS; RESPONSIVE_IMAGE; MARKETPLACE_BOILERPLATE; EBAY_SHIPPING_COPY
6076,276518879674,https://flipandstrip.com/product/6076/honda-cb-750-sohc-clutch-cover-lever-arm-actuator-release-11342300050,HONDA CB 750 SOHC - CLUTCH COVER + LEVER / ARM + ACTUATOR / RELEASE 11342300050 | Flip and Strip,96,HONDA CB 750 SOHC - CLUTCH COVER + LEVER / ARM + ACTUATOR / RELEASE 11342300050. Used Honda. Price: $24.24. 1974 HONDA CB 750 . CLUTCH COVER 11342300050OUTER,157,200,https://flipandstrip.com/product/6076/honda-cb-750-sohc-clutch-cover-lever-arm-actuator-release-11342300050,"index, follow",Honda,11342300050,used,MOTORCYCLE > HONDA > CB 750,435,"1974 HONDA CB 750 . CLUTCH COVER 11342300050OUTER CLUTCH COVER 11348300010CLUTCH LEVER 22810300000CLUTCH RELEASE ACTUATOR 22820300000 Used condition , Will",12,200,LONG_TITLE_REVIEW; IMAGE_DIMENSIONS; RESPONSIVE_IMAGE; MARKETPLACE_BOILERPLATE; EBAY_SHIPPING_COPY
6077,277098931954,https://flipandstrip.com/product/6077/01-02-suzuki-gsxr1000-rear-axle-and-nut-oem-64711-33e30,01 02 Suzuki GSXR1000 Rear Axle and Nut OEM 64711-33E30 | Flip and Strip,72,01 02 Suzuki GSXR1000 Rear Axle and Nut OEM 64711-33E30. Used Suzuki. Price: $12.34. SUZUKI GSXR 1000 GIXXER < 05 06 > FRONT COWL FAIRING COWLING PANEL BLUE &,158,200,https://flipandstrip.com/product/6077/01-02-suzuki-gsxr1000-rear-axle-and-nut-oem-64711-33e30,"index, follow",Suzuki,64711-33E30,used,MOTORCYCLE > SUZUKI > SPORT BIKE,134,SUZUKI GSXR 1000 GIXXER < 05 06 > FRONT COWL FAIRING COWLING PANEL BLUE & BLACK SUZUKI GSXR rear axle and nut as shown. SEE ALL PICTURES!! ((( 766 FAS A2 59,12,200,LONG_TITLE_REVIEW; IMAGE_DIMENSIONS; RESPONSIVE_IMAGE; MARKETPLACE_BOILERPLATE
6078,277098931962,https://flipandstrip.com/product/6078/kawasaki-bn125-eliminator-fuel-gas-tank-trim-cover-chrome-bezel-housing,Kawasaki BN125 Eliminator Fuel Gas Tank Trim Cover Chrome Bezel Housing | Flip and Strip,88,Kawasaki BN125 Eliminator Fuel Gas Tank Trim Cover Chrome Bezel Housing. Used Kawasaki. Price: $19.35. KAWASAKI BN 125 ELIMINATOR > TANK COVER CHROME BEZEL,155,200,https://flipandstrip.com/product/6078/kawasaki-bn125-eliminator-fuel-gas-tank-trim-cover-chrome-bezel-housing,"index, follow",Kawasaki,16146-1190,used,MOTORCYCLE > KAWASAKI > KAWASAKI CRUISER,416,KAWASAKI BN 125 ELIMINATOR > TANK COVER CHROME BEZEL HOUSING OEM # 16146-1190 THIS ITEM IS A TANK COVERFOR KAWASAKI BN 125 ELIMINATOR. SEE LIST BELOW.IT HAS A,12,200,LONG_TITLE_REVIEW; IMAGE_DIMENSIONS; RESPONSIVE_IMAGE; MARKETPLACE_BOILERPLATE; EBAY_SHIPPING_COPY
6079,277098932003,https://flipandstrip.com/product/6079/97-07-yamaha-yzf600r-radiator-thundercat-4tv-12461-00-00,97-07 Yamaha YZF600r Radiator Thundercat 4TV-12461-00-00 | Flip and Strip,73,97-07 Yamaha YZF600r Radiator Thundercat 4TV-12461-00-00. Used Yamaha. Price: $33.33.,85,200,https://flipandstrip.com/product/6079/97-07-yamaha-yzf600r-radiator-thundercat-4tv-12461-00-00,"index, follow",Yamaha,4TV-12461-00-00,used,MOTORCYCLE > YAMAHA > YZF600R / THUNDERCAT,446,97-07 Yamaha YZF600r Radiator Thundercat 4TV-12461-00-00,12,200,LONG_TITLE_REVIEW; IMAGE_DIMENSIONS; RESPONSIVE_IMAGE; MARKETPLACE_BOILERPLATE; EBAY_SHIPPING_COPY
6080,276518879670,https://flipandstrip.com/product/6080/honda-trx-350-4x4-1987-atv-transmission-shift-drum-forks-24300-ha0-003,HONDA TRX 350 4X4 1987 ATV > TRANSMISSION + SHIFT DRUM & FORKS # 24300-HA0-003 | Flip and Strip,95,"HONDA TRX 350 4X4 1987 ATV > TRANSMISSION + SHIFT DRUM & FORKS # 24300-HA0-003. Used HONDA. Price: $45.67. This item is a used transmission , shift drum",152,200,https://flipandstrip.com/product/6080/honda-trx-350-4x4-1987-atv-transmission-shift-drum-forks-24300-ha0-003,"index, follow",HONDA,24300-HA0-003,used,ATV 4 WHEELER / ATC 3 WHEELER > HONDA > HONDA TRX 350,405,"This item is a used transmission , shift drum , shift forks and all parts as shown in pictures. This is from a 1987 Honda trx 350 4x4.It is in good used",12,200,LONG_TITLE_REVIEW; IMAGE_DIMENSIONS; RESPONSIVE_IMAGE; MARKETPLACE_BOILERPLATE; EBAY_SHIPPING_COPY
6081,276518879680,https://flipandstrip.com/product/6081/01-02-suzuki-gsxr1000-rear-shock-coil-over-adjustable-gsxr-1000-13-62100-40f10,"01 02 Suzuki GSXR1000 Rear Shock Coil Over Adjustable GSXR 1000 13"" 62100-40F10 | Flip and Strip",96,"01 02 Suzuki GSXR1000 Rear Shock Coil Over Adjustable GSXR 1000 13"" 62100-40F10. Used Suzuki. Price: $19.87. SUZUKI GSXR 1000 GIXXER < 05 06 > FRONT COWL",153,200,https://flipandstrip.com/product/6081/01-02-suzuki-gsxr1000-rear-shock-coil-over-adjustable-gsxr-1000-13-62100-40f10,"index, follow",Suzuki,"62100-40F10-37W, 6210040F1037W",used,MOTORCYCLE > SUZUKI > SPORT BIKE,160,SUZUKI GSXR 1000 GIXXER < 05 06 > FRONT COWL FAIRING COWLING PANEL BLUE & BLACK SUZUKI GSXR rear shock shown.13 inch30mm MOUNTSadjustableSEE ALL PICTURES!! (((,11,200,LONG_TITLE_REVIEW; IMAGE_DIMENSIONS; RESPONSIVE_IMAGE; MARKETPLACE_BOILERPLATE
6084,277098931999,https://flipandstrip.com/product/6084/84-21-harley-softail-fat-boy-flst-headlight-mounting-block-1-1-x-3-4-vertical,"84-21 Harley Softail Fat Boy FLST Headlight Mounting Block 1.1"" X 3/4 Vertical | Flip and Strip",95,"84-21 Harley Softail Fat Boy FLST Headlight Mounting Block 1.1"" X 3/4 Vertical. New DRAG SPECIALTIES. Price: $34.95. HARLEY DAVIDSON XL 883 1200 SPORTSTER",154,200,https://flipandstrip.com/product/6084/84-21-harley-softail-fat-boy-flst-headlight-mounting-block-1-1-x-3-4-vertical,"index, follow",DRAG SPECIALTIES,1-0003CA,new,MOTORCYCLE > HARLEY DAVIDSON > HARLEY DAVIDSON,317,HARLEY DAVIDSON XL 883 1200 SPORTSTER 04-06 CLUTCH DERBY CHROME COVER # 34742-04,12,200,LONG_TITLE_REVIEW; DUPLICATE_SCHEMA_DESCRIPTION; IMAGE_DIMENSIONS; RESPONSIVE_IMAGE; DESCRIPTION_RELEVANCE_REVIEW; MARKETPLACE_BOILERPLATE; EBAY_SHIPPING_COPY; USED_TEMPLATE_ON_NEW_ITEM
6085,277098932020,https://flipandstrip.com/product/6085/12-15-kawasaki-zx-10r-ninja-swingarm-pivot-shaft-collar-nut-33032-0013-oem,"12 - 15 Kawasaki ZX-10R Ninja Swingarm Pivot Shaft , Collar , Nut 33032-0013 OEM | Flip and Strip",97,"12 - 15 Kawasaki ZX-10R Ninja Swingarm Pivot Shaft , Collar , Nut 33032-0013 OEM. Used kawasaki. Price: $19.95. KAWASAKI NINJA ZX6R > OIL TUBE / LINE / HOSE +",158,200,https://flipandstrip.com/product/6085/12-15-kawasaki-zx-10r-ninja-swingarm-pivot-shaft-collar-nut-33032-0013-oem,"index, follow",kawasaki,33032-0013,used,MOTORCYCLE > KAWASAKI > ZX-10R NINJA,216,KAWASAKI NINJA ZX6R > OIL TUBE / LINE / HOSE + BANJO BOLTS + MORE # 51044-1179 12-15 Kawasaki ZX-10R Ninja ZX10R Swingarm Pivot Shaft / Bolt Collar,16,200,LONG_TITLE_REVIEW; IMAGE_DIMENSIONS; RESPONSIVE_IMAGE; MARKETPLACE_BOILERPLATE; EBAY_SHIPPING_COPY
6086,277098932031,https://flipandstrip.com/product/6086/96-13-harley-davidson-left-switch-housing-bottom-tour-sportster-softail-23-254,96-13 Harley Davidson Left Switch Housing Bottom Tour Sportster Softail 23-254 | Flip and Strip,95,96-13 Harley Davidson Left Switch Housing Bottom Tour Sportster Softail 23-254. New other (see details) Custom Chrome. Price: $24.95. HARLEY DAVIDSON XL 883,156,200,https://flipandstrip.com/product/6086/96-13-harley-davidson-left-switch-housing-bottom-tour-sportster-softail-23-254,"index, follow",Custom Chrome,23-254,used,MOTORCYCLE > HARLEY DAVIDSON > HARLEY DAVIDSON,310,HARLEY DAVIDSON XL 883 1200 SPORTSTER 04-06 CLUTCH DERBY CHROME COVER # 34742-04,11,200,LONG_TITLE_REVIEW; DUPLICATE_SCHEMA_DESCRIPTION; IMAGE_DIMENSIONS; RESPONSIVE_IMAGE; MARKETPLACE_BOILERPLATE; EBAY_SHIPPING_COPY
6087,277098932029,https://flipandstrip.com/product/6087/86-89-honda-trx-350-fourtrax-foreman-atv-steering-shaft-bracket-50159-ha7-670,86-89 Honda TRX 350 Fourtrax Foreman ATV Steering Shaft Bracket 50159-HA7-670 | Flip and Strip,94,86-89 Honda TRX 350 Fourtrax Foreman ATV Steering Shaft Bracket 50159-HA7-670. Used Honda. Price: $19.95. HONDA TRX 350 FOUR TRAX / FOREMAN - STEERING SHAFT,156,200,https://flipandstrip.com/product/6087/86-89-honda-trx-350-fourtrax-foreman-atv-steering-shaft-bracket-50159-ha7-670,"index, follow",Honda,"50159-HA7-670, 50159HA7670",used,ATV 4 WHEELER / ATC 3 WHEELER > HONDA > HONDA TRX 350,144,HONDA TRX 350 FOUR TRAX / FOREMAN - STEERING SHAFT STAY BRACKET # 50159-HA7-670 This item is a lower steering shaft stay from a 1987 Honda TRX 350 4x4. It has,8,200,LONG_TITLE_REVIEW; IMAGE_DIMENSIONS; RESPONSIVE_IMAGE; MARKETPLACE_BOILERPLATE
6089,276518892925,https://flipandstrip.com/product/6089/71-90-harley-davidson-buell-seal-11124-xl-sportster-camshaft-timing-points-cam,71-90 Harley Davidson Buell Seal 11124 XL Sportster Camshaft Timing Points Cam | Flip and Strip,95,71-90 Harley Davidson Buell Seal 11124 XL Sportster Camshaft Timing Points Cam. New other (see details) Harley-Davidson. Price: $6.95. HARLEY DAVIDSON XL 883,157,200,https://flipandstrip.com/product/6089/71-90-harley-davidson-buell-seal-11124-xl-sportster-camshaft-timing-points-cam,"index, follow",Harley-Davidson,11124,used,MOTORCYCLE > HARLEY DAVIDSON > HARLEY DAVIDSON,170,HARLEY DAVIDSON XL 883 1200 SPORTSTER 04-06 CLUTCH DERBY CHROME COVER # 34742-04 71-90 Harley Davidson SportsterCamshaft Seal 49-24831112419173 New condition,10,200,LONG_TITLE_REVIEW; IMAGE_DIMENSIONS; RESPONSIVE_IMAGE; MARKETPLACE_BOILERPLATE
6090,276518892918,https://flipandstrip.com/product/6090/1986-honda-rear-grab-bar-vf500-interceptor-77310-ke7-600,1986 Honda Rear Grab Bar VF500 Interceptor 77310-KE7-600 | Flip and Strip,73,1986 Honda Rear Grab Bar VF500 Interceptor 77310-KE7-600. Used Honda. Price: $9.99. KAWASAKI NINJA ZX6R > OIL TUBE / LINE / HOSE + BANJO BOLTS + MORE #,151,200,https://flipandstrip.com/product/6090/1986-honda-rear-grab-bar-vf500-interceptor-77310-ke7-600,"index, follow",Honda,77310-KE7-600,used,MOTORCYCLE > HONDA > VF 500 F INTERCEPTOR,144,KAWASAKI NINJA ZX6R > OIL TUBE / LINE / HOSE + BANJO BOLTS + MORE # 51044-1179 1986 HONDA VF500F INTERCEPTOR REAR GRAB BAR # 77310-KE7-600 USED - SCUFFS,10,200,LONG_TITLE_REVIEW; IMAGE_DIMENSIONS; RESPONSIVE_IMAGE; MARKETPLACE_BOILERPLATE
6091,10034 FAS,https://flipandstrip.com/product/6091/piston-kit-yamaha-rz350-and-yzf350-banshee-wiseco-2-50mm-oversize-513m06650,Piston Kit Yamaha RZ350 and YZF350 Banshee Wiseco 2.50mm Oversize 513M06650 | Flip and Strip,92,Piston Kit Yamaha RZ350 and YZF350 Banshee Wiseco 2.50mm Oversize 513M06650. New Wiseco. Price: $89.95. This sale is for 1 piston kit . Order 1 for each,152,200,https://flipandstrip.com/product/6091/piston-kit-yamaha-rz350-and-yzf350-banshee-wiseco-2-50mm-oversize-513m06650,"index, follow",Wiseco,513M06650,new,MOTORCYCLE > YAMAHA > RZ 350,309,"This sale is for 1 piston kit . Order 1 for each cylinder. Wiseco 2 Stroke Pro-Lite Piston Kit, 66.50 mm BoreWiseco’s Pro-Lite is the forged 2-stroke piston t",8,200,LONG_TITLE_REVIEW; IMAGE_DIMENSIONS; RESPONSIVE_IMAGE; MARKETPLACE_BOILERPLATE; EBAY_SHIPPING_COPY; USED_TEMPLATE_ON_NEW_ITEM
6092,276518892903,https://flipandstrip.com/product/6092/89-90-yamaha-fzr1000-fan-radiator-cooling-3gm-12405-00-00,89 90 Yamaha FZR1000 Fan Radiator Cooling 3GM-12405-00-00 | Flip and Strip,74,89 90 Yamaha FZR1000 Fan Radiator Cooling 3GM-12405-00-00. Used Yamaha. Price: $33.99. YAMAHA YZF600 + 750 FZR1000 > HEADLIGHT LAMP ASSEMBLY + BODY #,149,200,https://flipandstrip.com/product/6092/89-90-yamaha-fzr1000-fan-radiator-cooling-3gm-12405-00-00,"index, follow",Yamaha,3GM-12405-00-00,used,MOTORCYCLE > YAMAHA > FZR 1000,223,YAMAHA YZF600 + 750 FZR1000 > HEADLIGHT LAMP ASSEMBLY + BODY # 4FM-84320-40-00 89-90 YAMAHA RADIATOR COOLING FAN ( TESTED SEE VIDEO ) USED CONDITION - HAS SOME,12,200,LONG_TITLE_REVIEW; IMAGE_DIMENSIONS; RESPONSIVE_IMAGE; MARKETPLACE_BOILERPLATE
6093,276518879591,https://flipandstrip.com/product/6093/95-97-kawasaki-zx-11-f1-gpz-1100-radiator-top-shroud-cover-guard-49016-1189,95-97 KAWASAKI ZX-11 F1 GPZ 1100 RADIATOR TOP SHROUD COVER GUARD 49016-1189 | Flip and Strip,92,95-97 KAWASAKI ZX-11 F1 GPZ 1100 RADIATOR TOP SHROUD COVER GUARD 49016-1189. Used Kawasaki. Price: $29.95. KAWASAKI ZX1100 F1 GPZ 1100 > RADIATOR TOP SHROUD,156,200,https://flipandstrip.com/product/6093/95-97-kawasaki-zx-11-f1-gpz-1100-radiator-top-shroud-cover-guard-49016-1189,"index, follow",Kawasaki,49016-1189,used,MOTORCYCLE > KAWASAKI > KAWASAKI SPORT BIKE,298,KAWASAKI ZX1100 F1 GPZ 1100 > RADIATOR TOP SHROUD COVER GUARD # 49016-1189 NICE! This item is a radiator shroud / cover ( top ) as shown from a 1996 Kawasaki,12,200,LONG_TITLE_REVIEW; IMAGE_DIMENSIONS; RESPONSIVE_IMAGE; MARKETPLACE_BOILERPLATE
6094,276518892902,https://flipandstrip.com/product/6094/97-07-yamaha-caliper-bracket-rear-brake-yzf600r-torque-tension-bar-4jh-25819-00,97-07 Yamaha Caliper Bracket Rear Brake YZF600R Torque Tension Bar 4JH-25819-00 | Flip and Strip,96,97-07 Yamaha Caliper Bracket Rear Brake YZF600R Torque Tension Bar 4JH-25819-00. Used Yamaha. Price: $29.95. YAMAHA YZF600R THUNDERCAT REAR BRAKE CALIPER,153,200,https://flipandstrip.com/product/6094/97-07-yamaha-caliper-bracket-rear-brake-yzf600r-torque-tension-bar-4jh-25819-00,"index, follow",Yamaha,4JH-25371-01-00,used,MOTORCYCLE > YAMAHA > YZF600R / THUNDERCAT,381,YAMAHA YZF600R THUNDERCAT REAR BRAKE CALIPER BRACKET + TORQUE TENSION BAR. WORKS GREAT!!! PLEASE ALL SEE PICTURES!!! (JB1B2 3445 FAS YZF91) 4JH-25371-01-00,12,200,LONG_TITLE_REVIEW; IMAGE_DIMENSIONS; RESPONSIVE_IMAGE; MARKETPLACE_BOILERPLATE
6095,276518892898,https://flipandstrip.com/product/6095/88-honda-trx350-kick-start-shaft-spindle-ratchet-gear-fourtrax-atv-28250-ha7-650,88 Honda TRX350 Kick Start Shaft Spindle Ratchet Gear Fourtrax ATV 28250-HA7-650 | Flip and Strip,97,88 Honda TRX350 Kick Start Shaft Spindle Ratchet Gear Fourtrax ATV 28250-HA7-650. Used Honda. Price: $17.95. HONDA TRX 350 FOUR TRAX ATV - KICK START SPINDLE /,159,200,https://flipandstrip.com/product/6095/88-honda-trx350-kick-start-shaft-spindle-ratchet-gear-fourtrax-atv-28250-ha7-650,"index, follow",Honda,"28250-HA7-650, 28250HA7650",used,ATV 4 WHEELER / ATC 3 WHEELER > HONDA > HONDA TRX 350,180,HONDA TRX 350 FOUR TRAX ATV - KICK START SPINDLE / RATCHET + GEAR #28250-HA7-650 This item is a kick start spindle / ratchet assembly as shown from a 1988,10,200,LONG_TITLE_REVIEW; IMAGE_DIMENSIONS; RESPONSIVE_IMAGE; MARKETPLACE_BOILERPLATE
6096,276518892924,https://flipandstrip.com/product/6096/85-86-honda-cb700s-kick-stand-nighthawk-side-bar-spring-bolt-50540-mj1-830za,85 86 Honda CB700s Kick Stand Nighthawk Side Bar Spring Bolt 50540-MJ1-830ZA | Flip and Strip,93,85 86 Honda CB700s Kick Stand Nighthawk Side Bar Spring Bolt 50540-MJ1-830ZA. Used Honda. Price: $14.95. HONDA CB 700 S NIGHTHAWK - KICK STAND SIDE BAR +,153,200,https://flipandstrip.com/product/6096/85-86-honda-cb700s-kick-stand-nighthawk-side-bar-spring-bolt-50540-mj1-830za,"index, follow",Honda,50540-MJ1-830ZA,used,MOTORCYCLE > HONDA > CB 700 SC / NIGHTHAWK,255,HONDA CB 700 S NIGHTHAWK - KICK STAND SIDE BAR + SPRING + BOLT # 50540-MJ1-830ZA This is a kick stand from a Honda CB 700 S . It is used . It is complete as,12,200,LONG_TITLE_REVIEW; IMAGE_DIMENSIONS; RESPONSIVE_IMAGE; MARKETPLACE_BOILERPLATE
6097,276518879643,https://flipandstrip.com/product/6097/honda-cb900-cb1000-left-side-engine-cover-oil-fill-oil-pump-cover-screws,HONDA CB900 CB1000 - LEFT SIDE ENGINE COVER / OIL FILL OIL PUMP COVER + SCREWS | Flip and Strip,95,HONDA CB900 CB1000 - LEFT SIDE ENGINE COVER / OIL FILL OIL PUMP COVER + SCREWS. Used Honda. Price: $22.07. 1982 HONDA CB 900C - Left engine / oil fill / oil,156,200,https://flipandstrip.com/product/6097/honda-cb900-cb1000-left-side-engine-cover-oil-fill-oil-pump-cover-screws,"index, follow",Honda,11360-461-750,used,MOTORCYCLE > HONDA > CB 900,434,"1982 HONDA CB 900C - Left engine / oil fill / oil pump cover as shown. Honda 11360-461-750 COVER, L. SIDE fits the following models : Honda Motorcycle 1982",12,200,LONG_TITLE_REVIEW; IMAGE_DIMENSIONS; RESPONSIVE_IMAGE; MARKETPLACE_BOILERPLATE; EBAY_SHIPPING_COPY
6100,276518879661,https://flipandstrip.com/product/6100/89-99-yamaha-fzr-600-tail-light-bracket-frame-rear-center-3he-2117e-00-00,89 - 99 YAMAHA FZR 600 TAIL LIGHT BRACKET / FRAME REAR CENTER # 3HE-2117E-00-00 | Flip and Strip,96,89 - 99 YAMAHA FZR 600 TAIL LIGHT BRACKET / FRAME REAR CENTER # 3HE-2117E-00-00. Used Yamaha. Price: $9.87. YAMAHA YZF R6 + SNOW MOBILE MACHINE > THERMOSTAT,156,200,https://flipandstrip.com/product/6100/89-99-yamaha-fzr-600-tail-light-bracket-frame-rear-center-3he-2117e-00-00,"index, follow",Yamaha,3HE-2117E-00-00,used,MOTORCYCLE > YAMAHA > FZR 600,516,YAMAHA YZF R6 + SNOW MOBILE MACHINE > THERMOSTAT HOUSING # 5EB-12413-00-00 TAIL LIGHT BRACKET / REAR CENTER FRAME AS SHOWN IN PICTURE. PLEASE ALL SEE PICTURES,11,200,LONG_TITLE_REVIEW; IMAGE_DIMENSIONS; RESPONSIVE_IMAGE; MARKETPLACE_BOILERPLATE; EBAY_SHIPPING_COPY
6101,276518879656,https://flipandstrip.com/product/6101/05-06-kawasaki-ninja-zx6rr-636-turn-signal-plate-cover-left-blue-14091-0353,05 06 KAWASAKI NINJA ZX6RR / 636 TURN SIGNAL PLATE COVER LEFT BLUE 14091-0353 | Flip and Strip,94,05 06 KAWASAKI NINJA ZX6RR / 636 TURN SIGNAL PLATE COVER LEFT BLUE 14091-0353. Used Kawasaki. Price: $12.34. KAWASAKI NINJA ZX6R > OIL TUBE / LINE / HOSE +,155,200,https://flipandstrip.com/product/6101/05-06-kawasaki-ninja-zx6rr-636-turn-signal-plate-cover-left-blue-14091-0353,"index, follow",Kawasaki,14091-0353-723,used,MOTORCYCLE > KAWASAKI > KAWASAKI SPORT BIKE,467,KAWASAKI NINJA ZX6R > OIL TUBE / LINE / HOSE + BANJO BOLTS + MORE # 51044-1179 FOR MORE ZX6R / 636 PARTS GO HERE >>,8,200,LONG_TITLE_REVIEW; IMAGE_DIMENSIONS; RESPONSIVE_IMAGE; MARKETPLACE_BOILERPLATE; EBAY_SHIPPING_COPY
6102,276518879655,https://flipandstrip.com/product/6102/89-99-yamaha-fzr600-cooling-radiator-fan-blower-oem-3he-12405-00-00,89 - 99 YAMAHA FZR600 - COOLING / RADIATOR FAN / BLOWER OEM # 3HE-12405-00-00 | Flip and Strip,94,89 - 99 YAMAHA FZR600 - COOLING / RADIATOR FAN / BLOWER OEM # 3HE-12405-00-00. Used Yamaha. Price: $24.95. YAMAHA YZF R6 + SNOW MOBILE MACHINE > THERMOSTAT,155,200,https://flipandstrip.com/product/6102/89-99-yamaha-fzr600-cooling-radiator-fan-blower-oem-3he-12405-00-00,"index, follow",Yamaha,3HE-12405-00-00,used,MOTORCYCLE > YAMAHA > FZR 600,566,YAMAHA YZF R6 + SNOW MOBILE MACHINE > THERMOSTAT HOUSING # 5EB-12413-00-00 See more Yamaha FZR600 parts here >>>,12,200,LONG_TITLE_REVIEW; IMAGE_DIMENSIONS; RESPONSIVE_IMAGE; DESCRIPTION_RELEVANCE_REVIEW; MARKETPLACE_BOILERPLATE; EBAY_SHIPPING_COPY
6103,276518879628,https://flipandstrip.com/product/6103/1996-2004-harley-davidson-chrome-bottom-left-switch-drag-specialties-0610-0005,1996-2004 HARLEY DAVIDSON CHROME BOTTOM LEFT SWITCH DRAG SPECIALTIES # 0610-0005 | Flip and Strip,97,1996-2004 HARLEY DAVIDSON CHROME BOTTOM LEFT SWITCH DRAG SPECIALTIES # 0610-0005. New Harley-Davidson. Price: $14.95. HARLEY DAVIDSON XL 883 1200 SPORTSTER,155,200,https://flipandstrip.com/product/6103/1996-2004-harley-davidson-chrome-bottom-left-switch-drag-specialties-0610-0005,"index, follow",Harley-Davidson,0610-0005,new,MOTORCYCLE > HARLEY DAVIDSON > HARLEY DAVIDSON,419,HARLEY DAVIDSON XL 883 1200 SPORTSTER 04-06 CLUTCH DERBY CHROME COVER # 34742-04,12,200,LONG_TITLE_REVIEW; DUPLICATE_SCHEMA_DESCRIPTION; IMAGE_DIMENSIONS; RESPONSIVE_IMAGE; MARKETPLACE_BOILERPLATE; EBAY_SHIPPING_COPY; USED_TEMPLATE_ON_NEW_ITEM
6104,276518879622,https://flipandstrip.com/product/6104/honda-trx-350-four-trax-foreman-kick-start-spindle-ratchet-28250-ha7-670,HONDA TRX 350 FOUR TRAX / FOREMAN > KICK START SPINDLE RATCHET # 28250-HA7-670 | Flip and Strip,95,HONDA TRX 350 FOUR TRAX / FOREMAN > KICK START SPINDLE RATCHET # 28250-HA7-670. Used HONDA. Price: $32.89. HONDA TRX 350 FOUR TRAX / FOREMAN KICK START SPINDLE,159,200,https://flipandstrip.com/product/6104/honda-trx-350-four-trax-foreman-kick-start-spindle-ratchet-28250-ha7-670,"index, follow",HONDA,28250-HA7-670,used,ATV 4 WHEELER / ATC 3 WHEELER > HONDA > HONDA TRX 350,891,"HONDA TRX 350 FOUR TRAX / FOREMAN KICK START SPINDLE / SHAFT / RATCHET OEM #28250-HA7-670(USED) Has some scuffs , scratches and signs of use and age. See",12,200,LONG_TITLE_REVIEW; IMAGE_DIMENSIONS; RESPONSIVE_IMAGE; MARKETPLACE_BOILERPLATE; EBAY_SHIPPING_COPY
6105,276518892917,https://flipandstrip.com/product/6105/89-90-yamaha-fzr1000-air-intake-duct-tube-joint-rubber-oem-3gm-2838j-01-00,89 90 Yamaha FZR1000 Air Intake Duct Tube Joint Rubber OEM 3GM-2838J-01-00 | Flip and Strip,91,89 90 Yamaha FZR1000 Air Intake Duct Tube Joint Rubber OEM 3GM-2838J-01-00. Used Yamaha. Price: $19.95. HARLEY DAVIDSON XL 883 1200 SPORTSTER 04-06 CLUTCH,154,200,https://flipandstrip.com/product/6105/89-90-yamaha-fzr1000-air-intake-duct-tube-joint-rubber-oem-3gm-2838j-01-00,"index, follow",Yamaha,3GM-2838J-01-00,used,MOTORCYCLE > YAMAHA > FZR 1000,243,HARLEY DAVIDSON XL 883 1200 SPORTSTER 04-06 CLUTCH DERBY CHROME COVER # 34742-04 89 - 90 Yamaha FZR 1000 INTAKE TUBE DUCT RUBBER JOINT AS SHOWN. USED - HAS,13,200,LONG_TITLE_REVIEW; IMAGE_DIMENSIONS; RESPONSIVE_IMAGE; MARKETPLACE_BOILERPLATE; EBAY_SHIPPING_COPY
6107,276518879600,https://flipandstrip.com/product/6107/11-12-13-14-15-kawasaki-zx-10r-ninja-zx10r-seat-front-drivers-oem-53066-0280,11 12 13 14 15 Kawasaki ZX-10R Ninja ZX10R Seat Front Drivers OEM 53066-0280 | Flip and Strip,93,11 12 13 14 15 Kawasaki ZX-10R Ninja ZX10R Seat Front Drivers OEM 53066-0280. Used Kawasaki. Price: $29.95. KAWASAKI NINJA ZX6R > OIL TUBE / LINE / HOSE +,154,200,https://flipandstrip.com/product/6107/11-12-13-14-15-kawasaki-zx-10r-ninja-zx10r-seat-front-drivers-oem-53066-0280,"index, follow",Kawasaki,53066-0280,used,MOTORCYCLE > KAWASAKI > ZX-10R NINJA,220,KAWASAKI NINJA ZX6R > OIL TUBE / LINE / HOSE + BANJO BOLTS + MORE # 51044-1179 11-15 Kawasaki ZX-10R Ninja ZX10R front seat. USED - Worked as is . Probably,17,200,LONG_TITLE_REVIEW; IMAGE_DIMENSIONS; RESPONSIVE_IMAGE; MARKETPLACE_BOILERPLATE; EBAY_SHIPPING_COPY
6108,277098932007,https://flipandstrip.com/product/6108/89-99-yamaha-fzr600-handlebar-clip-on-clutch-perch-lever-left-control-switch,89-99 Yamaha FZR600 Handlebar Clip On Clutch Perch Lever Left Control Switch | Flip and Strip,93,89-99 Yamaha FZR600 Handlebar Clip On Clutch Perch Lever Left Control Switch. Used Yamaha. Price: $65.00. YAMAHA YZF R6 + SNOW MOBILE MACHINE > THERMOSTAT,154,200,https://flipandstrip.com/product/6108/89-99-yamaha-fzr600-handlebar-clip-on-clutch-perch-lever-left-control-switch,"index, follow",Yamaha,3HH-83973-00-00,used,MOTORCYCLE > YAMAHA > FZR 600,190,YAMAHA YZF R6 + SNOW MOBILE MACHINE > THERMOSTAT HOUSING # 5EB-12413-00-00 YAMAHA FZR600 HANDLEBAR - CLIP ON - CLUTCH PERCH + LEVER - LEFT CONTROL SWITCH AS,12,200,LONG_TITLE_REVIEW; IMAGE_DIMENSIONS; RESPONSIVE_IMAGE; MARKETPLACE_BOILERPLATE
6109,277098932005,https://flipandstrip.com/product/6109/harley-davidson-complete-moly-piston-ring-set-3-4375-in-super-electra-glide-fl,Harley Davidson Complete Moly Piston Ring Set 3.4375 in Super +Electra Glide FL | Flip and Strip,96,Harley Davidson Complete Moly Piston Ring Set 3.4375 in Super +Electra Glide FL. New other (see details) Hastings. Price: $54.32. HARLEY DAVIDSON XL 883 1200,157,200,https://flipandstrip.com/product/6109/harley-davidson-complete-moly-piston-ring-set-3-4375-in-super-electra-glide-fl,"index, follow",Hastings,2M 6482 010,used,MOTORCYCLE > HARLEY DAVIDSON > HARLEY DAVIDSON,476,HARLEY DAVIDSON XL 883 1200 SPORTSTER 04-06 CLUTCH DERBY CHROME COVER # 34742-04,12,200,LONG_TITLE_REVIEW; DUPLICATE_SCHEMA_DESCRIPTION; IMAGE_DIMENSIONS; RESPONSIVE_IMAGE; DESCRIPTION_RELEVANCE_REVIEW; MARKETPLACE_BOILERPLATE; EBAY_SHIPPING_COPY
6110,277098931946,https://flipandstrip.com/product/6110/05-06-kawasaki-ninja-zx6r-636-subframe-rear-seat-rail-straight-oem-32160-0085,05 06 Kawasaki Ninja ZX6r 636 Subframe Rear Seat Rail Straight OEM 32160-0085 | Flip and Strip,94,05 06 Kawasaki Ninja ZX6r 636 Subframe Rear Seat Rail Straight OEM 32160-0085. Used Kawasaki. Price: $45.67. KAWASAKI NINJA ZX6R > OIL TUBE / LINE / HOSE +,155,200,https://flipandstrip.com/product/6110/05-06-kawasaki-ninja-zx6r-636-subframe-rear-seat-rail-straight-oem-32160-0085,"index, follow",Kawasaki,32160-0085-8F,used,MOTORCYCLE > KAWASAKI > KAWASAKI SPORT BIKE,280,KAWASAKI NINJA ZX6R > OIL TUBE / LINE / HOSE + BANJO BOLTS + MORE # 51044-1179 Sub frame for 05-06 Kawasaki Ninja ZX6R / 636 / ZX6RR. Straight. Works great!!,11,200,LONG_TITLE_REVIEW; IMAGE_DIMENSIONS; RESPONSIVE_IMAGE; MARKETPLACE_BOILERPLATE; EBAY_SHIPPING_COPY
6111,276518879652,https://flipandstrip.com/product/6111/yamaha-yzf600r-95-07-thundercat-rear-foot-peg-muffler-bracket-set-stay-oem,YAMAHA YZF600R 95-07 THUNDERCAT - REAR FOOT PEG / MUFFLER BRACKET SET STAY OEM | Flip and Strip,95,YAMAHA YZF600R 95-07 THUNDERCAT - REAR FOOT PEG / MUFFLER BRACKET SET STAY OEM. Used Yamaha. Price: $34.56. YAMAHA YZF R6 + SNOW MOBILE MACHINE > THERMOSTAT,156,200,https://flipandstrip.com/product/6111/yamaha-yzf600r-95-07-thundercat-rear-foot-peg-muffler-bracket-set-stay-oem,"index, follow",Yamaha,4JH-2742L-10-00,used,MOTORCYCLE > YAMAHA > YZF600R / THUNDERCAT,578,YAMAHA YZF R6 + SNOW MOBILE MACHINE > THERMOSTAT HOUSING # 5EB-12413-00-00 Rear foot peg / muffler bracket set from a 2005 Yamaha YZF600R. Good used condition,12,200,LONG_TITLE_REVIEW; IMAGE_DIMENSIONS; RESPONSIVE_IMAGE; MARKETPLACE_BOILERPLATE; EBAY_SHIPPING_COPY
6113,277098931948,https://flipandstrip.com/product/6113/honda-trx-350-d-four-trax-foreman-oil-pump-pipe-15100-ha7-770,"Honda TRX 350 D Four Trax Foreman Oil Pump , Pipe 15100-HA7-770 | Flip and Strip",80,"Honda TRX 350 D Four Trax Foreman Oil Pump , Pipe 15100-HA7-770. Used Honda. Price: $15.00. HONDA TRX 350 FOUR TRAX / FOREMAN - OIL PUMP + PIPE WORKS GOOD #",156,200,https://flipandstrip.com/product/6113/honda-trx-350-d-four-trax-foreman-oil-pump-pipe-15100-ha7-770,"index, follow",Honda,15100-HA7-770,used,ATV 4 WHEELER / ATC 3 WHEELER > HONDA > HONDA TRX 350,185,HONDA TRX 350 FOUR TRAX / FOREMAN - OIL PUMP + PIPE WORKS GOOD # 15100-HA7-770 This item is an oil pump and pipes as shown as shown from a 1988 Honda trx 350 D,12,200,LONG_TITLE_REVIEW; IMAGE_DIMENSIONS; RESPONSIVE_IMAGE; MARKETPLACE_BOILERPLATE
6114,277098931958,https://flipandstrip.com/product/6114/90-96-kawasaki-vulcan-en500-foot-peg-left-rear-step-holder-muffler-bracket,90-96 Kawasaki Vulcan EN500 Foot Peg Left Rear Step Holder Muffler Bracket | Flip and Strip,91,90-96 Kawasaki Vulcan EN500 Foot Peg Left Rear Step Holder Muffler Bracket. Used Kawasaki. Price: $18.70. KAWASAKI EN 500 VULCAN ~ FOOT PEG STEP HOLDER LEFT,156,200,https://flipandstrip.com/product/6114/90-96-kawasaki-vulcan-en500-foot-peg-left-rear-step-holder-muffler-bracket,"index, follow",Kawasaki,35011-1523,used,MOTORCYCLE > KAWASAKI > KAWASAKI CRUISER,333,KAWASAKI EN 500 VULCAN ~ FOOT PEG STEP HOLDER LEFT REAR MUFFLER BRACKET 90-96 Kawasaki Vulcan EN500 Foot Peg Left Rear Step Holder Muffler Bracket 1996,12,200,LONG_TITLE_REVIEW; IMAGE_DIMENSIONS; RESPONSIVE_IMAGE; MARKETPLACE_BOILERPLATE; EBAY_SHIPPING_COPY
6115,277098931963,https://flipandstrip.com/product/6115/1985-honda-cr-125-takagi-fuel-tank-cap-gas-petrol-17510-ka3-830,1985 Honda CR 125 Takagi Fuel Tank Cap Gas Petrol 17510-KA3-830 | Flip and Strip,80,1985 Honda CR 125 Takagi Fuel Tank Cap Gas Petrol 17510-KA3-830. Used Honda. Price: $49.95. HONDA XR 70 R DIRT BIKE MOTORCYCLE ( 1997 ) - CLUTCH #,146,200,https://flipandstrip.com/product/6115/1985-honda-cr-125-takagi-fuel-tank-cap-gas-petrol-17510-ka3-830,"index, follow",Honda,17510-KA3-830,used,DIRT BIKE / MOTOCROSS > DIRT BIKE,201,HONDA XR 70 R DIRT BIKE MOTORCYCLE ( 1997 ) - CLUTCH # 22101-178-000 1985 CR125 TAKAGI HONDA FUEL TANK WITH CAP . IT WILL NEED A LITTLE WORK AND CLEAN UP THERE,12,200,LONG_TITLE_REVIEW; IMAGE_DIMENSIONS; RESPONSIVE_IMAGE; MARKETPLACE_BOILERPLATE
6116,277098931967,https://flipandstrip.com/product/6116/mercury-mariner-40-50-60-hp-engine-transom-bracket-mount-right-starboard-822865,Mercury Mariner 40 50 60 HP Engine Transom Bracket Mount Right Starboard 822865 | Flip and Strip,96,Mercury Mariner 40 50 60 HP Engine Transom Bracket Mount Right Starboard 822865. Used MERCURY. Price: $49.95. MERCURY / MARINER 40 / 50 / 60 HP > TRANSOM,153,200,https://flipandstrip.com/product/6116/mercury-mariner-40-50-60-hp-engine-transom-bracket-mount-right-starboard-822865,"index, follow",MERCURY,822865F 3,used,MARINE / BOAT PARTS > MERCURY / MARINER 40 HP,2995,MERCURY / MARINER 40 / 50 / 60 HP > TRANSOM BRACKET RIGHT STARBOARD ELEC 822865 This item is a TRANSOM BRACKET RIGHT / STARBOARD as shown from a Mariner 40 HP,12,200,LONG_TITLE_REVIEW; IMAGE_DIMENSIONS; RESPONSIVE_IMAGE; MARKETPLACE_BOILERPLATE; EBAY_SHIPPING_COPY
6117,277098932000,https://flipandstrip.com/product/6117/08-11-kawasaki-zx14-ninja-crankshaft-10-20-concours-zx1400-crank-13031-0098,08-11 Kawasaki ZX14 Ninja Crankshaft 10-20 Concours ZX1400 Crank 13031-0098 | Flip and Strip,92,08-11 Kawasaki ZX14 Ninja Crankshaft 10-20 Concours ZX1400 Crank 13031-0098. For parts or not working Kawasaki. Price: $69.95. KAWASAKI ZX14 ZX-14 NINJA FRONT,158,200,https://flipandstrip.com/product/6117/08-11-kawasaki-zx14-ninja-crankshaft-10-20-concours-zx1400-crank-13031-0098,"index, follow",Kawasaki,13031-0098,used,MOTORCYCLE > KAWASAKI > KAWASAKI SPORT BIKE,614,KAWASAKI ZX14 ZX-14 NINJA FRONT BRAKE FLUID / MASTER CYLINDER CAP / COVER / LID For more great parts please visit our eBay Store. KAWASAKI ZX-14 / CONCOURS,12,200,LONG_TITLE_REVIEW; IMAGE_DIMENSIONS; RESPONSIVE_IMAGE; MARKETPLACE_BOILERPLATE; EBAY_SHIPPING_COPY
6118,10018,https://flipandstrip.com/product/6118/speedometer-bezel-trim-zg1000-concours-kawasaki-94-06-dash-cowling-cover-oem-new,Speedometer Bezel Trim ZG1000 Concours Kawasaki 94-06 Dash Cowling Cover OEM NEW | Flip and Strip,97,Speedometer Bezel Trim ZG1000 Concours Kawasaki 94-06 Dash Cowling Cover OEM NEW. New Kawasaki. Price: $59.95. This a brand new genuine OEM Kawasaki ZG1000,155,200,https://flipandstrip.com/product/6118/speedometer-bezel-trim-zg1000-concours-kawasaki-94-06-dash-cowling-cover-oem-new,"index, follow",Kawasaki,16146-1156,new,MOTORCYCLE > KAWASAKI > CONCOURS ZG1000,237,This a brand new genuine OEM Kawasaki ZG1000 Concours Dash Cowling Cover Speedometer Bezel Trim is a black plastic piece designed specifically for street,13,200,LONG_TITLE_REVIEW; IMAGE_DIMENSIONS; RESPONSIVE_IMAGE; MARKETPLACE_BOILERPLATE; EBAY_SHIPPING_COPY; USED_TEMPLATE_ON_NEW_ITEM
6120,276518879681,https://flipandstrip.com/product/6120/97-00-suzuki-gsxr-600-brake-master-cylinder-front-chrome-cap-reservoir,97- 00 SUZUKI GSXR 600 BRAKE MASTER CYLINDER ( FRONT ) + CHROME CAP + RESERVOIR | Flip and Strip,96,97- 00 SUZUKI GSXR 600 BRAKE MASTER CYLINDER ( FRONT ) + CHROME CAP + RESERVOIR. Used Suzuki. Price: $99.99. 2000 SUZUKI GSXR 600 PART OUTVideo will open in a,158,200,https://flipandstrip.com/product/6120/97-00-suzuki-gsxr-600-brake-master-cylinder-front-chrome-cap-reservoir,"index, follow",Suzuki,59600-17C00,used,MOTORCYCLE > SUZUKI > SPORT BIKE,544,2000 SUZUKI GSXR 600 PART OUTVideo will open in a new windowUsing the mobile app? Copy this link into your browser: SUZUKI GSXR 600 + 750 GIXXER < 01-03 > COWL,9,200,LONG_TITLE_REVIEW; DUPLICATE_SCHEMA_DESCRIPTION; IMAGE_DIMENSIONS; RESPONSIVE_IMAGE; MARKETPLACE_BOILERPLATE; EBAY_SHIPPING_COPY
6121,276518879598,https://flipandstrip.com/product/6121/2000-victory-v92sc-shaft-balance-5132164-very-nice-condition,2000 VICTORY V92SC SHAFT-BALANCE # 5132164 ( very nice condition ) | Flip and Strip,83,2000 VICTORY V92SC SHAFT-BALANCE # 5132164 ( very nice condition ). Used Victory. Price: $12.95. HARLEY DAVIDSON XL 883 1200 SPORTSTER 04-06 CLUTCH DERBY,153,200,https://flipandstrip.com/product/6121/2000-victory-v92sc-shaft-balance-5132164-very-nice-condition,"index, follow",Victory,5132164,used,MOTORCYCLE > VICTORY > V92SC,408,HARLEY DAVIDSON XL 883 1200 SPORTSTER 04-06 CLUTCH DERBY CHROME COVER # 34742-04,8,200,LONG_TITLE_REVIEW; DUPLICATE_SCHEMA_DESCRIPTION; IMAGE_DIMENSIONS; RESPONSIVE_IMAGE; DESCRIPTION_RELEVANCE_REVIEW; MARKETPLACE_BOILERPLATE; EBAY_SHIPPING_COPY
6122,277098932017,https://flipandstrip.com/product/6122/91-02-honda-starter-motor-cbr929-cbr600-f2-f3-cbr900rr-oem-31200-mv9-671,91-02 Honda Starter Motor CBR929 CBR600 F2 F3 CBR900RR OEM 31200-MV9-671 | Flip and Strip,89,91-02 Honda Starter Motor CBR929 CBR600 F2 F3 CBR900RR OEM 31200-MV9-671. Used Honda. Price: $24.95. HONDA CBR 600 F2 + F3 + CBR 900 + 929 - STARTER WORKS,154,200,https://flipandstrip.com/product/6122/91-02-honda-starter-motor-cbr929-cbr600-f2-f3-cbr900rr-oem-31200-mv9-671,"index, follow",Honda,31200-MV9-671,used,MOTORCYCLE > HONDA > CBR 600,646,HONDA CBR 600 F2 + F3 + CBR 900 + 929 - STARTER WORKS GREAT !! # 31200-MV9-671 HONDA CBR 600 STARTER AS SHOWN .TESTED AND WORKS GREAT. Honda 31200-MV9-671,12,200,LONG_TITLE_REVIEW; IMAGE_DIMENSIONS; RESPONSIVE_IMAGE; MARKETPLACE_BOILERPLATE; EBAY_SHIPPING_COPY
6123,277098932022,https://flipandstrip.com/product/6123/06-harley-davidson-flh-electra-street-glide-chrome-switch-housings-cases,06 Harley Davidson FLH Electra & Street Glide Chrome Switch Housings Cases | Flip and Strip,91,06 Harley Davidson FLH Electra & Street Glide Chrome Switch Housings Cases. New Harley-Davidson. Price: $39.95. HARLEY DAVIDSON XL 883 1200 SPORTSTER 04-06,155,200,https://flipandstrip.com/product/6123/06-harley-davidson-flh-electra-street-glide-chrome-switch-housings-cases,"index, follow",Harley-Davidson,SWITCH HOUSING CASE,new,MOTORCYCLE > HARLEY DAVIDSON > HARLEY DAVIDSON,261,HARLEY DAVIDSON XL 883 1200 SPORTSTER 04-06 CLUTCH DERBY CHROME COVER # 34742-04,12,200,LONG_TITLE_REVIEW; DUPLICATE_SCHEMA_DESCRIPTION; IMAGE_DIMENSIONS; RESPONSIVE_IMAGE; MARKETPLACE_BOILERPLATE; EBAY_SHIPPING_COPY; USED_TEMPLATE_ON_NEW_ITEM
6124,277098931969,https://flipandstrip.com/product/6124/yamaha-oil-pan-yzf600r-thundercat-and-pump-oil-cooler-drain-plug-4yr-13417-00-00,Yamaha Oil Pan YZF600r Thundercat and Pump Oil Cooler Drain Plug 4YR-13417-00-00 | Flip and Strip,97,"Yamaha Oil Pan YZF600r Thundercat and Pump Oil Cooler Drain Plug 4YR-13417-00-00. Used Yamaha. Price: $34.95. YAMAHA YZF600R THUNDERCAT OIL PAN , PUMP AND",154,200,https://flipandstrip.com/product/6124/yamaha-oil-pan-yzf600r-thundercat-and-pump-oil-cooler-drain-plug-4yr-13417-00-00,"index, follow",Yamaha,4YR-13417-00-00,used,MOTORCYCLE > YAMAHA > YZF600R / THUNDERCAT,224,"YAMAHA YZF600R THUNDERCAT OIL PAN , PUMP AND COOLER AS SHOWN. USED CONDITION. Some scratches , No cracks. PLEASE ALL SEE PICTURES!!! (JC3A 3290 FAS YZF200)",12,200,LONG_TITLE_REVIEW; IMAGE_DIMENSIONS; RESPONSIVE_IMAGE; MARKETPLACE_BOILERPLATE; EBAY_SHIPPING_COPY
6125,277098931986,https://flipandstrip.com/product/6125/kawasaki-front-axle-41068-1311-ninja-zx6r-zx6-r-zx6-zzr600-zx11-zx1100,Kawasaki Front Axle 41068-1311 Ninja ZX6R ZX6-R ZX6 ZZR600 ZX11 ZX1100 | Flip and Strip,87,Kawasaki Front Axle 41068-1311 Ninja ZX6R ZX6-R ZX6 ZZR600 ZX11 ZX1100. Used Kawasaki. Price: $9.66. KAWASAKI NINJA ZX6R ZX6-R + ZX6 + ZZR + ZX 11 + ZX1100 >,157,200,https://flipandstrip.com/product/6125/kawasaki-front-axle-41068-1311-ninja-zx6r-zx6-r-zx6-zzr600-zx11-zx1100,"index, follow",Kawasaki,41068-1311,used,MOTORCYCLE > KAWASAKI > KAWASAKI SPORT BIKE,296,KAWASAKI NINJA ZX6R ZX6-R + ZX6 + ZZR + ZX 11 + ZX1100 > FRONT AXLE # 41068-1311 THIS ITEM IS AN AXLE ( FRONT ) AND SPACER AS SHOWN FROM A 1996 KAWASAKI NINJA,10,200,LONG_TITLE_REVIEW; IMAGE_DIMENSIONS; RESPONSIVE_IMAGE; MARKETPLACE_BOILERPLATE
6126,277098931990,https://flipandstrip.com/product/6126/97-07-yamaha-yzf600r-gauge-meter-dash-bezel-cockpit-trim-panels,97-07 Yamaha YZF600r Gauge Meter Dash Bezel Cockpit Trim Panels | Flip and Strip,80,97-07 Yamaha YZF600r Gauge Meter Dash Bezel Cockpit Trim Panels. Used Yamaha. Price: $59.95.,92,200,https://flipandstrip.com/product/6126/97-07-yamaha-yzf600r-gauge-meter-dash-bezel-cockpit-trim-panels,"index, follow",Yamaha,4TV-2836R-00-00,used,MOTORCYCLE > YAMAHA > YZF600R / THUNDERCAT,485,97-07 Yamaha YZF600r Gauge Meter Dash Bezel Cockpit Trim Panels,10,200,LONG_TITLE_REVIEW; IMAGE_DIMENSIONS; RESPONSIVE_IMAGE; MARKETPLACE_BOILERPLATE; EBAY_SHIPPING_COPY
6130,276518892958,https://flipandstrip.com/product/6130/97-07-yamaha-yzf600r-foot-peg-right-front-rearset-brake-pedal-master-cylinder,97-07 Yamaha YZF600r Foot Peg Right Front Rearset Brake Pedal Master Cylinder | Flip and Strip,94,97-07 Yamaha YZF600r Foot Peg Right Front Rearset Brake Pedal Master Cylinder. Used Yamaha. Price: $55.00. YAMAHA YZF600R RIGHT FRONT REARSET BRAKE PEDAL +,155,200,https://flipandstrip.com/product/6130/97-07-yamaha-yzf600r-foot-peg-right-front-rearset-brake-pedal-master-cylinder,"index, follow",Yamaha,4JH-27211-10-00,used,MOTORCYCLE > YAMAHA > YAMAHA SPORT BIKE,90,YAMAHA YZF600R RIGHT FRONT REARSET BRAKE PEDAL + MASTER CYLINDER + RESERVOIR AS SHOWN. LOW MILES (13866 MI) - USED CONDITION. PLEASE ALL SEE PICTURES!!! (JC6,12,200,LONG_TITLE_REVIEW; IMAGE_DIMENSIONS; RESPONSIVE_IMAGE; MARKETPLACE_BOILERPLATE
6131,276518879626,https://flipandstrip.com/product/6131/honda-trx-350-d-fourtrax-foreman-transmission-oem-23211-ha7-670-great-condition,Honda TRX 350 D FOURTRAX FOREMAN Transmission OEM 23211-HA7-670 Great Condition | Flip and Strip,96,Honda TRX 350 D FOURTRAX FOREMAN Transmission OEM 23211-HA7-670 Great Condition. Used Honda. Price: $44.44. HONDA TRX 350 FOURTRAX / FOREMAN (88) - CRANKCASE,157,200,https://flipandstrip.com/product/6131/honda-trx-350-d-fourtrax-foreman-transmission-oem-23211-ha7-670-great-condition,"index, follow",Honda,23211-HA7-670,used,ATV 4 WHEELER / ATC 3 WHEELER > HONDA > HONDA TRX 350,276,HONDA TRX 350 FOURTRAX / FOREMAN (88) - CRANKCASE MOTOR HOUSING # 11100-HA7-650 1988 Honda Fourtrax TRX 350 D Transmission Assembly with all parts exactly as,11,200,LONG_TITLE_REVIEW; IMAGE_DIMENSIONS; RESPONSIVE_IMAGE; MARKETPLACE_BOILERPLATE; EBAY_SHIPPING_COPY
6132,276518879627,https://flipandstrip.com/product/6132/98-03-suzuki-tl1000r-steering-head-fork-clamp-top-tree-tlr-oem-51311-02fa0,98-03 Suzuki TL1000R Steering Head Fork Clamp Top Tree TLR OEM 51311-02FA0 | Flip and Strip,91,98-03 Suzuki TL1000R Steering Head Fork Clamp Top Tree TLR OEM 51311-02FA0. Used Suzuki. Price: $25.00. SUZUKI TL1000R TLR 98 - 03 > TREE TOP / STEERING HEAD /,159,200,https://flipandstrip.com/product/6132/98-03-suzuki-tl1000r-steering-head-fork-clamp-top-tree-tlr-oem-51311-02fa0,"index, follow",Suzuki,51311-02FA0,used,MOTORCYCLE > SUZUKI > SPORT BIKE,229,SUZUKI TL1000R TLR 98 - 03 > TREE TOP / STEERING HEAD / FORK CLAMP # 51311-02FA0 This item is a triple tree top / upper fork clamp as shown . PLEASE SEE ALL,12,200,LONG_TITLE_REVIEW; IMAGE_DIMENSIONS; RESPONSIVE_IMAGE; MARKETPLACE_BOILERPLATE
6133,276518879623,https://flipandstrip.com/product/6133/2000-victory-v92sc-cylinder-jug-barrel-piston-5132263-nice,2000 VICTORY V92SC CYLINDER JUG BARREL + PISTON # 5132263 (NICE) | Flip and Strip,81,2000 VICTORY V92SC CYLINDER JUG BARREL + PISTON # 5132263 (NICE). Used Victory. Price: $69.95. HARLEY DAVIDSON XL 883 1200 SPORTSTER 04-06 CLUTCH DERBY CHROME,158,200,https://flipandstrip.com/product/6133/2000-victory-v92sc-cylinder-jug-barrel-piston-5132263-nice,"index, follow",Victory,5132263,used,MOTORCYCLE > VICTORY > V92SC,433,HARLEY DAVIDSON XL 883 1200 SPORTSTER 04-06 CLUTCH DERBY CHROME COVER # 34742-04,11,200,LONG_TITLE_REVIEW; DUPLICATE_SCHEMA_DESCRIPTION; IMAGE_DIMENSIONS; RESPONSIVE_IMAGE; DESCRIPTION_RELEVANCE_REVIEW; MARKETPLACE_BOILERPLATE; EBAY_SHIPPING_COPY
6134,276518892931,https://flipandstrip.com/product/6134/11-15-kawasaki-kickstand-zx-10r-ninja-zx10r-with-mount-oem-34024-0093-18r,11-15 Kawasaki KickStand ZX-10r Ninja ZX10r With Mount Oem 34024-0093-18R | Flip and Strip,90,11-15 Kawasaki KickStand ZX-10r Ninja ZX10r With Mount Oem 34024-0093-18R. Used Kawasaki. Price: $35.00. KAWASAKI NINJA ZX6R > OIL TUBE / LINE / HOSE + BANJO,157,200,https://flipandstrip.com/product/6134/11-15-kawasaki-kickstand-zx-10r-ninja-zx10r-with-mount-oem-34024-0093-18r,"index, follow",Kawasaki,34024-0093-18R,used,MOTORCYCLE > KAWASAKI > ZX-10R NINJA,297,KAWASAKI NINJA ZX6R > OIL TUBE / LINE / HOSE + BANJO BOLTS + MORE # 51044-1179 11-15 Kawasaki ZX-10R Ninja ZX10R kick stand assembly as shown. USED - Works,12,200,LONG_TITLE_REVIEW; IMAGE_DIMENSIONS; RESPONSIVE_IMAGE; MARKETPLACE_BOILERPLATE; EBAY_SHIPPING_COPY
6135,276518892930,https://flipandstrip.com/product/6135/11-15-kawasaki-brake-calipers-master-cylinder-clutch-handle-lever-zx-10r-ninja,11-15 Kawasaki Brake Calipers Master Cylinder Clutch Handle Lever ZX-10R Ninja | Flip and Strip,95,11-15 Kawasaki Brake Calipers Master Cylinder Clutch Handle Lever ZX-10R Ninja. Used Kawasaki. Price: $199.95. KAWASAKI NINJA ZX6R > OIL TUBE / LINE / HOSE +,157,200,https://flipandstrip.com/product/6135/11-15-kawasaki-brake-calipers-master-cylinder-clutch-handle-lever-zx-10r-ninja,"index, follow",Kawasaki,"43080-0101-DJ, 43080-0102-DJ, 43015-0141, 46076-0078",used,MOTORCYCLE > KAWASAKI > ZX-10R NINJA,159,KAWASAKI NINJA ZX6R > OIL TUBE / LINE / HOSE + BANJO BOLTS + MORE # 51044-1179 11-15 Kawasaki ZX-10R Ninja Brake Calipers Master Cylinder Clutch Handle Lever,22,200,LONG_TITLE_REVIEW; IMAGE_DIMENSIONS; RESPONSIVE_IMAGE; MARKETPLACE_BOILERPLATE
6136,276518879602,https://flipandstrip.com/product/6136/harley-davidson-rowe-x-l-intake-valve-guide-seals-5-16-x-531-kit-pn-0041-25,Harley Davidson Rowe X-L Intake Valve Guide Seals 5/16 x .531 kit pn 0041-25 | Flip and Strip,93,Harley Davidson Rowe X-L Intake Valve Guide Seals 5/16 x .531 kit pn 0041-25. New other (see details) Rowe. Price: $39.95. HARLEY DAVIDSON XL 883 1200,150,200,https://flipandstrip.com/product/6136/harley-davidson-rowe-x-l-intake-valve-guide-seals-5-16-x-531-kit-pn-0041-25,"index, follow",Rowe,0041-25,used,MOTORCYCLE > HARLEY DAVIDSON > HARLEY DAVIDSON,219,HARLEY DAVIDSON XL 883 1200 SPORTSTER 04-06 CLUTCH DERBY CHROME COVER # 34742-04 Harley Davidson Rowe X-L Intake Valve Guide Seals 5/16 x .531 0041-25 OPEN BOX,10,200,LONG_TITLE_REVIEW; IMAGE_DIMENSIONS; RESPONSIVE_IMAGE; MARKETPLACE_BOILERPLATE; EBAY_SHIPPING_COPY
6137,276518879601,https://flipandstrip.com/product/6137/harley-davidson-custom-chrome-uni-performance-air-filter-big-twin-softail-dyna,HARLEY DAVIDSON CUSTOM CHROME / UNI PERFORMANCE AIR FILTER BIG TWIN SOFTAIL DYNA | Flip and Strip,97,HARLEY DAVIDSON CUSTOM CHROME / UNI PERFORMANCE AIR FILTER BIG TWIN SOFTAIL DYNA. New Custom Chrome. Price: $24.95. HARLEY DAVIDSON XL 883 1200 SPORTSTER 04-06,159,200,https://flipandstrip.com/product/6137/harley-davidson-custom-chrome-uni-performance-air-filter-big-twin-softail-dyna,"index, follow",Custom Chrome,11959,new,MOTORCYCLE > HARLEY DAVIDSON > HARLEY DAVIDSON,430,HARLEY DAVIDSON XL 883 1200 SPORTSTER 04-06 CLUTCH DERBY CHROME COVER # 34742-04,11,200,LONG_TITLE_REVIEW; DUPLICATE_SCHEMA_DESCRIPTION; IMAGE_DIMENSIONS; RESPONSIVE_IMAGE; MARKETPLACE_BOILERPLATE; EBAY_SHIPPING_COPY; USED_TEMPLATE_ON_NEW_ITEM
6138,277098932015,https://flipandstrip.com/product/6138/yamaha-xs650-tx650-gasket-cylinder-head-256-11181-00-00-or-306-11181-09-00,Yamaha XS650 TX650 Gasket Cylinder Head 256-11181-00-00 or 306-11181-09-00 | Flip and Strip,91,"Yamaha XS650 TX650 Gasket Cylinder Head 256-11181-00-00 or 306-11181-09-00. New Yamaha. Price: $24.95. YAMAHA XS 650 + TX 650 > HEAD GASKET "" NEW "" #",149,200,https://flipandstrip.com/product/6138/yamaha-xs650-tx650-gasket-cylinder-head-256-11181-00-00-or-306-11181-09-00,"index, follow",Yamaha,256-11181-00-00,new,MOTORCYCLE > YAMAHA > TX 650 / TX 750,310,"YAMAHA XS 650 + TX 650 > HEAD GASKET "" NEW "" # 256-11181-00-00 306-11181-09-00 THIS ITEM IS A YAMAHA HEAD GASKET256-11181-00-00 AND HAS BEEN SUPERSEDED BY",9,200,LONG_TITLE_REVIEW; IMAGE_DIMENSIONS; RESPONSIVE_IMAGE; MARKETPLACE_BOILERPLATE; USED_TEMPLATE_ON_NEW_ITEM
6139,277098932018,https://flipandstrip.com/product/6139/04-honda-cbr600rr-right-fairing-panel-side-cover-black-64300-mee-000,04 Honda CBR600rr Right Fairing Panel Side Cover Black 64300-MEE-000 | Flip and Strip,85,04 Honda CBR600rr Right Fairing Panel Side Cover Black 64300-MEE-000. Used Honda. Price: $34.56. HONDA CBR 600RR 19793 MI COWL RIGHT SIDE COVER FAIRING BLACK #,159,200,https://flipandstrip.com/product/6139/04-honda-cbr600rr-right-fairing-panel-side-cover-black-64300-mee-000,"index, follow",Honda,64300-MEE-000ZH,used,MOTORCYCLE > HONDA > CBR 600,250,HONDA CBR 600RR 19793 MI COWL RIGHT SIDE COVER FAIRING BLACK # 64300-MEE-000ZH HONDA CBR 600 RR (2004) RIGHT FAIRING . USED CONDITION - 19793 MILES - NO BROKEN,12,200,LONG_TITLE_REVIEW; IMAGE_DIMENSIONS; RESPONSIVE_IMAGE; MARKETPLACE_BOILERPLATE; EBAY_SHIPPING_COPY
6141,277098931939,https://flipandstrip.com/product/6141/96-99-suzuki-gsxr-750-srad-front-fork-left-straight-51104-33e10,96-99 Suzuki GSXR 750 SRAD Front Fork Left Straight 51104-33E10 | Flip and Strip,80,96-99 Suzuki GSXR 750 SRAD Front Fork Left Straight 51104-33E10. Used Suzuki. Price: $65.00. SUZUKI GSXR 600 + 750 GIXXER < 01-03 > COWL UNDER INNER RIGHT,154,200,https://flipandstrip.com/product/6141/96-99-suzuki-gsxr-750-srad-front-fork-left-straight-51104-33e10,"index, follow",Suzuki,51104-33E10,used,MOTORCYCLE > SUZUKI > GSXR 750 (96-99),261,SUZUKI GSXR 600 + 750 GIXXER < 01-03 > COWL UNDER INNER RIGHT PURPLE 94461-35F00 SUZUKI GSXR 750 SRAD (96 97 98 99) - LEFT FORK. SOME SIGNS OF USE - ((( NEEDS,11,200,LONG_TITLE_REVIEW; IMAGE_DIMENSIONS; RESPONSIVE_IMAGE; MARKETPLACE_BOILERPLATE; EBAY_SHIPPING_COPY
6142,277098931943,https://flipandstrip.com/product/6142/99-06-honda-cbr-954-929-600-f4-crankshaft-timing-gear-sprocket-oem-14312-mbw-000,99-06 Honda CBR 954 929 600 F4 Crankshaft Timing Gear Sprocket OEM 14312-MBW-000 | Flip and Strip,97,99-06 Honda CBR 954 929 600 F4 Crankshaft Timing Gear Sprocket OEM 14312-MBW-000. Used Honda. Price: $12.98. HONDA CBR 954 + 929 + 900 > CRANK TIMING GEAR /,156,200,https://flipandstrip.com/product/6142/99-06-honda-cbr-954-929-600-f4-crankshaft-timing-gear-sprocket-oem-14312-mbw-000,"index, follow",Honda,14312-MBW-000,used,MOTORCYCLE > HONDA > HONDA SPORT BIKE,302,HONDA CBR 954 + 929 + 900 > CRANK TIMING GEAR / SPROCKET OEM # 14312-MBW-000 This item is a crank timing gear. See all pictures. Honda 14312-MBW-000 SPROCKET,12,200,LONG_TITLE_REVIEW; IMAGE_DIMENSIONS; RESPONSIVE_IMAGE; MARKETPLACE_BOILERPLATE
6143,277098931947,https://flipandstrip.com/product/6143/96-kawasaki-zx-11-ninja-gpz1100-speedometer-tach-meters-gauge-dash-cluster,96 Kawasaki ZX-11 Ninja GPZ1100 Speedometer Tach Meters Gauge Dash Cluster | Flip and Strip,91,96 Kawasaki ZX-11 Ninja GPZ1100 Speedometer Tach Meters Gauge Dash Cluster. Used Kawasaki. Price: $85.00. KAWASAKI ZX1100 ZX11 GPZ > SPEEDOMETER TACH FUEL,154,200,https://flipandstrip.com/product/6143/96-kawasaki-zx-11-ninja-gpz1100-speedometer-tach-meters-gauge-dash-cluster,"index, follow",Kawasaki,25023-1219,used,MOTORCYCLE > KAWASAKI > KAWASAKI SPORT BIKE,348,KAWASAKI ZX1100 ZX11 GPZ > SPEEDOMETER TACH FUEL METERS GAUGE DASH INSTRUMENT 1996 GPZ 1100 ZX1100 NINJA KAWASAKI SPEEDOMETER TACH METERS GAUGE DASH 14017 MI,12,200,LONG_TITLE_REVIEW; IMAGE_DIMENSIONS; RESPONSIVE_IMAGE; MARKETPLACE_BOILERPLATE
6144,277235776181,https://flipandstrip.com/product/6144/68-88-alternator-acdelco-334-2114-reman-generator-gm-jeep-pontiac-buick-19135672,68-88 Alternator ACDelco 334-2114 Reman Generator GM Jeep Pontiac Buick 19135672 | Flip and Strip,97,68-88 Alternator ACDelco 334-2114 Reman Generator GM Jeep Pontiac Buick 19135672. New other (see details) ACDelco. Price: $69.95. AC Delco factory,146,200,https://flipandstrip.com/product/6144/68-88-alternator-acdelco-334-2114-reman-generator-gm-jeep-pontiac-buick-19135672,"index, follow",ACDelco,334-2114,used,CAR & TRUCK PARTS CLEARANCE,4194,AC Delco factory remanufactured . The box and book are a little beat up as shown in pictures. The alternator is nice. SEE ALL PICTURES!!!! ACDelco’s P,17,200,LONG_TITLE_REVIEW; IMAGE_DIMENSIONS; RESPONSIVE_IMAGE; DESCRIPTION_RELEVANCE_REVIEW
6145,276518879651,https://flipandstrip.com/product/6145/yamaha-r1-2004-04-05-06-air-velocity-stack-joint-set-of-2-5vy-1440b-00-00,YAMAHA R1 2004 04 05 06 > AIR VELOCITY STACK / JOINT SET OF 2 # 5VY-1440B-00-00 | Flip and Strip,96,YAMAHA R1 2004 04 05 06 > AIR VELOCITY STACK / JOINT SET OF 2 # 5VY-1440B-00-00. Used YAMAHA. Price: $10.60. YAMAHA R1 2004 04 05 06 > AIR VELOCITY STACK /,155,200,https://flipandstrip.com/product/6145/yamaha-r1-2004-04-05-06-air-velocity-stack-joint-set-of-2-5vy-1440b-00-00,"index, follow",YAMAHA,5VY-1440B-00-00,used,MOTORCYCLE > YAMAHA > YAMAHA R1,546,YAMAHA R1 2004 04 05 06 > AIR VELOCITY STACK / JOINT SET OF 2 # 5VY-1440B-00-00 THIS ITEM IS AN AIR VELOCITY STACK / JOINT SET OF TWOAS SHOWN .IT IS OFF A 2004,11,200,LONG_TITLE_REVIEW; IMAGE_DIMENSIONS; RESPONSIVE_IMAGE; MARKETPLACE_BOILERPLATE; EBAY_SHIPPING_COPY
6147,277098932002,https://flipandstrip.com/product/6147/97-01-suzuki-tls-tl1000s-forks-triple-tree-steering-stem-front-end-51311-02f10,97-01 Suzuki TLS TL1000S Forks Triple Tree Steering Stem Front End 51311-02F10 | Flip and Strip,95,97-01 Suzuki TLS TL1000S Forks Triple Tree Steering Stem Front End 51311-02F10. Used Suzuki. Price: $229.95. This listing is for a set of front forks and,153,200,https://flipandstrip.com/product/6147/97-01-suzuki-tls-tl1000s-forks-triple-tree-steering-stem-front-end-51311-02f10,"index, follow",Suzuki,"51103-02F20, 51104-02F20, 51311-02F10, 51410-02F00",used,MOTORCYCLE > SUZUKI > SPORT BIKE,395,This listing is for a set of front forks and triple tree/steering stem for a 1997-2001 Suzuki TLS TL1000S motorcycle. The parts are OEM #51103-02F20,21,200,LONG_TITLE_REVIEW; IMAGE_DIMENSIONS; RESPONSIVE_IMAGE; MARKETPLACE_BOILERPLATE; EBAY_SHIPPING_COPY
6148,276518879671,https://flipandstrip.com/product/6148/suzuki-gsxr1000-gsxr750-handlebar-left-clip-on-clutch-perch-56151-35f01,SUZUKI GSXR1000 + GSXR750 HANDLEBAR LEFT CLIP ON + CLUTCH PERCH # 56151-35F01 | Flip and Strip,94,SUZUKI GSXR1000 + GSXR750 HANDLEBAR LEFT CLIP ON + CLUTCH PERCH # 56151-35F01. Used Suzuki. Price: $29.95. SUZUKI GSXR 1000 GIXXER < 05 06 > FRONT COWL FAIRING,159,200,https://flipandstrip.com/product/6148/suzuki-gsxr1000-gsxr750-handlebar-left-clip-on-clutch-perch-56151-35f01,"index, follow",Suzuki,56151-35F01,used,MOTORCYCLE > SUZUKI > GSXR 750 ( 01-03 ),493,SUZUKI GSXR 1000 GIXXER < 05 06 > FRONT COWL FAIRING COWLING PANEL BLUE & BLACK FOR MORE GSXR1000 PARTS CLICK HERE >>,12,200,LONG_TITLE_REVIEW; DUPLICATE_SCHEMA_DESCRIPTION; IMAGE_DIMENSIONS; RESPONSIVE_IMAGE; DESCRIPTION_RELEVANCE_REVIEW; MARKETPLACE_BOILERPLATE; EBAY_SHIPPING_COPY
6149,276518879665,https://flipandstrip.com/product/6149/suzuki-gsxr-600-750-gixxer-1996-2000-sub-frame-seat-rail-rear-grip-nice,SUZUKI GSXR 600 + 750 GIXXER 1996 -2000 > SUB FRAME + SEAT RAIL + REAR GRIP NICE | Flip and Strip,97,SUZUKI GSXR 600 + 750 GIXXER 1996 -2000 > SUB FRAME + SEAT RAIL + REAR GRIP NICE. Used Suzuki. Price: $45.67. SUZUKI GSXR 600 + 750 GIXXER < 01-03 > COWL UNDER,159,200,https://flipandstrip.com/product/6149/suzuki-gsxr-600-750-gixxer-1996-2000-sub-frame-seat-rail-rear-grip-nice,"index, follow",Suzuki,43980-33E20,used,MOTORCYCLE > SUZUKI > GSXR 600 (97-00),501,SUZUKI GSXR 600 + 750 GIXXER < 01-03 > COWL UNDER INNER RIGHT PURPLE 94461-35F00 SUZUKI GSXR 600 & 750 sub frame / seat rail with rear grip as shown. NO broken,12,200,LONG_TITLE_REVIEW; IMAGE_DIMENSIONS; RESPONSIVE_IMAGE; MARKETPLACE_BOILERPLATE; EBAY_SHIPPING_COPY
6150,276518892976,https://flipandstrip.com/product/6150/79-86-harley-davidson-piston-ring-set-3-498-bore-fx-super-glide-fl-6127-020,79-86 Harley Davidson Piston Ring Set 3.498 Bore FX Super Glide FL 6127 020 | Flip and Strip,92,79-86 Harley Davidson Piston Ring Set 3.498 Bore FX Super Glide FL 6127 020. New other (see details) Hastings. Price: $49.95. HARLEY DAVIDSON XL 883 1200,153,200,https://flipandstrip.com/product/6150/79-86-harley-davidson-piston-ring-set-3-498-bore-fx-super-glide-fl-6127-020,"index, follow",Hastings,6127020,used,MOTORCYCLE > HARLEY DAVIDSON > HARLEY DAVIDSON,176,"HARLEY DAVIDSON XL 883 1200 SPORTSTER 04-06 CLUTCH DERBY CHROME COVER # 34742-04 Hastings Piston Ring Set for 2 pistons. .20"" over Part# 6127020NEMPCO 16",14,200,LONG_TITLE_REVIEW; IMAGE_DIMENSIONS; RESPONSIVE_IMAGE; MARKETPLACE_BOILERPLATE
6151,277531069953,https://flipandstrip.com/product/6151/06-08-kawasaki-ex-650-tail-light-brake-lamp-ninja-with-rubber-dampers-23025-0020,06-08 Kawasaki EX 650 Tail Light Brake Lamp Ninja with Rubber dampers 23025-0020 | Flip and Strip,97,06-08 Kawasaki EX 650 Tail Light Brake Lamp Ninja with Rubber dampers 23025-0020. Used Kawasaki. Price: $18.95. KAWASAKI NINJA EX 650 R > BRAKE ROTOR / DISC,156,200,https://flipandstrip.com/product/6151/06-08-kawasaki-ex-650-tail-light-brake-lamp-ninja-with-rubber-dampers-23025-0020,"index, follow",Kawasaki,23025-0020,used,MOTORCYCLE > KAWASAKI > KAWASAKI SPORT BIKE,251,KAWASAKI NINJA EX 650 R > BRAKE ROTOR / DISC BOLTS FRT # 92150-1771 > 8X30 SET10 2006 KAWASAKI NINJA EX 650 Tail / Brake Light with Rubber Dampers as shown,16,200,LONG_TITLE_REVIEW; IMAGE_DIMENSIONS; RESPONSIVE_IMAGE; MARKETPLACE_BOILERPLATE
6152,276518892904,https://flipandstrip.com/product/6152/harley-davidson-points-cover-whiplash-ignition-drag-specialties-ds373911,Harley Davidson Points Cover Whiplash Ignition Drag Specialties DS373911 | Flip and Strip,89,Harley Davidson Points Cover Whiplash Ignition Drag Specialties DS373911. New other (see details) Harley-Davidson. Price: $45.00. HARLEY DAVIDSON XL 883 1200,157,200,https://flipandstrip.com/product/6152/harley-davidson-points-cover-whiplash-ignition-drag-specialties-ds373911,"index, follow",Harley-Davidson,DS 373911,used,MOTORCYCLE > HARLEY DAVIDSON > HARLEY DAVIDSON,212,HARLEY DAVIDSON XL 883 1200 SPORTSTER 04-06 CLUTCH DERBY CHROME COVER # 34742-04 HARLEY DAVIDSON / DRAG SPECIALTIES WHIPLASH IGNITION / POINTS COVER # DS,14,200,LONG_TITLE_REVIEW; IMAGE_DIMENSIONS; RESPONSIVE_IMAGE; MARKETPLACE_BOILERPLATE
6153,277098931998,https://flipandstrip.com/product/6153/07-08-yamaha-r1-yzf-mid-fairing-right-side-cover-cowl-panel-black-4c8-y283v-90,07-08 Yamaha R1 YZF Mid Fairing Right Side Cover Cowl Panel Black 4C8-Y283V-90 | Flip and Strip,95,07-08 Yamaha R1 YZF Mid Fairing Right Side Cover Cowl Panel Black 4C8-Y283V-90. Used Yamaha. Price: $24.95. HARLEY DAVIDSON XL 883 1200 SPORTSTER 04-06 CLUTCH,158,200,https://flipandstrip.com/product/6153/07-08-yamaha-r1-yzf-mid-fairing-right-side-cover-cowl-panel-black-4c8-y283v-90,"index, follow",Yamaha,4C8-Y283V-90-P0,used,MOTORCYCLE > YAMAHA > YAMAHA R1,199,HARLEY DAVIDSON XL 883 1200 SPORTSTER 04-06 CLUTCH DERBY CHROME COVER # 34742-04,12,200,LONG_TITLE_REVIEW; DUPLICATE_SCHEMA_DESCRIPTION; IMAGE_DIMENSIONS; RESPONSIVE_IMAGE; DESCRIPTION_RELEVANCE_REVIEW; MARKETPLACE_BOILERPLATE
6154,277098932016,https://flipandstrip.com/product/6154/02-03-honda-cbr-954-swingarm-pivot-bolt-shaft-and-nut-set-oem-52101-mcj-750,02 03 Honda CBR 954 Swingarm Pivot Bolt Shaft and Nut Set OEM 52101-MCJ-750 | Flip and Strip,92,02 03 Honda CBR 954 Swingarm Pivot Bolt Shaft and Nut Set OEM 52101-MCJ-750. Used HONDA. Price: $9.58. HONDA CBR 900 RR + 954 - SWING ARM PIVOT BOLT AND NUT,156,200,https://flipandstrip.com/product/6154/02-03-honda-cbr-954-swingarm-pivot-bolt-shaft-and-nut-set-oem-52101-mcj-750,"index, follow",HONDA,52101-MCJ-750,used,MOTORCYCLE > HONDA > HONDA SPORT BIKE,203,HONDA CBR 900 RR + 954 - SWING ARM PIVOT BOLT AND NUT SET # 52101-MCJ-750 NICE! HONDA CBR 954 SWING ARM PIVOT BOLT SET. THIS IS HONDA PART NUMBER 52101-MCJ-750,12,200,LONG_TITLE_REVIEW; IMAGE_DIMENSIONS; RESPONSIVE_IMAGE; MARKETPLACE_BOILERPLATE
6155,277098932023,https://flipandstrip.com/product/6155/2000-victory-v92sc-front-sprocket-cover-right-engine-black-5132267,2000 Victory V92SC Front Sprocket Cover Right Engine Black 5132267 | Flip and Strip,83,2000 Victory V92SC Front Sprocket Cover Right Engine Black 5132267. Used Victory. Price: $29.87. HARLEY DAVIDSON XL 883 1200 SPORTSTER 04-06 CLUTCH DERBY,153,200,https://flipandstrip.com/product/6155/2000-victory-v92sc-front-sprocket-cover-right-engine-black-5132267,"index, follow",Victory,5132267,used,MOTORCYCLE > VICTORY > V92SC,174,HARLEY DAVIDSON XL 883 1200 SPORTSTER 04-06 CLUTCH DERBY CHROME COVER # 34742-04 2000 VICTORY V92SC RIGHT ENGINE & FRONT SPROCKET COVER BLACK # 5132267 SOME,8,200,LONG_TITLE_REVIEW; IMAGE_DIMENSIONS; RESPONSIVE_IMAGE; MARKETPLACE_BOILERPLATE
6156,277098932027,https://flipandstrip.com/product/6156/kawasaki-zl900-eliminator-zx900-zg1000-ninja-oil-pump-gear-spacer-16085-1108,Kawasaki ZL900 Eliminator ZX900 ZG1000 Ninja Oil Pump Gear Spacer 16085-1108 | Flip and Strip,93,Kawasaki ZL900 Eliminator ZX900 ZG1000 Ninja Oil Pump Gear Spacer 16085-1108. Used Kawasaki. Price: $11.59. KAWASAKI ZL 900 ELIMINATOR + NINJA ZX 900 1000 OIL,158,200,https://flipandstrip.com/product/6156/kawasaki-zl900-eliminator-zx900-zg1000-ninja-oil-pump-gear-spacer-16085-1108,"index, follow",Kawasaki,16085-1108,used,MOTORCYCLE > KAWASAKI > KAWASAKI CRUISER,447,KAWASAKI ZL 900 ELIMINATOR + NINJA ZX 900 1000 OIL PUMP GEAR + SPACER 16085-1108 THIS ITEM IS A OIL PUMP GEAR AND SPACER FOR 1985 KAWASAKI ZL 900,11,200,LONG_TITLE_REVIEW; IMAGE_DIMENSIONS; RESPONSIVE_IMAGE; MARKETPLACE_BOILERPLATE
6157,277098932024,https://flipandstrip.com/product/6157/harley-davidson-skid-plate-engine-guard-motor-protector-motorcycle,Harley Davidson Skid Plate Engine Guard Motor Protector Motorcycle | Flip and Strip,83,Harley Davidson Skid Plate Engine Guard Motor Protector Motorcycle. New other (see details) Harley-Davidson. Price: $69.95. HARLEY DAVIDSON XL 883 1200,151,200,https://flipandstrip.com/product/6157/harley-davidson-skid-plate-engine-guard-motor-protector-motorcycle,"index, follow",Harley-Davidson,DS240095,used,MOTORCYCLE > HARLEY DAVIDSON > HARLEY DAVIDSON,256,HARLEY DAVIDSON XL 883 1200 SPORTSTER 04-06 CLUTCH DERBY CHROME COVER # 34742-04 ENGINE SKID PLATE AS SHOWN. NOT SURE OF BRAND OR FITMENT . IF YOU DO NOT KNOW,12,200,LONG_TITLE_REVIEW; IMAGE_DIMENSIONS; RESPONSIVE_IMAGE; MARKETPLACE_BOILERPLATE; EBAY_SHIPPING_COPY
6158,277098931972,https://flipandstrip.com/product/6158/02-05-kawasaki-rear-shock-ninja-zx-12r-zx12-coil-over-red-adjustable-45014-1800,02-05 Kawasaki Rear Shock Ninja ZX-12r ZX12 Coil Over Red Adjustable 45014-1800 | Flip and Strip,96,02-05 Kawasaki Rear Shock Ninja ZX-12r ZX12 Coil Over Red Adjustable 45014-1800. Used Kawasaki. Price: $45.00. KAWASAKI NINJA ZX6R > OIL TUBE / LINE / HOSE +,157,200,https://flipandstrip.com/product/6158/02-05-kawasaki-rear-shock-ninja-zx-12r-zx12-coil-over-red-adjustable-45014-1800,"index, follow",Kawasaki,K320B,used,MOTORCYCLE > KAWASAKI > ZX-12R,84,KAWASAKI NINJA ZX6R > OIL TUBE / LINE / HOSE + BANJO BOLTS + MORE # 51044-1179 2002-2005 Kawasaki ZX-12R Rear Shock. USED - SEE ALL PICTURES. (( 9390 FAS )),12,200,LONG_TITLE_REVIEW; IMAGE_DIMENSIONS; RESPONSIVE_IMAGE; MARKETPLACE_BOILERPLATE
6159,277098931982,https://flipandstrip.com/product/6159/honda-trx-350-four-trax-atv-side-gear-transfer-case-nice-12-pic-21100-ha7-770,HONDA TRX 350 FOUR TRAX ATV - SIDE GEAR TRANSFER CASE NICE 12 PIC# 21100-HA7-770 | Flip and Strip,97,HONDA TRX 350 FOUR TRAX ATV - SIDE GEAR TRANSFER CASE NICE 12 PIC# 21100-HA7-770. Used HONDA. Price: $21.22. This item is a side case / transfer case as shown,158,200,https://flipandstrip.com/product/6159/honda-trx-350-four-trax-atv-side-gear-transfer-case-nice-12-pic-21100-ha7-770,"index, follow",HONDA,21100-HA7-770,used,ATV 4 WHEELER / ATC 3 WHEELER > HONDA > HONDA TRX 350,892,"This item is a side case / transfer case as shown from a Honda trx 350 .Has some scuffs , scratched and signs of use and age. See pictures pointing out",12,200,LONG_TITLE_REVIEW; IMAGE_DIMENSIONS; RESPONSIVE_IMAGE; MARKETPLACE_BOILERPLATE; EBAY_SHIPPING_COPY
6160,277098931980,https://flipandstrip.com/product/6160/98-99-kawasaki-zx9-zx-9r-ninja-tail-cowl-fairing-panel-cover-36001-1631,98-99 Kawasaki ZX9 ZX-9r Ninja Tail Cowl Fairing Panel Cover 36001-1631 | Flip and Strip,88,98-99 Kawasaki ZX9 ZX-9r Ninja Tail Cowl Fairing Panel Cover 36001-1631. Used Kawasaki. Price: $44.99. KAWASAKI NINJA ZX7R SUB FRAME REAR CENTER / TAIL BRACKET,159,200,https://flipandstrip.com/product/6160/98-99-kawasaki-zx9-zx-9r-ninja-tail-cowl-fairing-panel-cover-36001-1631,"index, follow",Kawasaki,36001-1631,used,MOTORCYCLE > KAWASAKI > KAWASAKI SPORT BIKE,320,KAWASAKI NINJA ZX7R SUB FRAME REAR CENTER / TAIL BRACKET OEM 35011-1783 KAWASAKI NINJA ZX9R TAIL SIDE COVER COWL FAIRING REAR SEAT PANEL 36001-1631 NO KEY,12,200,LONG_TITLE_REVIEW; IMAGE_DIMENSIONS; RESPONSIVE_IMAGE; MARKETPLACE_BOILERPLATE; EBAY_SHIPPING_COPY
6162,277098932034,https://flipandstrip.com/product/6162/88-90-kawasaki-sprocket-cover-left-engine-and-plate-zx-10-zx10-zx1000-ninja-oem,88-90 Kawasaki Sprocket Cover Left Engine and Plate ZX-10 ZX10 ZX1000 Ninja OEM | Flip and Strip,96,88-90 Kawasaki Sprocket Cover Left Engine and Plate ZX-10 ZX10 ZX1000 Ninja OEM. Used Kawasaki. Price: $24.95. KAWASAKI NINJA ZX6R > OIL TUBE / LINE / HOSE +,157,200,https://flipandstrip.com/product/6162/88-90-kawasaki-sprocket-cover-left-engine-and-plate-zx-10-zx10-zx1000-ninja-oem,"index, follow",Kawasaki,14026-1140,used,MOTORCYCLE > KAWASAKI > ZX-10R NINJA,205,"KAWASAKI NINJA ZX6R > OIL TUBE / LINE / HOSE + BANJO BOLTS + MORE # 51044-1179 Kawasaki ZX-10 ZX1000 sprocket cover with inner plate,Used - some scuffs and",12,200,LONG_TITLE_REVIEW; IMAGE_DIMENSIONS; RESPONSIVE_IMAGE; MARKETPLACE_BOILERPLATE
6163,277098932032,https://flipandstrip.com/product/6163/95-97-kawasaki-rear-foot-peg-bracket-right-zx11-gpz-1100-stay-muffler-35011-1722,95-97 Kawasaki Rear Foot Peg Bracket Right ZX11 GPZ 1100 Stay Muffler 35011-1722 | Flip and Strip,97,"95-97 Kawasaki Rear Foot Peg Bracket Right ZX11 GPZ 1100 Stay Muffler 35011-1722. Used Kawasaki. Price: $46.29. KAWASAKI 95 - 97 ZX1100 GPZ STAY ,RIGHT MUFFLER",159,200,https://flipandstrip.com/product/6163/95-97-kawasaki-rear-foot-peg-bracket-right-zx11-gpz-1100-stay-muffler-35011-1722,"index, follow",Kawasaki,35011-1722,used,MOTORCYCLE > KAWASAKI > KAWASAKI SPORT BIKE,252,"KAWASAKI 95 - 97 ZX1100 GPZ STAY ,RIGHT MUFFLER BRACKET & REAR PEG # 35011-1722 95 96 97 GPZ 1100 ZX1100 KAWASAKI STAY RIGHT MUFFLER BRACKET REAR PEG",12,200,LONG_TITLE_REVIEW; IMAGE_DIMENSIONS; RESPONSIVE_IMAGE; MARKETPLACE_BOILERPLATE
6164,276518879632,https://flipandstrip.com/product/6164/yamaha-yzf-750-yzf-600-rear-sub-frame-tail-stay-4fm-21645-01-00,YAMAHA YZF 750 + YZF 600 REAR SUB FRAME TAIL STAY # 4FM-21645-01-00 | Flip and Strip,84,YAMAHA YZF 750 + YZF 600 REAR SUB FRAME TAIL STAY # 4FM-21645-01-00. Used Yamaha. Price: $59.95. Please visit my eBay Store for more parts !!!!YAMAHA YZF 750 &,159,200,https://flipandstrip.com/product/6164/yamaha-yzf-750-yzf-600-rear-sub-frame-tail-stay-4fm-21645-01-00,"index, follow",Yamaha,4FM-21645-01-00,used,MOTORCYCLE > YAMAHA > YAMAHA SPORT BIKE,497,Please visit my eBay Store for more parts !!!!YAMAHA YZF 750 & 600 REAR SUB FRAME AS SHOWN IN PICTURES. USED CONDITION - HAS HOOKS GRINDED OFF AT BOTTOM & SOME,21,200,LONG_TITLE_REVIEW; IMAGE_DIMENSIONS; RESPONSIVE_IMAGE; MARKETPLACE_BOILERPLATE; EBAY_SHIPPING_COPY
6166,276518892923,https://flipandstrip.com/product/6166/suzuki-sv650-sprocket-flange-hub-cush-drive-carbon-fiber-blue-look-64611-19f00,Suzuki SV650 Sprocket Flange Hub Cush Drive Carbon Fiber Blue Look 64611-19F00 | Flip and Strip,95,Suzuki SV650 Sprocket Flange Hub Cush Drive Carbon Fiber Blue Look 64611-19F00. Used Suzuki. Price: $29.95. SUZUKI SV 650 > SPROCKET FLANGE HUB / CUSH DRIVE,156,200,https://flipandstrip.com/product/6166/suzuki-sv650-sprocket-flange-hub-cush-drive-carbon-fiber-blue-look-64611-19f00,"index, follow",Suzuki,64611-19F00,used,MOTORCYCLE > SUZUKI > SPORT BIKE,537,SUZUKI SV 650 > SPROCKET FLANGE HUB / CUSH DRIVE CARBON FIBER BLUE # 64611-19F00 This item is a used cush drive / sprocket hub flange as shown . GOOD USED,12,200,LONG_TITLE_REVIEW; IMAGE_DIMENSIONS; RESPONSIVE_IMAGE; MARKETPLACE_BOILERPLATE
6169,276518879644,https://flipandstrip.com/product/6169/74-honda-cb-750-tail-light-brake-lamp-and-bracket-cb750-oem-33701-341-671,74 HONDA CB 750 TAIL LIGHT BRAKE LAMP and BRACKET CB750 OEM 33701-341-671 | Flip and Strip,90,74 HONDA CB 750 TAIL LIGHT BRAKE LAMP and BRACKET CB750 OEM 33701-341-671. Used Honda. Price: $25.00. HONDA CB 750 (1974) - TAIL LIGHT BRAKE LAMP + BRACKET #,157,200,https://flipandstrip.com/product/6169/74-honda-cb-750-tail-light-brake-lamp-and-bracket-cb750-oem-33701-341-671,"index, follow",Honda,33701-341-671,used,MOTORCYCLE > HONDA > CB 750,276,HONDA CB 750 (1974) - TAIL LIGHT BRAKE LAMP + BRACKET # 33701-341-671 1974 HONDA CB 750 tail light and bracket. Some signs of use and age. Light crack in lens,12,200,LONG_TITLE_REVIEW; IMAGE_DIMENSIONS; RESPONSIVE_IMAGE; MARKETPLACE_BOILERPLATE; EBAY_SHIPPING_COPY
6171,276518879662,https://flipandstrip.com/product/6171/harley-davidson-choke-cable-9-2-inch-0654-0028-electra-sport-low-super-tour,HARLEY DAVIDSON CHOKE CABLE 9.2 INCH # 0654-0028 ELECTRA SPORT LOW SUPER TOUR | Flip and Strip,94,HARLEY DAVIDSON CHOKE CABLE 9.2 INCH # 0654-0028 ELECTRA SPORT LOW SUPER TOUR. New Drag Specialties. Price: $17.87. HARLEY DAVIDSON XL 883 1200 SPORTSTER 04-06,159,200,https://flipandstrip.com/product/6171/harley-davidson-choke-cable-9-2-inch-0654-0028-electra-sport-low-super-tour,"index, follow",Drag Specialties,0654-0028,new,MOTORCYCLE > HARLEY DAVIDSON > HARLEY DAVIDSON,555,HARLEY DAVIDSON XL 883 1200 SPORTSTER 04-06 CLUTCH DERBY CHROME COVER # 34742-04,9,200,LONG_TITLE_REVIEW; DUPLICATE_SCHEMA_DESCRIPTION; IMAGE_DIMENSIONS; RESPONSIVE_IMAGE; DESCRIPTION_RELEVANCE_REVIEW; MARKETPLACE_BOILERPLATE; EBAY_SHIPPING_COPY; USED_TEMPLATE_ON_NEW_ITEM
6172,276518879659,https://flipandstrip.com/product/6172/2000-victory-v92sc-oil-pump-body-base-machined-5132174,"2000 VICTORY V92SC OIL,PUMP BODY,BASE,MACHINED # 5132174 | Flip and Strip",73,"2000 VICTORY V92SC OIL,PUMP BODY,BASE,MACHINED # 5132174. Used Victory. Price: $19.95. HARLEY DAVIDSON XL 883 1200 SPORTSTER 04-06 CLUTCH DERBY CHROME COVER #",158,200,https://flipandstrip.com/product/6172/2000-victory-v92sc-oil-pump-body-base-machined-5132174,"index, follow",Victory,5132174,used,MOTORCYCLE > VICTORY > V92SC,409,HARLEY DAVIDSON XL 883 1200 SPORTSTER 04-06 CLUTCH DERBY CHROME COVER # 34742-04,9,200,LONG_TITLE_REVIEW; DUPLICATE_SCHEMA_DESCRIPTION; IMAGE_DIMENSIONS; RESPONSIVE_IMAGE; DESCRIPTION_RELEVANCE_REVIEW; MARKETPLACE_BOILERPLATE; EBAY_SHIPPING_COPY
6173,276518879619,https://flipandstrip.com/product/6173/harley-davidson-throttle-cable-63-black-by-custom-chrome-19-342-new,"HARLEY DAVIDSON ~ THROTTLE CABLE 63"" BLACK / BY CUSTOM CHROME 19-342 NEW | Flip and Strip",89,"HARLEY DAVIDSON ~ THROTTLE CABLE 63"" BLACK / BY CUSTOM CHROME 19-342 NEW. New Custom Chrome. Price: $29.70. HARLEY DAVIDSON ~ THROTTLE CABLE 63"" BLACK / BY",155,200,https://flipandstrip.com/product/6173/harley-davidson-throttle-cable-63-black-by-custom-chrome-19-342-new,"index, follow",Custom Chrome,19-342,new,MOTORCYCLE > HARLEY DAVIDSON > HARLEY DAVIDSON,525,"HARLEY DAVIDSON ~ THROTTLE CABLE 63"" BLACK / BY CUSTOM CHROME 19-342 NEW THIS ITEM IS A63 INCH THROTTLE CABLE MADE BY CUSTOM CHROMEAS SHOWN.PLEASE BE SURE IT",12,200,LONG_TITLE_REVIEW; IMAGE_DIMENSIONS; RESPONSIVE_IMAGE; MARKETPLACE_BOILERPLATE; EBAY_SHIPPING_COPY; USED_TEMPLATE_ON_NEW_ITEM
6174,277098932014,https://flipandstrip.com/product/6174/86-87-kawasaki-zl600-eliminator-transmission-set-gears-and-shafts-oem-13129-1078,86 87 Kawasaki ZL600 Eliminator Transmission Set Gears And Shafts OEM 13129-1078 | Flip and Strip,97,86 87 Kawasaki ZL600 Eliminator Transmission Set Gears And Shafts OEM 13129-1078. Used Kawasaki. Price: $54.32. KAWASAKI ZL600 ELIMINATOR ( 1933.2 MILES ) FUEL,159,200,https://flipandstrip.com/product/6174/86-87-kawasaki-zl600-eliminator-transmission-set-gears-and-shafts-oem-13129-1078,"index, follow",Kawasaki,13129-1078,used,MOTORCYCLE > KAWASAKI > ELIMINATOR ZL 600,279,KAWASAKI ZL600 ELIMINATOR ( 1933.2 MILES ) FUEL TANK GAS PETROL CELL BLACK TRANSMISSION GEARS AND SHAFTS AS SHOWN FOR KAWASAKI ZL 600 ELIMINATOR.THIS ZL600 HAD,12,200,LONG_TITLE_REVIEW; IMAGE_DIMENSIONS; RESPONSIVE_IMAGE; MARKETPLACE_BOILERPLATE; EBAY_SHIPPING_COPY
6175,277098931941,https://flipandstrip.com/product/6175/09-bmw-r1200gs-seat-rear-passenger-oem-genuine-black-52-53-7-721-896,09 BMW R1200GS Seat Rear Passenger OEM Genuine Black 52 53 7 721 896 | Flip and Strip,85,09 BMW R1200GS Seat Rear Passenger OEM Genuine Black 52 53 7 721 896. Used BMW. Price: $99.95. HARLEY DAVIDSON XL 883 1200 SPORTSTER 04-06 CLUTCH DERBY CHROME,158,200,https://flipandstrip.com/product/6175/09-bmw-r1200gs-seat-rear-passenger-oem-genuine-black-52-53-7-721-896,"index, follow",BMW,52 53 7 721 896,used,MOTORCYCLE > BMW > R1200GS,255,HARLEY DAVIDSON XL 883 1200 SPORTSTER 04-06 CLUTCH DERBY CHROME COVER # 34742-04,10,200,LONG_TITLE_REVIEW; DUPLICATE_SCHEMA_DESCRIPTION; IMAGE_DIMENSIONS; RESPONSIVE_IMAGE; DESCRIPTION_RELEVANCE_REVIEW; MARKETPLACE_BOILERPLATE; EBAY_SHIPPING_COPY
6178,277098931949,https://flipandstrip.com/product/6178/04-10-harley-davidson-air-filter-xl883-xl1200-sportster-washable-29331-04,04-10 Harley Davidson Air Filter XL883 XL1200 Sportster Washable 29331-04 | Flip and Strip,90,04-10 Harley Davidson Air Filter XL883 XL1200 Sportster Washable 29331-04. New Harley-Davidson. Price: $67.89. HARLEY DAVIDSON XL 883 1200 SPORTSTER 04-06,154,200,https://flipandstrip.com/product/6178/04-10-harley-davidson-air-filter-xl883-xl1200-sportster-washable-29331-04,"index, follow",Harley-Davidson,611506,new,MOTORCYCLE > HARLEY DAVIDSON > HARLEY DAVIDSON,296,HARLEY DAVIDSON XL 883 1200 SPORTSTER 04-06 CLUTCH DERBY CHROME COVER # 34742-04,8,200,LONG_TITLE_REVIEW; DUPLICATE_SCHEMA_DESCRIPTION; IMAGE_DIMENSIONS; RESPONSIVE_IMAGE; MARKETPLACE_BOILERPLATE; EBAY_SHIPPING_COPY; USED_TEMPLATE_ON_NEW_ITEM
6179,277098931956,https://flipandstrip.com/product/6179/05-yamaha-yfm-80-raptor-atv-transmission-gears-and-main-shafts-3gb-17402-00-00,05 Yamaha YFM 80 Raptor ATV Transmission Gears and Main Shafts 3GB-17402-00-00 | Flip and Strip,95,05 Yamaha YFM 80 Raptor ATV Transmission Gears and Main Shafts 3GB-17402-00-00. Used Yamaha. Price: $23.45. YAMAHA YFM RAPTOR 80 > TRANSMISSION GEARS AND MAIN,158,200,https://flipandstrip.com/product/6179/05-yamaha-yfm-80-raptor-atv-transmission-gears-and-main-shafts-3gb-17402-00-00,"index, follow",Yamaha,3GB-17402-00-00,used,ATV 4 WHEELER / ATC 3 WHEELER > YAMAHA > YFM 80 RAPTOR,188,YAMAHA YFM RAPTOR 80 > TRANSMISSION GEARS AND MAIN SHAFTS TRANSMISSION GEAR AND MAIN SHAFT SET FROM A 2005 YAMAHA YFM 80 RAPTOR ATV . THE PART WILL BE THE,9,200,LONG_TITLE_REVIEW; IMAGE_DIMENSIONS; RESPONSIVE_IMAGE; MARKETPLACE_BOILERPLATE
6180,277098931961,https://flipandstrip.com/product/6180/84-21-harley-davidson-horn-relocation-bracket-softail-fxst-flst-custom-chrome,84-21 Harley Davidson Horn Relocation Bracket Softail FXST FLST Custom Chrome | Flip and Strip,94,84-21 Harley Davidson Horn Relocation Bracket Softail FXST FLST Custom Chrome. New Custom Chrome. Price: $24.95. HARLEY DAVIDSON XL 883 1200 SPORTSTER 04-06,156,200,https://flipandstrip.com/product/6180/84-21-harley-davidson-horn-relocation-bracket-softail-fxst-flst-custom-chrome,"index, follow",Custom Chrome,09-247,new,MOTORCYCLE > HARLEY DAVIDSON > HARLEY DAVIDSON,243,HARLEY DAVIDSON XL 883 1200 SPORTSTER 04-06 CLUTCH DERBY CHROME COVER # 34742-04,12,200,LONG_TITLE_REVIEW; DUPLICATE_SCHEMA_DESCRIPTION; IMAGE_DIMENSIONS; RESPONSIVE_IMAGE; MARKETPLACE_BOILERPLATE; USED_TEMPLATE_ON_NEW_ITEM
6181,277098932006,https://flipandstrip.com/product/6181/91-94-honda-cbr600-f2-triple-tree-lower-steering-stem-fork-clamp-lower-53200-mv9,91-94 Honda CBR600 F2 Triple Tree Lower Steering Stem Fork Clamp Lower 53200-MV9 | Flip and Strip,97,91-94 Honda CBR600 F2 Triple Tree Lower Steering Stem Fork Clamp Lower 53200-MV9. Used Honda. Price: $19.95. HONDA CBR 600 F2 91-94 > TRIPLE TREE LOWER,151,200,https://flipandstrip.com/product/6181/91-94-honda-cbr600-f2-triple-tree-lower-steering-stem-fork-clamp-lower-53200-mv9,"index, follow",Honda,53200-MV9-000,used,MOTORCYCLE > HONDA > CBR 600,362,HONDA CBR 600 F2 91-94 > TRIPLE TREE LOWER - STEERING STEM - FORK CLAMP - LOWER HONDA CBR 600 LOWER TRIPLE TREE / STEERING STEM. USED CONDITION - SEE ALL,12,200,LONG_TITLE_REVIEW; IMAGE_DIMENSIONS; RESPONSIVE_IMAGE; MARKETPLACE_BOILERPLATE; EBAY_SHIPPING_COPY
6182,276518879669,https://flipandstrip.com/product/6182/03-04-honda-cbr600rr-fuel-gas-tank-cover-cowl-fairing-shelter-red-83150-mee-670,03 04 HONDA CBR600RR FUEL GAS TANK COVER COWL FAIRING SHELTER RED 83150-MEE-670 | Flip and Strip,96,03 04 HONDA CBR600RR FUEL GAS TANK COVER COWL FAIRING SHELTER RED 83150-MEE-670. Used Honda. Price: $49.95. HONDA CBR 600 RR 03-04 - FUEL TANK COVER SHELTER,156,200,https://flipandstrip.com/product/6182/03-04-honda-cbr600rr-fuel-gas-tank-cover-cowl-fairing-shelter-red-83150-mee-670,"index, follow",Honda,83150-MEE-670,used,MOTORCYCLE > HONDA > CBR 600,216,HONDA CBR 600 RR 03-04 - FUEL TANK COVER SHELTER TOP BLACK # 83150-MEE-970ZC HONDA CBR 600 RR (2003-2004) TANK COVER / SHELTER. USED CONDITION - NO BROKEN TABS,12,200,LONG_TITLE_REVIEW; IMAGE_DIMENSIONS; RESPONSIVE_IMAGE; MARKETPLACE_BOILERPLATE
6183,276518892981,https://flipandstrip.com/product/6183/02-03-honda-cover-cbr954rr-cylinder-head-top-cam-valve-gasket-oem-12310-mcj-750,02 03 Honda Cover CBR954RR Cylinder Head Top Cam Valve Gasket OEM 12310-MCJ-750 | Flip and Strip,96,02 03 Honda Cover CBR954RR Cylinder Head Top Cam Valve Gasket OEM 12310-MCJ-750. Used Honda. Price: $19.87. HONDA CBR 954 RR - THERMOSTAT HOUSING CASE COVER &,158,200,https://flipandstrip.com/product/6183/02-03-honda-cover-cbr954rr-cylinder-head-top-cam-valve-gasket-oem-12310-mcj-750,"index, follow",Honda,12310-MCJ-750,used,MOTORCYCLE > HONDA > HONDA SPORT BIKE,217,HONDA CBR 954 RR - THERMOSTAT HOUSING CASE COVER & INLET JOINT # 19311-MCJ-305 Honda CBR954 cylinder head cover with gasket shown . See all pictures. ((( 426,10,200,LONG_TITLE_REVIEW; IMAGE_DIMENSIONS; RESPONSIVE_IMAGE; MARKETPLACE_BOILERPLATE
6184,276518892980,https://flipandstrip.com/product/6184/04-06-yamaha-yzf-r1-headlight-left-oem-5vy-84303-40-00,04-06 Yamaha YZF R1 Headlight Left OEM 5VY-84303-40-00 | Flip and Strip,71,04-06 Yamaha YZF R1 Headlight Left OEM 5VY-84303-40-00. Used Yamaha. Price: $39.95. YAMAHA R1 2004 04 05 06 > LEFT HEADLIGHT ASSY # 5VY-84303-40-00 ALL WORKS,157,200,https://flipandstrip.com/product/6184/04-06-yamaha-yzf-r1-headlight-left-oem-5vy-84303-40-00,"index, follow",Yamaha,5VY-84303-40-00,used,MOTORCYCLE > YAMAHA > YAMAHA R1,278,YAMAHA R1 2004 04 05 06 > LEFT HEADLIGHT ASSY # 5VY-84303-40-00 ALL WORKS GREAT THIS ITEM IS A LEFT HEADLIGHT AS SHOWN .IT IS OFF A 2004 YAMAHA R1. THERE ARE,19,200,LONG_TITLE_REVIEW; IMAGE_DIMENSIONS; RESPONSIVE_IMAGE; MARKETPLACE_BOILERPLATE
6186,276518882602,https://flipandstrip.com/product/6186/91-up-harley-davidson-bracket-cover-left-rear-chrome-fender-dyna-glide-09-342,91-UP Harley Davidson Bracket Cover Left Rear Chrome Fender Dyna Glide 09-342 | Flip and Strip,94,91-UP Harley Davidson Bracket Cover Left Rear Chrome Fender Dyna Glide 09-342. New Harley-Davidson. Price: $22.95. HARLEY DAVIDSON XL 883 1200 SPORTSTER 04-06,158,200,https://flipandstrip.com/product/6186/91-up-harley-davidson-bracket-cover-left-rear-chrome-fender-dyna-glide-09-342,"index, follow",Harley-Davidson,09-342,new,MOTORCYCLE > HARLEY DAVIDSON > HARLEY DAVIDSON,171,HARLEY DAVIDSON XL 883 1200 SPORTSTER 04-06 CLUTCH DERBY CHROME COVER # 34742-04 PART # 09-342CHROME LEFT REAR FENDER BRACKET COVER.FITS :DYNA GLIDE 91-UP The,8,200,LONG_TITLE_REVIEW; IMAGE_DIMENSIONS; RESPONSIVE_IMAGE; MARKETPLACE_BOILERPLATE; USED_TEMPLATE_ON_NEW_ITEM
6188,276518892910,https://flipandstrip.com/product/6188/2000-victory-cylinder-heads-v92sc-assemblies-both-front-rear-3021092-3021093,2000 Victory Cylinder Heads V92sc Assemblies Both Front Rear 3021092 3021093 | Flip and Strip,93,2000 Victory Cylinder Heads V92sc Assemblies Both Front Rear 3021092 3021093. Used Victory. Price: $333.33. HARLEY DAVIDSON XL 883 1200 SPORTSTER 04-06 CLUTCH,158,200,https://flipandstrip.com/product/6188/2000-victory-cylinder-heads-v92sc-assemblies-both-front-rear-3021092-3021093,"index, follow",Victory,3021092,used,MOTORCYCLE > VICTORY > V92SC,210,"HARLEY DAVIDSON XL 883 1200 SPORTSTER 04-06 CLUTCH DERBY CHROME COVER # 34742-04 2000 VICTORY V92SC CYLINDER HEADS AS SHOWN. HEAD,CYL. 1 MACH 3021093HEAD,CYL,2",12,200,LONG_TITLE_REVIEW; IMAGE_DIMENSIONS; RESPONSIVE_IMAGE; MARKETPLACE_BOILERPLATE
6189,276518879596,https://flipandstrip.com/product/6189/harley-davidson-chopper-custom-bobber-pa800c-3-8-to-1-8-paughco-reducer,"Harley Davidson Chopper Custom Bobber PA800C 3/8"" TO 1/8"" PAUGHCO REDUCER | Flip and Strip",90,"Harley Davidson Chopper Custom Bobber PA800C 3/8"" TO 1/8"" PAUGHCO REDUCER. New Paughco. Price: $9.99. HARLEY DAVIDSON XL 883 1200 SPORTSTER 04-06 CLUTCH DERBY",158,200,https://flipandstrip.com/product/6189/harley-davidson-chopper-custom-bobber-pa800c-3-8-to-1-8-paughco-reducer,"index, follow",Paughco,PA 800C,new,MOTORCYCLE > HARLEY DAVIDSON > HARLEY DAVIDSON,405,HARLEY DAVIDSON XL 883 1200 SPORTSTER 04-06 CLUTCH DERBY CHROME COVER # 34742-04,11,200,LONG_TITLE_REVIEW; DUPLICATE_SCHEMA_DESCRIPTION; IMAGE_DIMENSIONS; RESPONSIVE_IMAGE; MARKETPLACE_BOILERPLATE; EBAY_SHIPPING_COPY; USED_TEMPLATE_ON_NEW_ITEM
6190,276518892905,https://flipandstrip.com/product/6190/86-yamaha-side-cover-left-fz750-red-blue-fz-750-fairing-panel-1fm-y2171-00-1x,86 Yamaha Side Cover Left FZ750 Red Blue FZ 750 Fairing Panel 1FM-Y2171-00-1X | Flip and Strip,94,86 Yamaha Side Cover Left FZ750 Red Blue FZ 750 Fairing Panel 1FM-Y2171-00-1X. Used Yamaha. Price: $99.95. HARLEY DAVIDSON XL 883 1200 SPORTSTER 04-06 CLUTCH,157,200,https://flipandstrip.com/product/6190/86-yamaha-side-cover-left-fz750-red-blue-fz-750-fairing-panel-1fm-y2171-00-1x,"index, follow",Yamaha,1FM-Y2171-00-1X,used,MOTORCYCLE > YAMAHA > YAMAHA FZ 750,209,HARLEY DAVIDSON XL 883 1200 SPORTSTER 04-06 CLUTCH DERBY CHROME COVER # 34742-04 86 Yamaha FZ750 Side Tail Cover Red & Blue Cowl Fairing Panel #,24,200,LONG_TITLE_REVIEW; IMAGE_DIMENSIONS; RESPONSIVE_IMAGE; MARKETPLACE_BOILERPLATE
6191,277098931992,https://flipandstrip.com/product/6191/yamaha-retainer-washer-90209-22191-00-yzf600r-vstar-big-bear-atv-and-others-oem,Yamaha Retainer Washer 90209-22191-00 YZF600r Vstar Big Bear ATV and Others OEM | Flip and Strip,96,Yamaha Retainer Washer 90209-22191-00 YZF600r Vstar Big Bear ATV and Others OEM. New Yamaha. Price: $3.45.,106,200,https://flipandstrip.com/product/6191/yamaha-retainer-washer-90209-22191-00-yzf600r-vstar-big-bear-atv-and-others-oem,"index, follow",Yamaha,90209-22191-00,new,MOTORCYCLE > YAMAHA > YZF600R / THUNDERCAT,1090,Yamaha Retainer Washer 90209-22191-00 YZF600r Vstar Big Bear ATV and Others OEM,7,200,LONG_TITLE_REVIEW; IMAGE_DIMENSIONS; RESPONSIVE_IMAGE; MARKETPLACE_BOILERPLATE; EBAY_SHIPPING_COPY; USED_TEMPLATE_ON_NEW_ITEM
6193,277098931989,https://flipandstrip.com/product/6193/2012-kawasaki-zx-10r-ninja-air-box-top-secondary-fuel-injectors-and-sensor,"2012 Kawasaki ZX-10R Ninja Air Box TOP , Secondary Fuel Injectors and Sensor | Flip and Strip",93,"2012 Kawasaki ZX-10R Ninja Air Box TOP , Secondary Fuel Injectors and Sensor. Used Kawasaki. Price: $89.95. KAWASAKI NINJA ZX6R > OIL TUBE / LINE / HOSE +",154,200,https://flipandstrip.com/product/6193/2012-kawasaki-zx-10r-ninja-air-box-top-secondary-fuel-injectors-and-sensor,"index, follow",Kawasaki,49033-0027,used,MOTORCYCLE > KAWASAKI > ZX-10R NINJA,102,"KAWASAKI NINJA ZX6R > OIL TUBE / LINE / HOSE + BANJO BOLTS + MORE # 51044-1179 2012 Kawasaki ZX-10R Ninja Air box top , Secondary Fuel Injectors and Sensor as",13,200,LONG_TITLE_REVIEW; IMAGE_DIMENSIONS; RESPONSIVE_IMAGE; MARKETPLACE_BOILERPLATE
6194,287140957997,https://flipandstrip.com/product/6194/harley-davidson-handlebars-1-inch-diameter-low-rise-drag-bars-27-inches-wide,Harley Davidson handlebars 1 inch diameter low rise drag bars 27 inches wide | Flip and Strip,93,"Harley Davidson handlebars 1 inch diameter low rise drag bars 27 inches wide. Used Harley-Davidson. Price: $69.95. Harley Davidson handlebars 1"" diameter and",157,200,https://flipandstrip.com/product/6194/harley-davidson-handlebars-1-inch-diameter-low-rise-drag-bars-27-inches-wide,"index, follow",Harley-Davidson,HARLEY DAVIDSON,used,MOTORCYCLE > HARLEY DAVIDSON > HARLEY DAVIDSON,13,"Harley Davidson handlebars 1"" diameter and approximately 27"" wide. ((( 9891 FAS )))",20,200,LONG_TITLE_REVIEW; IMAGE_DIMENSIONS; RESPONSIVE_IMAGE; SHORT_DESCRIPTION_REVIEW
6196,10073 FAS,https://flipandstrip.com/product/6196/tank-cover-left-side-red-honda-trx680-rincon-fourtrax-08-atv-quad-83650-hn8-b40,Tank Cover Left Side Red Honda TRX680 Rincon Fourtrax 08 ATV Quad 83650-HN8-B40 | Flip and Strip,96,Tank Cover Left Side Red Honda TRX680 Rincon Fourtrax 08 ATV Quad 83650-HN8-B40. New Honda. Price: $43.95. 2008 Honda Rincon Fourtrax TRX680 left tank / side,157,200,https://flipandstrip.com/product/6196/tank-cover-left-side-red-honda-trx680-rincon-fourtrax-08-atv-quad-83650-hn8-b40,"index, follow",Honda,83650-HN8-B40ZC,new,ATV 4 WHEELER / ATC 3 WHEELER > HONDA > HONDA ATV,186,2008 Honda Rincon Fourtrax TRX680 left tank / side cover red. New Genuine Honda OEM. Part number 83650-HN8-B40ZC ((( 10073 FAS ))) ⚠️ IMPORTANT BUYER NOTICE – P,12,200,LONG_TITLE_REVIEW; IMAGE_DIMENSIONS; RESPONSIVE_IMAGE; MARKETPLACE_BOILERPLATE; EBAY_SHIPPING_COPY; USED_TEMPLATE_ON_NEW_ITEM
6197,10074 FAS,https://flipandstrip.com/product/6197/honda-talon-sxs-1000-door-cover-left-red-oem-genuine-67255-hl6-a40za-new-in-box,Honda Talon SXS 1000 Door Cover Left Red OEM Genuine 67255-HL6-A40ZA NEW IN BOX | Flip and Strip,96,Honda Talon SXS 1000 Door Cover Left Red OEM Genuine 67255-HL6-A40ZA NEW IN BOX. New Honda. Price: $149.95. HONDA 2021 SXS1000S2X A TALON 1000X 4X4 DCT,151,200,https://flipandstrip.com/product/6197/honda-talon-sxs-1000-door-cover-left-red-oem-genuine-67255-hl6-a40za-new-in-box,"index, follow",Honda,67255-HL6-A40ZA,new,SIDE by SIDE / SXS /UTV > SXS,193,HONDA 2021 SXS1000S2X A TALON 1000X 4X4 DCT DOORHonda sxs1000s2x a talon 1000x 4x4 DCT Left Door Cover Red New OEM Genuine. Part number 67255-HL6-A40ZA (((,20,200,LONG_TITLE_REVIEW; IMAGE_DIMENSIONS; RESPONSIVE_IMAGE; MARKETPLACE_BOILERPLATE; EBAY_SHIPPING_COPY; USED_TEMPLATE_ON_NEW_ITEM
6201,277745583808,https://flipandstrip.com/product/6201/48-65-harley-davidson-panhead-fl-fs-f-rocker-cover-gasket-thick-125-17541-48c,48-65 Harley Davidson Panhead FL FS F Rocker Cover Gasket Thick (.125) 17541-48C | Flip and Strip,97,48-65 Harley Davidson Panhead FL FS F Rocker Cover Gasket Thick (.125) 17541-48C. New Harley-Davidson. Price: $11.75. HARLEY DAVIDSON XL 883 1200 SPORTSTER,155,200,https://flipandstrip.com/product/6201/48-65-harley-davidson-panhead-fl-fs-f-rocker-cover-gasket-thick-125-17541-48c,"index, follow",Harley-Davidson,15-1006,new,MOTORCYCLE > HARLEY DAVIDSON > HARLEY DAVIDSON,232,"HARLEY DAVIDSON XL 883 1200 SPORTSTER 04-06 CLUTCH DERBY CHROME COVER # 34742-04 Panhead Rocker Gasket ( THICK .125"" ) SOLD 1 EACH VT 15-10061948-1965",10,200,LONG_TITLE_REVIEW; IMAGE_DIMENSIONS; RESPONSIVE_IMAGE; MARKETPLACE_BOILERPLATE; EBAY_SHIPPING_COPY; USED_TEMPLATE_ON_NEW_ITEM
6202,277745528271,https://flipandstrip.com/product/6202/yamaha-yzf-r1-1999-exhaust-full-performance-pipe-muffler-light-weight-5jj-14610,Yamaha YZF R1 1999 Exhaust Full Performance Pipe Muffler Light weight 5JJ-14610 | Flip and Strip,96,Yamaha YZF R1 1999 Exhaust Full Performance Pipe Muffler Light weight 5JJ-14610. Used Unbranded. Price: $229.95. HARLEY DAVIDSON XL 883 1200 SPORTSTER 04-06,156,200,https://flipandstrip.com/product/6202/yamaha-yzf-r1-1999-exhaust-full-performance-pipe-muffler-light-weight-5jj-14610,"index, follow",Unbranded,5JJ-14610-00-00,used,MOTORCYCLE > YAMAHA > YAMAHA SPORT BIKE,292,HARLEY DAVIDSON XL 883 1200 SPORTSTER 04-06 CLUTCH DERBY CHROME COVER # 34742-04 Full Performance / Racing Exhaust. Very lightweight. Has some dings ( examples,18,200,LONG_TITLE_REVIEW; IMAGE_DIMENSIONS; RESPONSIVE_IMAGE; MARKETPLACE_BOILERPLATE; EBAY_SHIPPING_COPY
6204,10076 FAS,https://flipandstrip.com/product/6204/brake-pads-sintered-yamaha-can-am-bombardier-john-deere-cannondale-atv-utv-sxs,Brake Pads Sintered Yamaha Can Am Bombardier John Deere Cannondale ATV UTV SXS | Flip and Strip,95,Brake Pads Sintered Yamaha Can Am Bombardier John Deere Cannondale ATV UTV SXS. New BikeMaster. Price: $24.95. 96-1572 Bike Master 887337011738 BM-307 Designed,159,200,https://flipandstrip.com/product/6204/brake-pads-sintered-yamaha-can-am-bombardier-john-deere-cannondale-atv-utv-sxs,"index, follow",BikeMaster,SY2049,new,ATV 4 WHEELER / ATC 3 WHEELER > ATV - PERFORMANCE - GENERAL,361,"96-1572 Bike Master 887337011738 BM-307 Designed for the highest quality and a perfect fit, BikeMaster® Brake Pads and Shoes are intended to be a direct",5,200,LONG_TITLE_REVIEW; IMAGE_DIMENSIONS; RESPONSIVE_IMAGE; DESCRIPTION_RELEVANCE_REVIEW; MARKETPLACE_BOILERPLATE; EBAY_SHIPPING_COPY; USED_TEMPLATE_ON_NEW_ITEM
6205,10077,https://flipandstrip.com/product/6205/yamaha-yfz450r-racer-yfz450x-atv-2009-26-quad-case-protectors-blue-ycs-yzr-bu,Yamaha YFZ450R Racer & YFZ450X ATV 2009-26 Quad Case Protectors Blue YCS-YZR-BU | Flip and Strip,96,Yamaha YFZ450R Racer & YFZ450X ATV 2009-26 Quad Case Protectors Blue YCS-YZR-BU. New Kawasaki. Price: $29.95. YCS-YZR-BU 09-26 YFZ450 Racer & XC Models Case,156,200,https://flipandstrip.com/product/6205/yamaha-yfz450r-racer-yfz450x-atv-2009-26-quad-case-protectors-blue-ycs-yzr-bu,"index, follow",Kawasaki,YCS-YZR-BU,new,ATV 4 WHEELER / ATC 3 WHEELER > YAMAHA > YFZ 450,238,YCS-YZR-BU 09-26 YFZ450 Racer & XC Models Case Protectors TM DESIGN WORKS T.M. Design works Blue ATV Case SaverAbsorbs impacts without transferring energy to,12,200,LONG_TITLE_REVIEW; IMAGE_DIMENSIONS; RESPONSIVE_IMAGE; MARKETPLACE_BOILERPLATE; EBAY_SHIPPING_COPY; USED_TEMPLATE_ON_NEW_ITEM
6209,9809,https://flipandstrip.com/product/6209/harley-davidson-91-99-valve-lifter-tappet-18523-86-set-of-4,Harley Davidson 91-99 Valve Lifter Tappet 18523-86 Set Of 4 | Flip and Strip,76,Harley Davidson 91-99 Valve Lifter Tappet 18523-86 Set Of 4. Used Harley-Davidson. Price: $39.95. 91-99 Harley Davidson Valve Lifter Tappets 18523-86 Tappet,156,200,https://flipandstrip.com/product/6209/harley-davidson-91-99-valve-lifter-tappet-18523-86-set-of-4,"index, follow",Harley-Davidson,"18523-86, 1852386",used,MOTORCYCLE > HARLEY DAVIDSON > HARLEY CUSTOM / PERFORMANCE,1026,91-99 Harley Davidson Valve Lifter Tappets 18523-86 Tappet set of 4 USED - Some signs of use - SEE ALL PICTURES!! Model FLHR 1FDL ROAD KING (1994) FLHR 1FDL,6,200,LONG_TITLE_REVIEW; IMAGE_DIMENSIONS; RESPONSIVE_IMAGE; MARKETPLACE_BOILERPLATE; EBAY_SHIPPING_COPY
6212,10082 FAS,https://flipandstrip.com/product/6212/suzuki-regulator-rectifier-df8-25-hp-outboard-motor-boat-oem-genuine-32800-95j01,Suzuki Regulator Rectifier DF8-25 HP Outboard Motor Boat OEM Genuine 32800-95J01 | Flip and Strip,97,Suzuki Regulator Rectifier DF8-25 HP Outboard Motor Boat OEM Genuine 32800-95J01. New Suzuki. Price: $49.95. New in the box genuine Suzuki Regulator Rectifier,158,200,https://flipandstrip.com/product/6212/suzuki-regulator-rectifier-df8-25-hp-outboard-motor-boat-oem-genuine-32800-95j01,"index, follow",Suzuki,32800-95J01,new,MARINE / BOAT PARTS > BOAT MARINE,303,New in the box genuine Suzuki Regulator Rectifier . Part Number 32800-95J01 Fits Suzuki Outboard Motors: OPT ELECTRICAL DF25 E03suzuki 25hp — 2014OPT E,10,200,LONG_TITLE_REVIEW; IMAGE_DIMENSIONS; RESPONSIVE_IMAGE; MARKETPLACE_BOILERPLATE; EBAY_SHIPPING_COPY; USED_TEMPLATE_ON_NEW_ITEM
6215,10084 FAS,https://flipandstrip.com/product/6215/kawasaki-kvf-650-750-brute-force-cv-joint-rear-axle-atv-guard-protector-skid-pad,Kawasaki KVF 650 750 Brute Force CV joint Rear Axle ATV Guard Protector Skid Pad | Flip and Strip,97,"Kawasaki KVF 650 750 Brute Force CV joint Rear Axle ATV Guard Protector Skid Pad. New Kawasaki. Price: $87.65. CV Joint Guard Set, Rear Protects your CV axle",157,200,https://flipandstrip.com/product/6215/kawasaki-kvf-650-750-brute-force-cv-joint-rear-axle-atv-guard-protector-skid-pad,"index, follow",Kawasaki,KVF750-006,new,ATV 4 WHEELER / ATC 3 WHEELER > KAWASAKI > KVF 650 / 750 BRUTE FORCE,281,"CV Joint Guard Set, Rear Protects your CV axle boots from being ripped and other components . Comes as a set 2 . EXACTLY as shown in pictures . See ALL",6,200,LONG_TITLE_REVIEW; IMAGE_DIMENSIONS; RESPONSIVE_IMAGE; MARKETPLACE_BOILERPLATE; EBAY_SHIPPING_COPY; USED_TEMPLATE_ON_NEW_ITEM
6217,9802 FAS,https://flipandstrip.com/product/6217/oil-filter-harley-davidson-dyna-sturgis-replaces-63812-90,Oil Filter Harley Davidson Dyna Sturgis Replaces 63812-90 | Flip and Strip,74,Oil Filter Harley Davidson Dyna Sturgis Replaces 63812-90. New Harley-Davidson. Price: $9.95. 1991 Harley Davidson Dyna Sturgis Oil Filter Replaces 63812-90,156,200,https://flipandstrip.com/product/6217/oil-filter-harley-davidson-dyna-sturgis-replaces-63812-90,"index, follow",Harley-Davidson,63812-90,new,MOTORCYCLE > HARLEY DAVIDSON > HARLEY DAVIDSON,191,1991 Harley Davidson Dyna Sturgis Oil Filter Replaces 63812-90 Oil Filter 49-0059 Replaces Harley Davidson Part # 63812-90 1991 Harley-Davidson Dyna Sturgis,3,200,LONG_TITLE_REVIEW; IMAGE_DIMENSIONS; RESPONSIVE_IMAGE; MARKETPLACE_BOILERPLATE; EBAY_SHIPPING_COPY; USED_TEMPLATE_ON_NEW_ITEM
6218,9801,https://flipandstrip.com/product/6218/oil-filter-yamaha-honda-kawasaki-benelli-bimota-moto-guzzi-hiflohf401-motorcycle,Oil Filter Yamaha Honda Kawasaki Benelli Bimota Moto Guzzi HifloHF401 Motorcycle | Flip and Strip,97,Oil Filter Yamaha Honda Kawasaki Benelli Bimota Moto Guzzi HifloHF401 Motorcycle. New Honda. Price: $7.95. Benelli Bimota Honda Kawasaki Moto Guzzi,147,200,https://flipandstrip.com/product/6218/oil-filter-yamaha-honda-kawasaki-benelli-bimota-moto-guzzi-hiflohf401-motorcycle,"index, follow",Honda,HF401,new,MOTORCYCLE > KAWASAKI > KAWASAKI CRUISER,749,Benelli Bimota Honda Kawasaki Moto Guzzi YamahaHifloFiltro # HF401 Replaces OEM numbers:Honda 15410-422-000Honda 15410-422-004Honda 15410-426-000Honda,1,200,LONG_TITLE_REVIEW; IMAGE_DIMENSIONS; RESPONSIVE_IMAGE; MARKETPLACE_BOILERPLATE; EBAY_SHIPPING_COPY; USED_TEMPLATE_ON_NEW_ITEM
6219,9804 FAS,https://flipandstrip.com/product/6219/kawasaki-oil-filter-ex-500-ninja-vn-1500-750-en500-vulcan-replaces-16097-1064,Kawasaki Oil Filter EX 500 Ninja VN 1500 750 EN500 Vulcan Replaces 16097-1064 | Flip and Strip,94,Kawasaki Oil Filter EX 500 Ninja VN 1500 750 EN500 Vulcan Replaces 16097-1064. New Vesrah. Price: $9.95. Kawasaki Vulcan Oil Filter Vesrah Replaces 16097-1064,158,200,https://flipandstrip.com/product/6219/kawasaki-oil-filter-ex-500-ninja-vn-1500-750-en500-vulcan-replaces-16097-1064,"index, follow",Vesrah,SF-4006,new,MOTORCYCLE > KAWASAKI > KAWASAKI CRUISER,190,Kawasaki Vulcan Oil Filter Vesrah Replaces 16097-1064 Oil Filter Vesrah SF-4006 Replaces # 16097-1064 Fits Kawasaki: EX500 VN1500 VN 750 EN 500 ((( 9804 FAS,5,200,LONG_TITLE_REVIEW; IMAGE_DIMENSIONS; RESPONSIVE_IMAGE; MARKETPLACE_BOILERPLATE; EBAY_SHIPPING_COPY; USED_TEMPLATE_ON_NEW_ITEM
6221,(fw107c tw1),https://flipandstrip.com/product/6221/citizen-c320-watch-case-back-cover-promaster-navisurf,Citizen C320 Watch Case Back Cover Promaster Navisurf | Flip and Strip,70,Citizen C320 Watch Case Back Cover Promaster Navisurf. Pre-owned - Good Citizen. Price: $34.95. Citizen Promaster Navisurf C320 Back Cover. SEE ALL PICTURES,156,200,https://flipandstrip.com/product/6221/citizen-c320-watch-case-back-cover-promaster-navisurf,"index, follow",Citizen,Citizen Promaster,used,WATCHES  / BIKER GIFTS,222,Citizen Promaster Navisurf C320 Back Cover. SEE ALL PICTURES !!! USED - Some signs of use ( Has a few scratches examples shown in pictures ) - SEE ALL PICTURES,6,200,IMAGE_DIMENSIONS; RESPONSIVE_IMAGE; MARKETPLACE_BOILERPLATE; EBAY_SHIPPING_COPY
6223,fw107b tw1,https://flipandstrip.com/product/6223/citizen-c320-watch-case-body-promaster-navisurf,Citizen C320 Watch Case Body Promaster Navisurf | Flip and Strip,64,Citizen C320 Watch Case Body Promaster Navisurf. Pre-owned - Good Citizen. Price: $39.95. USED - Some signs of use ( lens / crystal has a few scratches,151,200,https://flipandstrip.com/product/6223/citizen-c320-watch-case-body-promaster-navisurf,"index, follow",Citizen,Citizen Navisurf C320,used,WATCHES  / BIKER GIFTS,214,USED - Some signs of use ( lens / crystal has a few scratches examples shown in pictures ) - SEE ALL PICTURES !!! Works great !! SEE ALL PICTURES !!! (( NO,10,200,IMAGE_DIMENSIONS; RESPONSIVE_IMAGE; DESCRIPTION_RELEVANCE_REVIEW; MARKETPLACE_BOILERPLATE; EBAY_SHIPPING_COPY
6224,10086 FAS,https://flipandstrip.com/product/6224/suzuki-drz400-foot-peg-bracket-stay-right-05-24-pillon-genuine-oem-43650-29f20,Suzuki DRZ400 Foot Peg Bracket Stay Right 05-24 Pillon Genuine OEM 43650-29F20 | Flip and Strip,95,Suzuki DRZ400 Foot Peg Bracket Stay Right 05-24 Pillon Genuine OEM 43650-29F20. New Suzuki. Price: $58.76. Part number 43650-29F20 is a genuine Suzuki OEM,154,200,https://flipandstrip.com/product/6224/suzuki-drz400-foot-peg-bracket-stay-right-05-24-pillon-genuine-oem-43650-29f20,"index, follow",Suzuki,43650-29F20,new,MOTORCYCLE > SUZUKI > DUAL SPORT / ENDURO,611,Part number 43650-29F20 is a genuine Suzuki OEM Right-Hand (RH) Pillion Bracket. It is the mounting component for the passenger foot peg on the right side,13,200,LONG_TITLE_REVIEW; IMAGE_DIMENSIONS; RESPONSIVE_IMAGE; MARKETPLACE_BOILERPLATE; EBAY_SHIPPING_COPY; USED_TEMPLATE_ON_NEW_ITEM
6225,10087 FAS,https://flipandstrip.com/product/6225/kawasaki-vulcan-vn2000-06-09-fork-lower-triple-cover-chrome-oem-44033-0042,Kawasaki Vulcan VN2000 06-09 Fork Lower Triple Cover Chrome OEM 44033-0042 | Flip and Strip,91,Kawasaki Vulcan VN2000 06-09 Fork Lower Triple Cover Chrome OEM 44033-0042. New Kawasaki. Price: $129.95. The number 44033-0042 is the Kawasaki OEM part number,159,200,https://flipandstrip.com/product/6225/kawasaki-vulcan-vn2000-06-09-fork-lower-triple-cover-chrome-oem-44033-0042,"index, follow",Kawasaki,44033-0042,new,MOTORCYCLE > KAWASAKI > KAWASAKI CRUISER,236,The number 44033-0042 is the Kawasaki OEM part number for a Front Fork Cover. 44033-0042 KAWASAKI 2006 VULCAN 2000 CLASSIC VN2000E6F FRONT FORKkawasaki vulcan,12,200,LONG_TITLE_REVIEW; IMAGE_DIMENSIONS; RESPONSIVE_IMAGE; MARKETPLACE_BOILERPLATE; EBAY_SHIPPING_COPY; USED_TEMPLATE_ON_NEW_ITEM
6226,10089 FAS,https://flipandstrip.com/product/6226/bracket-left-rear-kawasaki-z1000-z750-foot-peg-stay-07-08-oem-35063-0487-11e,Bracket Left Rear Kawasaki Z1000 Z750 Foot Peg Stay 07-08 OEM 35063-0487-11E | Flip and Strip,93,Bracket Left Rear Kawasaki Z1000 Z750 Foot Peg Stay 07-08 OEM 35063-0487-11E. New Kawasaki. Price: $89.95. The part number 35063-0487-11E refers to a Stay,154,200,https://flipandstrip.com/product/6226/bracket-left-rear-kawasaki-z1000-z750-foot-peg-stay-07-08-oem-35063-0487-11e,"index, follow",Kawasaki,35063048711E,new,MOTORCYCLE > KAWASAKI > Z750,231,"The part number 35063-0487-11E refers to a Stay, Rear, Left Hand (F.S. Black) This is a genuine Kawasaki OEM motorcycle part. It is a bracket used for the rear",10,200,LONG_TITLE_REVIEW; IMAGE_DIMENSIONS; RESPONSIVE_IMAGE; MARKETPLACE_BOILERPLATE; EBAY_SHIPPING_COPY; USED_TEMPLATE_ON_NEW_ITEM
6228,10088 FAS,https://flipandstrip.com/product/6228/suzuki-drz400-radiator-cover-05-09-right-yellow-new-genuine-oem-17760-29f70-yu1,Suzuki DRZ400 Radiator Cover 05-09 Right Yellow New Genuine OEM 17760-29F70-YU1 | Flip and Strip,96,Suzuki DRZ400 Radiator Cover 05-09 Right Yellow New Genuine OEM 17760-29F70-YU1. New Suzuki. Price: $125.00. Part number 17760-29F70-YU1 is a genuine Suzuki,156,200,https://flipandstrip.com/product/6228/suzuki-drz400-radiator-cover-05-09-right-yellow-new-genuine-oem-17760-29f70-yu1,"index, follow",Suzuki,17760-29F70-YU1,new,MOTORCYCLE > SUZUKI > DUAL SPORT / ENDURO,189,Part number 17760-29F70-YU1 is a genuine Suzuki Right Hand (RH) Radiator Cover in Yellow. Suzuki DR-Z400E: 2005–2007Suzuki DR-Z400S: 2005–2009Suzuki DR-Z400SM,9,200,LONG_TITLE_REVIEW; IMAGE_DIMENSIONS; RESPONSIVE_IMAGE; MARKETPLACE_BOILERPLATE; EBAY_SHIPPING_COPY; USED_TEMPLATE_ON_NEW_ITEM
6229,10091 FAS,https://flipandstrip.com/product/6229/kawasaki-kx450f-radiator-right-and-cap-kx450-09-genuine-oem-39061-0172-brand-new,Kawasaki KX450F Radiator Right and Cap KX450 09 Genuine OEM 39061-0172 Brand New | Flip and Strip,97,Kawasaki KX450F Radiator Right and Cap KX450 09 Genuine OEM 39061-0172 Brand New. New Kawasaki. Price: $149.95. The number 39061-0172 is the manufacturer part,158,200,https://flipandstrip.com/product/6229/kawasaki-kx450f-radiator-right-and-cap-kx450-09-genuine-oem-39061-0172-brand-new,"index, follow",Kawasaki,390610172,new,DIRT BIKE / MOTOCROSS > KAWASAKI > KX 450,196,The number 39061-0172 is the manufacturer part number for a Kawasaki OEM Right-Hand (RH) Radiator Assembly with Cap and Overflow Hose. Genuine OEM Kawasaki,12,200,LONG_TITLE_REVIEW; IMAGE_DIMENSIONS; RESPONSIVE_IMAGE; MARKETPLACE_BOILERPLATE; EBAY_SHIPPING_COPY; USED_TEMPLATE_ON_NEW_ITEM
6230,10092 FAS,https://flipandstrip.com/product/6230/yamaha-banshee-raptor-yfz450-wheels-rims-atv-rear-9x8-4-11-125-10mm-douglas,Yamaha Banshee Raptor YFZ450 Wheels Rims ATV Rear 9X8 4/11 .125 10MM Douglas | Flip and Strip,93,Yamaha Banshee Raptor YFZ450 Wheels Rims ATV Rear 9X8 4/11 .125 10MM Douglas. New dwt racing. Price: $89.95. A507-04 9X8 3N+5N 4/115 .125 10MM POLISHED Pound,157,200,https://flipandstrip.com/product/6230/yamaha-banshee-raptor-yfz450-wheels-rims-atv-rear-9x8-4-11-125-10mm-douglas,"index, follow",dwt racing,A507-04,new,ATV 4 WHEELER / ATC 3 WHEELER > YAMAHA > YFZ 450,439,"A507-04 9X8 3N+5N 4/115 .125 10MM POLISHED Pound for pound the most durable, economical and lightweight ATV wheel made! This super lightweight 5052 spun",17,200,LONG_TITLE_REVIEW; IMAGE_DIMENSIONS; RESPONSIVE_IMAGE; MARKETPLACE_BOILERPLATE; EBAY_SHIPPING_COPY; USED_TEMPLATE_ON_NEW_ITEM
6233,10095 FAS,https://flipandstrip.com/product/6233/suzuki-fairing-hayabusa-gsxr1300r-nose-cowl-white-blue-genuine-oem-94401-15h11,Suzuki Fairing Hayabusa GSXR1300R Nose Cowl White Blue Genuine OEM 94401-15H11 | Flip and Strip,95,Suzuki Fairing Hayabusa GSXR1300R Nose Cowl White Blue Genuine OEM 94401-15H11. New Suzuki. Price: $877.95. Part number 94401-15H11-YBD is a genuine Suzuki OEM,159,200,https://flipandstrip.com/product/6233/suzuki-fairing-hayabusa-gsxr1300r-nose-cowl-white-blue-genuine-oem-94401-15h11,"index, follow",Suzuki,94401-15H11-YBD,new,MOTORCYCLE > SUZUKI > GSX1300R HAYABUSA,226,Part number 94401-15H11-YBD is a genuine Suzuki OEM Front Upper Nose Fairing / Cowling Assembly Suzuki Genuine PartsSuperseded Part Number: Replaces older part,11,200,LONG_TITLE_REVIEW; IMAGE_DIMENSIONS; RESPONSIVE_IMAGE; MARKETPLACE_BOILERPLATE; EBAY_SHIPPING_COPY; USED_TEMPLATE_ON_NEW_ITEM
6235,10097 FAS,https://flipandstrip.com/product/6235/polaris-oil-tank-left-side-5131785-magnum-sportsman-ranger-scrambler-genuine-oem,Polaris Oil Tank Left Side 5131785 Magnum Sportsman Ranger Scrambler Genuine OEM | Flip and Strip,97,Polaris Oil Tank Left Side 5131785 Magnum Sportsman Ranger Scrambler Genuine OEM. New Polaris. Price: $39.95. 5131785 Polaris Oil Tank Left Side POLARIS 1997,157,200,https://flipandstrip.com/product/6235/polaris-oil-tank-left-side-5131785-magnum-sportsman-ranger-scrambler-genuine-oem,"index, follow",Polaris,5131785,new,ATV 4 WHEELER / ATC 3 WHEELER > POLARIS,795,5131785 Polaris Oil Tank Left Side POLARIS 1997 XPLORER 500 W97CD50A OIL TANKpolaris xplorer 500 w97cd50a — 1997POLARIS 1998 NORWEGIAN BIG BOSS 500 6X6 N,17,200,LONG_TITLE_REVIEW; IMAGE_DIMENSIONS; RESPONSIVE_IMAGE; MARKETPLACE_BOILERPLATE; EBAY_SHIPPING_COPY; USED_TEMPLATE_ON_NEW_ITEM
6236,10098 FAS,https://flipandstrip.com/product/6236/arctic-cat-headlight-assembly-right-xr-xt-atv-sxs-utv-genuine-oem-0509-102-new,Arctic Cat Headlight Assembly Right XR XT ATV SXS UTV Genuine OEM 0509-102 New | Flip and Strip,95,Arctic Cat Headlight Assembly Right XR XT ATV SXS UTV Genuine OEM 0509-102 New. New Arctic Cat. Price: $79.95. NEW Genuine ARCTIC CAT OEM HEADLIGHT RIGHT,153,200,https://flipandstrip.com/product/6236/arctic-cat-headlight-assembly-right-xr-xt-atv-sxs-utv-genuine-oem-0509-102-new,"index, follow",Arctic Cat,0509-102,new,ATV 4 WHEELER / ATC 3 WHEELER > Arctic Cat,1457,NEW Genuine ARCTIC CAT OEM HEADLIGHT RIGHT 0509-102 ARCTIC CAT 2015 2015 ATV XR 550 XT INTERNATIONAL BLUE A2015XCO1POSL FRONT BODY PANEL AND HEADLIGHT,17,200,LONG_TITLE_REVIEW; IMAGE_DIMENSIONS; RESPONSIVE_IMAGE; MARKETPLACE_BOILERPLATE; EBAY_SHIPPING_COPY; USED_TEMPLATE_ON_NEW_ITEM
6237,10099 FAS,https://flipandstrip.com/product/6237/polaris-rzr-center-hood-red-2011-2014-rzr-570-800-900-genuine-oem-5438575-293,Polaris RZR Center Hood Red 2011-2014 rzr 570 800 900 Genuine OEM 5438575-293 | Flip and Strip,94,Polaris RZR Center Hood Red 2011-2014 rzr 570 800 900 Genuine OEM 5438575-293. New Polaris. Price: $249.95. Polaris 5438575-293 >>> This is a new genuine,153,200,https://flipandstrip.com/product/6237/polaris-rzr-center-hood-red-2011-2014-rzr-570-800-900-genuine-oem-5438575-293,"index, follow",Polaris,5438575-293,new,SIDE by SIDE / SXS /UTV > POLARIS,703,"Polaris 5438575-293 >>> This is a new genuine Polaris part. It DOES have some slight scratches "" examples shown in pictures"" SEE ALL PICTURES!!! price reflects",12,200,LONG_TITLE_REVIEW; IMAGE_DIMENSIONS; RESPONSIVE_IMAGE; MARKETPLACE_BOILERPLATE; EBAY_SHIPPING_COPY; USED_TEMPLATE_ON_NEW_ITEM
6238,10100 FAS,https://flipandstrip.com/product/6238/suzuki-gsxr1000-fairing-left-side-cover-panel-blue-genuine-oem-94440-47h00-ysf,Suzuki GSXR1000 Fairing Left Side Cover Panel Blue Genuine OEM 94440-47H00-YSF | Flip and Strip,95,"Suzuki GSXR1000 Fairing Left Side Cover Panel Blue Genuine OEM 94440-47H00-YSF. New Suzuki. Price: $199.95. Brand NEW Suzuki OEM Genuine factory COWLING, SIDE",158,200,https://flipandstrip.com/product/6238/suzuki-gsxr1000-fairing-left-side-cover-panel-blue-genuine-oem-94440-47h00-ysf,"index, follow",Suzuki,9444047H00YSF,new,MOTORCYCLE > SUZUKI > GSXR 1000,200,"Brand NEW Suzuki OEM Genuine factory COWLING, SIDE LH (BLUE) 94440-47H00-YSF Cowling, Side LH (Left Hand) 2009–2010 Suzuki GSX-R1000 (specifically the K9 and L",14,200,LONG_TITLE_REVIEW; IMAGE_DIMENSIONS; RESPONSIVE_IMAGE; MARKETPLACE_BOILERPLATE; EBAY_SHIPPING_COPY; USED_TEMPLATE_ON_NEW_ITEM
6240,10102 FAS,https://flipandstrip.com/product/6240/kawasaki-vn1600-vulcan-rear-brake-line-hose-steel-braided-05-06-07-08-galfer,Kawasaki VN1600 Vulcan Rear Brake Line Hose Steel Braided 05 06 07 08 Galfer | Flip and Strip,93,Kawasaki VN1600 Vulcan Rear Brake Line Hose Steel Braided 05 06 07 08 Galfer. New Galfer Brakes. Price: $59.95. Kawasaki Vulcan 1600 Nomad (2005–2008) and K,156,200,https://flipandstrip.com/product/6240/kawasaki-vn1600-vulcan-rear-brake-line-hose-steel-braided-05-06-07-08-galfer,"index, follow",Galfer Brakes,FK003D487R,new,MOTORCYCLE > KAWASAKI > KAWASAKI CRUISER,251,Kawasaki Vulcan 1600 Nomad (2005–2008) and Kawasaki Vulcan 1600 Classic (2006–2008) 64 strand Stainless Steel outer braidPTFE DuPont Teflon inner coreStrongest,7,200,LONG_TITLE_REVIEW; IMAGE_DIMENSIONS; RESPONSIVE_IMAGE; MARKETPLACE_BOILERPLATE; EBAY_SHIPPING_COPY; USED_TEMPLATE_ON_NEW_ITEM
6243,10104 FAS,https://flipandstrip.com/product/6243/valve-exhaust-yamaha-yxz1000r-kibblewhite-26m-std-black-diamond-stainless-racing,Valve Exhaust Yamaha YXZ1000R Kibblewhite 26m STD Black Diamond Stainless Racing | Flip and Strip,97,Valve Exhaust Yamaha YXZ1000R Kibblewhite 26m STD Black Diamond Stainless Racing. New Kibblewhite Precision. Price: $33.33. WE HAVE THE MATCHING INTAKE VALVES,158,200,https://flipandstrip.com/product/6243/valve-exhaust-yamaha-yxz1000r-kibblewhite-26m-std-black-diamond-stainless-racing,"index, follow",Kibblewhite Precision,8GL-12111-10-00,new,SIDE by SIDE / SXS /UTV > YAMAHA,357,WE HAVE THE MATCHING INTAKE VALVES . SEE OUR OTHER ITEM LISTINGS IN THIS STORE. High perfomance replacement for Yamaha part number 8GL-12121-10-00 Kibblewhite,10,200,LONG_TITLE_REVIEW; IMAGE_DIMENSIONS; RESPONSIVE_IMAGE; DESCRIPTION_RELEVANCE_REVIEW; MARKETPLACE_BOILERPLATE; EBAY_SHIPPING_COPY; USED_TEMPLATE_ON_NEW_ITEM
6244,10103 FAS,https://flipandstrip.com/product/6244/chain-ek-525-zvx3-120-link-bmw-suzuki-ktm-yamaha-kawasaki-honda-more-motorcycle,Chain EK 525 ZVX3 120 Link BMW Suzuki KTM Yamaha Kawasaki Honda More Motorcycle | Flip and Strip,96,Chain EK 525 ZVX3 120 Link BMW Suzuki KTM Yamaha Kawasaki Honda More Motorcycle. New EK Chain. Price: $124.95. EK 525ZVX3 120 LINK 99-85EN EK Chain 525 ZVX3,156,200,https://flipandstrip.com/product/6244/chain-ek-525-zvx3-120-link-bmw-suzuki-ktm-yamaha-kawasaki-honda-more-motorcycle,"index, follow",EK Chain,99-85en,new,MOTORCYCLE > MOTORCYCLE UNIVERSAL ITEMS,288,"EK 525ZVX3 120 LINK 99-85EN EK Chain 525 ZVX3 120 Link ChainRoll with style using the EK Chain 525 ZVX3 Chain, a high-performance 150-link chain for 1980-2025",10,200,LONG_TITLE_REVIEW; IMAGE_DIMENSIONS; RESPONSIVE_IMAGE; MARKETPLACE_BOILERPLATE; EBAY_SHIPPING_COPY; USED_TEMPLATE_ON_NEW_ITEM
6245,10108 FAS,https://flipandstrip.com/product/6245/propeller-14-4-x-20-3-blade-stainless-19-spline-rh-bravo-3-prop-48-8m8022370,Propeller 14.4 X 20 3 Blade Stainless 19 Spline RH Bravo 3 Prop 48-8M8022370 | Flip and Strip,93,Propeller 14.4 X 20 3 Blade Stainless 19 Spline RH Bravo 3 Prop 48-8M8022370. New Mercury. Price: $499.95. The product is a Mercury 14.4 x 20 3-blade stainless,159,200,https://flipandstrip.com/product/6245/propeller-14-4-x-20-3-blade-stainless-19-spline-rh-bravo-3-prop-48-8m8022370,"index, follow",Mercury,8M8022370,new,MARINE / BOAT PARTS > BOAT MARINE,249,The product is a Mercury 14.4 x 20 3-blade stainless propeller with a 19 spline right-hand rotation. This propeller is specifically engineered for high,11,200,LONG_TITLE_REVIEW; IMAGE_DIMENSIONS; RESPONSIVE_IMAGE; MARKETPLACE_BOILERPLATE; EBAY_SHIPPING_COPY; USED_TEMPLATE_ON_NEW_ITEM
6249,10113 FAS,https://flipandstrip.com/product/6249/radiator-kawasaki-kx450f-kx450r-right-2016-2023-moose-racing-1901-0898,Radiator Kawasaki KX450F KX450R Right 2016-2023 Moose Racing 1901-0898 | Flip and Strip,87,Radiator Kawasaki KX450F KX450R Right 2016-2023 Moose Racing 1901-0898. New Moose Racing. Price: $123.45. RADIATOR KAW KX450 RIGHTPart: 1901-0898 Compatible,156,200,https://flipandstrip.com/product/6249/radiator-kawasaki-kx450f-kx450r-right-2016-2023-moose-racing-1901-0898,"index, follow",Moose Racing,1901-0898,new,DIRT BIKE / MOTOCROSS > KAWASAKI > KX 450,206,RADIATOR KAW KX450 RIGHTPart: 1901-0898 Compatible with Moose Racing radiator guards and radiator bracesEconomical alternative to the original radiatorEasy,6,200,LONG_TITLE_REVIEW; IMAGE_DIMENSIONS; RESPONSIVE_IMAGE; MARKETPLACE_BOILERPLATE; EBAY_SHIPPING_COPY; USED_TEMPLATE_ON_NEW_ITEM
6251,10114 FAS,https://flipandstrip.com/product/6251/raceline-wheels-a7727011-52-mamba-12x7-4-110-5-2-10mm-blk-machined-570-1501,RACELINE WHEELS A7727011-52 MAMBA 12X7 4/110 5 +2 (+10mm) BLK/MACHINED 570-1501 | Flip and Strip,96,RACELINE WHEELS A7727011-52 MAMBA 12X7 4/110 5 +2 (+10mm) BLK/MACHINED 570-1501. New other (see details) Raceline. Price: $98.76. RACELINE WHEELS MAMBA,151,200,https://flipandstrip.com/product/6251/raceline-wheels-a7727011-52-mamba-12x7-4-110-5-2-10mm-blk-machined-570-1501,"index, follow",Raceline,A7727011-52,used,SIDE by SIDE / SXS /UTV > Side by SIde / UTV Accessories,1077,"RACELINE WHEELS MAMBA A7727011-52 One of the first Raceline UTV designs, and taking cues from our Mamba HD for trucks, the Mamba UTV continues as one of our",8,200,LONG_TITLE_REVIEW; IMAGE_DIMENSIONS; RESPONSIVE_IMAGE; MARKETPLACE_BOILERPLATE; EBAY_SHIPPING_COPY
6253,10116 FAS,https://flipandstrip.com/product/6253/suzuki-rmz-450-250-kickstand-psr-adjustable-off-road-forged-aluminum-581-54501,Suzuki RMZ 450 250 Kickstand PSR Adjustable Off Road Forged Aluminum 581-54501 | Flip and Strip,95,Suzuki RMZ 450 250 Kickstand PSR Adjustable Off Road Forged Aluminum 581-54501. New Powerstands Racing. Price: $169.95. PSR ADJUSTABLE OFF-ROAD KICKSTANDPart,157,200,https://flipandstrip.com/product/6253/suzuki-rmz-450-250-kickstand-psr-adjustable-off-road-forged-aluminum-581-54501,"index, follow",Powerstands Racing,581-54501,new,DIRT BIKE / MOTOCROSS > SUZUKI > RMZ250,244,PSR ADJUSTABLE OFF-ROAD KICKSTANDPart #: 581-54501 Features:A must addition for off-road ridersEncased heavy duty springForged aluminum for lightweight and,5,200,LONG_TITLE_REVIEW; IMAGE_DIMENSIONS; RESPONSIVE_IMAGE; MARKETPLACE_BOILERPLATE; EBAY_SHIPPING_COPY; USED_TEMPLATE_ON_NEW_ITEM
6254,10117 FAS,https://flipandstrip.com/product/6254/cv-axle-half-shaft-drive-front-arctic-cat-250-300-400-atv-quad-05-rplce-0502-539,CV Axle Half Shaft Drive Front Arctic Cat 250 300 400 ATV Quad 05 RPLCE 0502-539 | Flip and Strip,97,CV Axle Half Shaft Drive Front Arctic Cat 250 300 400 ATV Quad 05 RPLCE 0502-539. New Open Trail. Price: $79.95. OPEN TRAIL OE 2.0 FRONT AXLE SPLINE 21/26 PART,159,200,https://flipandstrip.com/product/6254/cv-axle-half-shaft-drive-front-arctic-cat-250-300-400-atv-quad-05-rplce-0502-539,"index, follow",Open Trail,500-017007,new,SIDE by SIDE / SXS /UTV > Side by SIde / UTV Accessories,245,OPEN TRAIL OE 2.0 FRONT AXLE SPLINE 21/26 PART #: ARC-7007 HEAVY DUTY REPLACEMENT FOR ARCTIC CAT 0502-539 Chrome steel solid center shaftUp to 20% stronger,7,200,LONG_TITLE_REVIEW; IMAGE_DIMENSIONS; RESPONSIVE_IMAGE; MARKETPLACE_BOILERPLATE; EBAY_SHIPPING_COPY; USED_TEMPLATE_ON_NEW_ITEM
6256,10118 FAS,https://flipandstrip.com/product/6256/polaris-rzr-800-cv-axle-drive-half-shaft-rear-trail-hd-2-0-high-performance,Polaris RZR 800 CV Axle Drive Half Shaft Rear Trail HD 2.0 High Performance | Flip and Strip,92,Polaris RZR 800 CV Axle Drive Half Shaft Rear Trail HD 2.0 High Performance. New Open Trail. Price: $79.95. Open Trail HD 2.0 Axle Rear Polar RZR 800POL-6031HD,159,200,https://flipandstrip.com/product/6256/polaris-rzr-800-cv-axle-drive-half-shaft-rear-trail-hd-2-0-high-performance,"index, follow",Open Trail,501-096031,new,SIDE by SIDE / SXS /UTV > POLARIS,256,Open Trail HD 2.0 Axle Rear Polar RZR 800POL-6031HD HEAVY DUTY Replaces Polaris Part Number 1332883 and others. Chromoly steel solid steel shaftGreater,7,200,LONG_TITLE_REVIEW; IMAGE_DIMENSIONS; RESPONSIVE_IMAGE; MARKETPLACE_BOILERPLATE; EBAY_SHIPPING_COPY; USED_TEMPLATE_ON_NEW_ITEM
6257,10120 FAS,https://flipandstrip.com/product/6257/honda-trx420-500-rear-cv-axle-drive-half-shaft-2015-19-fourtrax-rubicon-foreman,Honda TRX420 500 Rear CV Axle Drive Half Shaft 2015-19 Fourtrax Rubicon Foreman | Flip and Strip,96,Honda TRX420 500 Rear CV Axle Drive Half Shaft 2015-19 Fourtrax Rubicon Foreman. New other (see details) ALL BALLS. Price: $59.95. All Balls 8 Ball Extreme,155,200,https://flipandstrip.com/product/6257/honda-trx420-500-rear-cv-axle-drive-half-shaft-2015-19-fourtrax-rubicon-foreman,"index, follow",ALL BALLS,0214-1526,used,ATV 4 WHEELER / ATC 3 WHEELER > HONDA > HONDA ATV,271,"All Balls 8 Ball Extreme Duty Rear Axle Honda TRX420 TRX5000214-1526 Replaces Honda part number 42250-HR6-A61 Axle is 20% stronger than OEM, 50% stronger than",5,200,LONG_TITLE_REVIEW; IMAGE_DIMENSIONS; RESPONSIVE_IMAGE; MARKETPLACE_BOILERPLATE; EBAY_SHIPPING_COPY
6258,10121 FAS,https://flipandstrip.com/product/6258/cv-axle-front-polaris-rzr-sportsman-scrambler-utv-sxs-drive-halfshaft-1332637,CV Axle Front Polaris RZR Sportsman Scrambler UTV SXS Drive Halfshaft 1332637 | Flip and Strip,94,CV Axle Front Polaris RZR Sportsman Scrambler UTV SXS Drive Halfshaft 1332637. New Demon. Price: $76.54. Demon Motorsports Heavy Duty Axle 0214-1327 Replaces,157,200,https://flipandstrip.com/product/6258/cv-axle-front-polaris-rzr-sportsman-scrambler-utv-sxs-drive-halfshaft-1332637,"index, follow",Demon,"0214-1327, PAXL-6029HD",new,SIDE by SIDE / SXS /UTV > POLARIS,568,Demon Motorsports Heavy Duty Axle 0214-1327 Replaces Polaris part number 1332637 and others. Wide articulation angles and dual plunge design prevents the axle,5,200,LONG_TITLE_REVIEW; IMAGE_DIMENSIONS; RESPONSIVE_IMAGE; MARKETPLACE_BOILERPLATE; EBAY_SHIPPING_COPY; USED_TEMPLATE_ON_NEW_ITEM
6260,10124 FAS,https://flipandstrip.com/product/6260/yamaha-grizzly-kodiak-viking-cylinder-works-standard-bore-cylinder-top-end-kit,Yamaha Grizzly Kodiak Viking Cylinder Works Standard Bore Cylinder Top End Kit | Flip and Strip,95,Yamaha Grizzly Kodiak Viking Cylinder Works Standard Bore Cylinder Top End Kit. New Yamaha. Price: $589.95. DescriptionCylinder Works Standard Bore Cylinder,156,200,https://flipandstrip.com/product/6260/yamaha-grizzly-kodiak-viking-cylinder-works-standard-bore-cylinder-top-end-kit,"index, follow",Yamaha,20104-K02,new,ATV 4 WHEELER / ATC 3 WHEELER > YAMAHA > YAMAHA,418,DescriptionCylinder Works Standard Bore Cylinder Kit Uses Vertex #23965Compression Ratio10.1:1Cylinder Diameter102 mmCylinder Kit TypeStandard,13,200,LONG_TITLE_REVIEW; IMAGE_DIMENSIONS; RESPONSIVE_IMAGE; MARKETPLACE_BOILERPLATE; EBAY_SHIPPING_COPY; USED_TEMPLATE_ON_NEW_ITEM
6261,10125 FAS,https://flipandstrip.com/product/6261/shock-springs-kawasaki-kvf750-and-polaris-ranger-xp1000-high-lifter-sprpf1000r-s,Shock Springs Kawasaki KVF750 and Polaris Ranger XP1000 High Lifter SPRPF1000R-S | Flip and Strip,97,Shock Springs Kawasaki KVF750 and Polaris Ranger XP1000 High Lifter SPRPF1000R-S. New other (see details) High Lifter. Price: $204.95,133,200,https://flipandstrip.com/product/6261/shock-springs-kawasaki-kvf750-and-polaris-ranger-xp1000-high-lifter-sprpf1000r-s,"index, follow",High Lifter,SPRPF1000R-S,used,ATV 4 WHEELER / ATC 3 WHEELER > KAWASAKI > KAWASAKI,309,99-7V4V-HIGHLIFTE-SPRPF1000R-S Higher-capacity replacement springs for stock shock absorbers. Engineered to provide about 100 lbs. of additional capacity (per,4,200,LONG_TITLE_REVIEW; IMAGE_DIMENSIONS; RESPONSIVE_IMAGE; MARKETPLACE_BOILERPLATE; EBAY_SHIPPING_COPY
6262,10126 FAS,https://flipandstrip.com/product/6262/honda-grom-msx125-2016-ohlins-shock-absorber-rear-adjustable-1310-1762-ho-611,Honda Grom MSX125 2016 Ohlins Shock Absorber Rear Adjustable 1310-1762 HO 611 | Flip and Strip,94,Honda Grom MSX125 2016 Ohlins Shock Absorber Rear Adjustable 1310-1762 HO 611. New Ohlins. Price: $624.95. Honda MSX125-2016 Ohlins Shock Absorber 1310-1762,156,200,https://flipandstrip.com/product/6262/honda-grom-msx125-2016-ohlins-shock-absorber-rear-adjustable-1310-1762-ho-611,"index, follow",Ohlins,HO 611,new,MOTORCYCLE > HONDA > HONDA SPORT BIKE,239,Honda MSX125-2016 Ohlins Shock Absorber 1310-1762 Grom HO 611 Adjustable Rebound and Compression dampingMonotube Shock with External Piggyback ReservoirHigh,8,200,LONG_TITLE_REVIEW; IMAGE_DIMENSIONS; RESPONSIVE_IMAGE; MARKETPLACE_BOILERPLATE; EBAY_SHIPPING_COPY; USED_TEMPLATE_ON_NEW_ITEM
6263,10127 FAS,https://flipandstrip.com/product/6263/harley-davidson-2018-softail-fat-bob-vance-and-hines-exhaust-slip-on-mufflers,Harley Davidson 2018 Softail Fat Bob Vance and Hines Exhaust Slip On Mufflers | Flip and Strip,94,Harley Davidson 2018 Softail Fat Bob Vance and Hines Exhaust Slip On Mufflers. New other (see details) Vance & Hines. Price: $574.95. Vance and Hines 2018,154,200,https://flipandstrip.com/product/6263/harley-davidson-2018-softail-fat-bob-vance-and-hines-exhaust-slip-on-mufflers,"index, follow",Vance & Hines,46547-46447,used,MOTORCYCLE > HARLEY DAVIDSON > HARLEY CUSTOM / PERFORMANCE,254,Vance and Hines 2018 Harley Davidson Softtail Fat Bob Hi Output Slip onsPart #: 46547-46447 Vance and Hines 46547 Hi Output Black Slip On Mufflers will give,4,200,LONG_TITLE_REVIEW; IMAGE_DIMENSIONS; RESPONSIVE_IMAGE; MARKETPLACE_BOILERPLATE; EBAY_SHIPPING_COPY
6264,10129 FAS,https://flipandstrip.com/product/6264/yamaha-yz125-yz250-02-04-trail-tech-kickstand-5201-00,Yamaha YZ125 YZ250 02-04 Trail Tech Kickstand 5201-00 | Flip and Strip,70,Yamaha YZ125 YZ250 02-04 Trail Tech Kickstand 5201-00. New Trail Tech. Price: $164.95. Yamaha YZ125 YZ250 02-04 Trail Tech Kickstand 5201-00 Custom designed,156,200,https://flipandstrip.com/product/6264/yamaha-yz125-yz250-02-04-trail-tech-kickstand-5201-00,"index, follow",Trail Tech,5201-00,new,DIRT BIKE / MOTOCROSS > YAMAHA > YZ125,227,"Yamaha YZ125 YZ250 02-04 Trail Tech Kickstand 5201-00 Custom designed, strong, lightweight and attractiveUltra-high-strength chromoly mounting",4,200,IMAGE_DIMENSIONS; RESPONSIVE_IMAGE; MARKETPLACE_BOILERPLATE; EBAY_SHIPPING_COPY; USED_TEMPLATE_ON_NEW_ITEM
6266,10133 FAS,https://flipandstrip.com/product/6266/honda-cbr-1000-rr-2004-2007-bmc-race-air-filter-fm374-16race,Honda CBR 1000 RR 2004-2007 BMC Race Air Filter FM374-16RACE | Flip and Strip,77,Honda CBR 1000 RR 2004-2007 BMC Race Air Filter FM374-16RACE. New other (see details) BMC Air Filter. Price: $119.95. Honda CBR 1000 RR BMC Race Air Filter,155,200,https://flipandstrip.com/product/6266/honda-cbr-1000-rr-2004-2007-bmc-race-air-filter-fm374-16race,"index, follow",BMC Air Filter,FM374-16RACE,used,MOTORCYCLE > HONDA > CBR 1000 RR,353,"Honda CBR 1000 RR BMC Race Air Filter FM374-16RACE The cylindrical air filter is commonly referred to as ""replacement air filter"". It is installed in the",7,200,LONG_TITLE_REVIEW; IMAGE_DIMENSIONS; RESPONSIVE_IMAGE; MARKETPLACE_BOILERPLATE; EBAY_SHIPPING_COPY
6267,10130 FAS,https://flipandstrip.com/product/6267/polaris-sportsman-550-850-big-gun-exhaust-eco-system-slip-on-muffler-07-1292,Polaris Sportsman 550 850 Big Gun Exhaust Eco System Slip On Muffler 07-1292 | Flip and Strip,93,Polaris Sportsman 550 850 Big Gun Exhaust Eco System Slip On Muffler 07-1292. New other (see details) Big Gun Exhaust. Price: $249.95. Polaris Sportsman 550,156,200,https://flipandstrip.com/product/6267/polaris-sportsman-550-850-big-gun-exhaust-eco-system-slip-on-muffler-07-1292,"index, follow",Big Gun Exhaust,07-1292,used,ATV 4 WHEELER / ATC 3 WHEELER > POLARIS,368,Polaris Sportsman 550 850 Big Gun Exhaust Eco System Slip on Muffler 07-1292 ECO series is for the price-conscious rider that wants to get every ounce of power,5,200,LONG_TITLE_REVIEW; IMAGE_DIMENSIONS; RESPONSIVE_IMAGE; MARKETPLACE_BOILERPLATE; EBAY_SHIPPING_COPY
6268,10132 FAS,https://flipandstrip.com/product/6268/honda-grom-125-2017-2020-competition-werkes-fender-eliminator-kit-1h126,Honda Grom 125 2017-2020 Competition Werkes Fender Eliminator Kit 1H126 | Flip and Strip,88,Honda Grom 125 2017-2020 Competition Werkes Fender Eliminator Kit 1H126. New other (see details) Competition Werkes. Price: $109.95. Honda Grom 125 Competition,159,200,https://flipandstrip.com/product/6268/honda-grom-125-2017-2020-competition-werkes-fender-eliminator-kit-1h126,"index, follow",Competition Werkes,1H126,used,MOTORCYCLE > HONDA > HONDA SPORT BIKE,227,Honda Grom 125 Competition Werkes Fender Eliminator Kit1H126 Eliminate the rear fender to give your bike a cleaner race-style lookMade from CNC laser-cut 304,9,200,LONG_TITLE_REVIEW; IMAGE_DIMENSIONS; RESPONSIVE_IMAGE; MARKETPLACE_BOILERPLATE; EBAY_SHIPPING_COPY
6269,10131 FAS,https://flipandstrip.com/product/6269/handlebar-harley-davidson-sportster-and-glide-burly-1-in-chrome-scrambler-bars,Handlebar Harley Davidson Sportster and Glide Burly 1 in Chrome Scrambler Bars | Flip and Strip,95,Handlebar Harley Davidson Sportster and Glide Burly 1 in Chrome Scrambler Bars. New other (see details) Burly Brand. Price: $174.95. Harley Davidson Burly,154,200,https://flipandstrip.com/product/6269/handlebar-harley-davidson-sportster-and-glide-burly-1-in-chrome-scrambler-bars,"index, follow",Burly Brand,B12-6020C,used,MOTORCYCLE > HARLEY DAVIDSON > HARLEY DAVIDSON,638,Harley Davidson Burly Brand 1 Inch Scrambler HandlebarB12-6020C Turns an asphalt-bound bike into a road terror that's still comfortableProvides just enough,5,200,LONG_TITLE_REVIEW; IMAGE_DIMENSIONS; RESPONSIVE_IMAGE; MARKETPLACE_BOILERPLATE; EBAY_SHIPPING_COPY
6270,10135 FAS,https://flipandstrip.com/product/6270/honda-cb650sc-nighthawk-650-battery-side-cover-left-black-83-84-genuine-oem-new,Honda CB650SC Nighthawk 650 Battery Side Cover Left Black 83 84 Genuine OEM NEW | Flip and Strip,96,Honda CB650SC Nighthawk 650 Battery Side Cover Left Black 83 84 Genuine OEM NEW. New Honda. Price: $98.76. 837A1-ME5-770ZAGenuine Honda OEM Left Side Cover,155,200,https://flipandstrip.com/product/6270/honda-cb650sc-nighthawk-650-battery-side-cover-left-black-83-84-genuine-oem-new,"index, follow",Honda,2571-158-15,new,MOTORCYCLE > HONDA > CB 650 SC / NIGHTHAWK,194,837A1-ME5-770ZAGenuine Honda OEM Left Side Cover (also known as the battery or electrical cover) for 1983 and 1984 Honda CB650SC Nighthawk 650 motorcycles,16,200,LONG_TITLE_REVIEW; IMAGE_DIMENSIONS; RESPONSIVE_IMAGE; MARKETPLACE_BOILERPLATE; EBAY_SHIPPING_COPY; USED_TEMPLATE_ON_NEW_ITEM
6271,10134 FAS,https://flipandstrip.com/product/6271/yamaha-wr450f-yz450f-yz450fx-04-23-barnett-clutch-outer-basket-racing,Yamaha WR450F YZ450F YZ450FX 04-23 Barnett Clutch Outer Basket Racing | Flip and Strip,86,Yamaha WR450F YZ450F YZ450FX 04-23 Barnett Clutch Outer Basket Racing. New Barnett. Price: $198.76. 321-90-01013BILLET CLUTCH BASKET 911236 201103 Strong,153,200,https://flipandstrip.com/product/6271/yamaha-wr450f-yz450f-yz450fx-04-23-barnett-clutch-outer-basket-racing,"index, follow",Barnett,2571-158-15,new,DIRT BIKE / MOTOCROSS > YAMAHA > WR450F,225,321-90-01013BILLET CLUTCH BASKET 911236 201103 Strong Materials: CNC-machined from 2024 T-3 billet aluminum. Longer Life: Features stainless steel wear inserts,18,200,LONG_TITLE_REVIEW; IMAGE_DIMENSIONS; RESPONSIVE_IMAGE; DESCRIPTION_RELEVANCE_REVIEW; MARKETPLACE_BOILERPLATE; EBAY_SHIPPING_COPY; USED_TEMPLATE_ON_NEW_ITEM
6272,10141 FAS,https://flipandstrip.com/product/6272/socks-alpinestars-mx-plus-1-off-road-dirt-bike-motocross-medium-4701820,Socks Alpinestars MX Plus-1 Off Road Dirt Bike Motocross Medium 4701820 | Flip and Strip,88,Socks Alpinestars MX Plus-1 Off Road Dirt Bike Motocross Medium 4701820. New with box Alpinestars. Price: $14.95. 4701820 MEDIUM Alpinestars MX Plus-1 Socks,156,200,https://flipandstrip.com/product/6272/socks-alpinestars-mx-plus-1-off-road-dirt-bike-motocross-medium-4701820,"index, follow",Alpinestars,4701820,used,APPAREL BIKERS RIDERS,233,4701820 MEDIUM Alpinestars MX Plus-1 Socks. These are knee-length off-road riding socks designed to be worn with Alpinestars motorcycle and motocross boots,8,200,LONG_TITLE_REVIEW; IMAGE_DIMENSIONS; RESPONSIVE_IMAGE; MARKETPLACE_BOILERPLATE; EBAY_SHIPPING_COPY
6274,10142 FAS,https://flipandstrip.com/product/6274/suzuki-rm250-piston-kit-03-12-rings-wrist-pin-clips-gaskets-wiseco-66-34-mm,Suzuki RM250 Piston Kit 03-12 Rings Wrist Pin Clips Gaskets Wiseco 66.34 mm | Flip and Strip,92,Suzuki RM250 Piston Kit 03-12 Rings Wrist Pin Clips Gaskets Wiseco 66.34 mm. New Wiseco. Price: $189.95. 823M06640 03-12 RM 250 Wiseco’s Pro-Lite is the forged,159,200,https://flipandstrip.com/product/6274/suzuki-rm250-piston-kit-03-12-rings-wrist-pin-clips-gaskets-wiseco-66-34-mm,"index, follow",Wiseco,823M06640,new,DIRT BIKE / MOTOCROSS > SUZUKI > RM 250,310,823M06640 03-12 RM 250 Wiseco’s Pro-Lite is the forged 2-stroke piston that started it all! Wiseco Pro-Lite forged 2-stroke pistons are the result of decades o,19,200,LONG_TITLE_REVIEW; IMAGE_DIMENSIONS; RESPONSIVE_IMAGE; DESCRIPTION_RELEVANCE_REVIEW; MARKETPLACE_BOILERPLATE; EBAY_SHIPPING_COPY; USED_TEMPLATE_ON_NEW_ITEM
6275,10122 FAS,https://flipandstrip.com/product/6275/yamaha-rhino-700-fi-cv-axle-half-shaft-drive-rear-right-all-balls-extreme-duty,Yamaha Rhino 700 FI CV Axle Half Shaft Drive Rear Right ALL Balls Extreme Duty | Flip and Strip,95,Yamaha Rhino 700 FI CV Axle Half Shaft Drive Rear Right ALL Balls Extreme Duty. New ALL BALLS. Price: $115.00. Replaces Yamaha Part Number 5B4-F53B0-00-00,154,200,https://flipandstrip.com/product/6275/yamaha-rhino-700-fi-cv-axle-half-shaft-drive-rear-right-all-balls-extreme-duty,"index, follow",ALL BALLS,0214-1471,new,SIDE by SIDE / SXS /UTV > YAMAHA,280,Replaces Yamaha Part Number 5B4-F53B0-00-00 Yamaha Rhino 700 FI ALL Balls Extreme duty rear right axle 0214-1471 2008–2013 Yamaha Rhino 700 FI including Auto 4,4,200,LONG_TITLE_REVIEW; IMAGE_DIMENSIONS; RESPONSIVE_IMAGE; MARKETPLACE_BOILERPLATE; EBAY_SHIPPING_COPY; USED_TEMPLATE_ON_NEW_ITEM
6276,10139 FAS,https://flipandstrip.com/product/6276/harley-davidson-fxr-1983-2000-saddlemen-profiler-seat-black-smooth-8785fj,Harley Davidson FXR 1983-2000 Saddlemen Profiler Seat Black Smooth 8785FJ | Flip and Strip,90,Harley Davidson FXR 1983-2000 Saddlemen Profiler Seat Black Smooth 8785FJ. New Saddlemen. Price: $299.95. Harley Davidson FXR 1983-2000 Saddlemen Profiler Seat,159,200,https://flipandstrip.com/product/6276/harley-davidson-fxr-1983-2000-saddlemen-profiler-seat-black-smooth-8785fj,"index, follow",Saddlemen,8785FJ,new,MOTORCYCLE > HARLEY DAVIDSON > HARLEY CUSTOM / PERFORMANCE,278,"Harley Davidson FXR 1983-2000 Saddlemen Profiler Seat Black Smooth8785FJ Supple SaddleHyde offers a combination of comfort, glove-soft leathery feel and",4,200,LONG_TITLE_REVIEW; IMAGE_DIMENSIONS; RESPONSIVE_IMAGE; MARKETPLACE_BOILERPLATE; EBAY_SHIPPING_COPY; USED_TEMPLATE_ON_NEW_ITEM
6277,10136 FAS,https://flipandstrip.com/product/6277/harley-davidson-fl-touring-magnum-shielding-lower-brake-dual-disc-kit-1741-3241,Harley Davidson FL Touring Magnum Shielding Lower Brake Dual Disc Kit 1741-3241 | Flip and Strip,96,Harley Davidson FL Touring Magnum Shielding Lower Brake Dual Disc Kit 1741-3241. New Magnum. Price: $144.95. Harley Davidson FLHR FLHT FLTR Magnum Shielding,156,200,https://flipandstrip.com/product/6277/harley-davidson-fl-touring-magnum-shielding-lower-brake-dual-disc-kit-1741-3241,"index, follow",Magnum,1741-3241,new,MOTORCYCLE > HARLEY DAVIDSON > HARLEY DAVIDSON,304,Harley Davidson FLHR FLHT FLTR Magnum Shielding Lower Brake Dual Disc Kit 1741-3241 If replacing the stock lower brake line assembly on '18+ dual disc,5,200,LONG_TITLE_REVIEW; IMAGE_DIMENSIONS; RESPONSIVE_IMAGE; MARKETPLACE_BOILERPLATE; EBAY_SHIPPING_COPY; USED_TEMPLATE_ON_NEW_ITEM
6278,10138 FAS,https://flipandstrip.com/product/6278/harley-davidson-fxbrs-breakout-114-18-20-mustang-std-touring-seat-75031,Harley Davidson FXBRS Breakout 114 18-20 Mustang STD Touring Seat 75031 | Flip and Strip,88,Harley Davidson FXBRS Breakout 114 18-20 Mustang STD Touring Seat 75031. New Mustang. Price: $389.95. Harley Davidson FXBRS Breakout 114 18/20 Mustang STD,154,200,https://flipandstrip.com/product/6278/harley-davidson-fxbrs-breakout-114-18-20-mustang-std-touring-seat-75031,"index, follow",Mustang,75031,new,MOTORCYCLE > HARLEY DAVIDSON > HARLEY CUSTOM / PERFORMANCE,238,Harley Davidson FXBRS Breakout 114 18/20 Mustang STD Touring Seat75031 High-quality expanded vinyl cover combines the appearance of leather with the durability,5,200,LONG_TITLE_REVIEW; IMAGE_DIMENSIONS; RESPONSIVE_IMAGE; MARKETPLACE_BOILERPLATE; EBAY_SHIPPING_COPY; USED_TEMPLATE_ON_NEW_ITEM
6281,10144 FAS,https://flipandstrip.com/product/6281/honda-t-shirt-red-factory-effex-kids-youth-size-large-new-with-tags-atv-mx-rider,Honda T-Shirt Red Factory Effex Kids Youth Size Large NEW with tags ATV MX Rider | Flip and Strip,97,Honda T-Shirt Red Factory Effex Kids Youth Size Large NEW with tags ATV MX Rider. New with tags Factory Effex. Price: $14.95. 21-83334 Factory Effex Honda,154,200,https://flipandstrip.com/product/6281/honda-t-shirt-red-factory-effex-kids-youth-size-large-new-with-tags-atv-mx-rider,"index, follow",Factory Effex,,used,APPAREL BIKERS RIDERS,249,"21-83334 Factory Effex Honda Paint Youth T-Shirt in Red, Size Large. This is an officially licensed piece of Honda apparel featuring screen-printed graphics",11,200,LONG_TITLE_REVIEW; IMAGE_DIMENSIONS; RESPONSIVE_IMAGE; MARKETPLACE_BOILERPLATE; EBAY_SHIPPING_COPY; MISSING_MPN_REVIEW
6282,10145 FAS,https://flipandstrip.com/product/6282/yamaha-yfz350-banshee-atv-87-06-pro-lite-top-end-piston-ring-gasket-wiseco-66mm,Yamaha YFZ350 Banshee ATV 87- 06 Pro Lite top end piston ring gasket Wiseco 66mm | Flip and Strip,97,Yamaha YFZ350 Banshee ATV 87- 06 Pro Lite top end piston ring gasket Wiseco 66mm. New Wiseco. Price: $299.95. This kit is a high performance +2.00mm top end /,158,200,https://flipandstrip.com/product/6282/yamaha-yfz350-banshee-atv-87-06-pro-lite-top-end-piston-ring-gasket-wiseco-66mm,"index, follow",Wiseco,PK143,new,ATV 4 WHEELER / ATC 3 WHEELER > YAMAHA > YZF 350 BANSHEE,264,This kit is a high performance +2.00mm top end / piston kit. PK143 forged Pro-Lite top-end piston and gasket kit designed for 1987–2006 Yamaha YFZ350 Banshee A,24,200,LONG_TITLE_REVIEW; IMAGE_DIMENSIONS; RESPONSIVE_IMAGE; MARKETPLACE_BOILERPLATE; EBAY_SHIPPING_COPY; USED_TEMPLATE_ON_NEW_ITEM
6286,10148 FAS,https://flipandstrip.com/product/6286/taillight-brake-lamp-black-custom-chopper-bobber-cafe-racer-projects-hardrive,"Taillight brake lamp black custom chopper, bobber, cafe racer projects Hardrive | Flip and Strip",96,"Taillight brake lamp black custom chopper, bobber, cafe racer projects Hardrive. New hardrive. Price: $29.95. HardDrive Sparto Taillight Black 210924 38-207F",157,200,https://flipandstrip.com/product/6286/taillight-brake-lamp-black-custom-chopper-bobber-cafe-racer-projects-hardrive,"index, follow",hardrive,210924,new,MOTORCYCLE > HARLEY DAVIDSON > HARLEY CUSTOM / PERFORMANCE,246,HardDrive Sparto Taillight Black 210924 38-207F 191361166761 classic vintage-style custom motorcycle tail light. It features a satin black painted lightweight,23,200,LONG_TITLE_REVIEW; IMAGE_DIMENSIONS; RESPONSIVE_IMAGE; MARKETPLACE_BOILERPLATE; EBAY_SHIPPING_COPY; USED_TEMPLATE_ON_NEW_ITEM
6289,10151 FAS 10180 FAS,https://flipandstrip.com/product/6289/high-lifter-shock-spring-kit-polaris-sportsman-400-450-500-570-700-800-sprpf8rz,High Lifter Shock Spring Kit Polaris Sportsman 400 450 500 570 700 800 SPRPF8RZ | Flip and Strip,96,High Lifter Shock Spring Kit Polaris Sportsman 400 450 500 570 700 800 SPRPF8RZ. New High Lifter. Price: $119.95. Polaris Sportsman 400 450 500 570 700 800,155,200,https://flipandstrip.com/product/6289/high-lifter-shock-spring-kit-polaris-sportsman-400-450-500-570-700-800-sprpf8rz,"index, follow",High Lifter,SPRPF8RZR-S,new,ATV 4 WHEELER / ATC 3 WHEELER > POLARIS,659,Polaris Sportsman 400 450 500 570 700 800 High Lifter Shock Spring Kit SPRPF8RZR-S OEM springs tend to fatigue rapidly even with low mileage. The High Lifter,21,200,LONG_TITLE_REVIEW; IMAGE_DIMENSIONS; RESPONSIVE_IMAGE; MARKETPLACE_BOILERPLATE; EBAY_SHIPPING_COPY; USED_TEMPLATE_ON_NEW_ITEM
6290,10152 FAS,https://flipandstrip.com/product/6290/fairing-bracket-suzuki-gsxr-600-750-00-03-headlight-mirror-cowl-bracket-269750,Fairing Bracket Suzuki GSXR 600 750 00-03 Headlight Mirror Cowl Bracket 269750 | Flip and Strip,95,Fairing Bracket Suzuki GSXR 600 750 00-03 Headlight Mirror Cowl Bracket 269750. New Moto Brackets. Price: $49.95. Suzuki GSXR 600 750 00-03 MotoBrackets,152,200,https://flipandstrip.com/product/6290/fairing-bracket-suzuki-gsxr-600-750-00-03-headlight-mirror-cowl-bracket-269750,"index, follow",Moto Brackets,269750,new,MOTORCYCLE > SUZUKI > GSXR 600,211,Suzuki GSXR 600 750 00-03 MotoBrackets Fairing Bracket 269750 Replacement for Suzuki GSXR600-750 2000-2003 replace OE # 94510-35F03 GSXR1000 2001-2002,7,200,LONG_TITLE_REVIEW; IMAGE_DIMENSIONS; RESPONSIVE_IMAGE; MARKETPLACE_BOILERPLATE; EBAY_SHIPPING_COPY; USED_TEMPLATE_ON_NEW_ITEM
6291,10153 FAS,https://flipandstrip.com/product/6291/can-am-outlander-renegade-front-right-cv-axle-wheel-half-shaft-drive-atv-quad,Can-Am Outlander Renegade Front Right CV Axle Wheel Half Shaft Drive ATV Quad | Flip and Strip,94,Can-Am Outlander Renegade Front Right CV Axle Wheel Half Shaft Drive ATV Quad. New QuadBoss. Price: $89.95. Can-Am Outlander Renegade 800 1000 2012 Quad Boss,157,200,https://flipandstrip.com/product/6291/can-am-outlander-renegade-front-right-cv-axle-wheel-half-shaft-drive-atv-quad,"index, follow",QuadBoss,ATV-CA-8-212,new,ATV 4 WHEELER / ATC 3 WHEELER > Can Am,280,Can-Am Outlander Renegade 800 1000 2012 Quad Boss Complete Wheel ShaftATV-CA-8-212 Replaces Can Am part number 705500560 and others. Quad Boss,7,200,LONG_TITLE_REVIEW; IMAGE_DIMENSIONS; RESPONSIVE_IMAGE; MARKETPLACE_BOILERPLATE; EBAY_SHIPPING_COPY; USED_TEMPLATE_ON_NEW_ITEM
6292,10154 FAS,https://flipandstrip.com/product/6292/polaris-cv-axle-half-shaft-drive-front-rzr-general-ranger-extreme-duty-all-balls,Polaris CV Axle Half Shaft Drive Front RZR General Ranger Extreme Duty All Balls | Flip and Strip,97,Polaris CV Axle Half Shaft Drive Front RZR General Ranger Extreme Duty All Balls. New other (see details) ALL BALLS. Price: $69.95. Polaris RZR General All,155,200,https://flipandstrip.com/product/6292/polaris-cv-axle-half-shaft-drive-front-rzr-general-ranger-extreme-duty-all-balls,"index, follow",ALL BALLS,AB8-PO-8-330,used,SIDE by SIDE / SXS /UTV > POLARIS,462,Polaris RZR General All Balls Complete Axle Kit AB8-P0-8-330 Replaces Polaris part number 1333331 and others. Box not in great condition. Part new but missing,8,200,LONG_TITLE_REVIEW; IMAGE_DIMENSIONS; RESPONSIVE_IMAGE; MARKETPLACE_BOILERPLATE; EBAY_SHIPPING_COPY
6293,10155 FAS,https://flipandstrip.com/product/6293/handlebars-harley-davidson-fl-road-king-electra-glide-softail-tour-1-25-in-dia,Handlebars Harley Davidson FL Road King Electra Glide Softail Tour 1.25 In Dia | Flip and Strip,95,Handlebars Harley Davidson FL Road King Electra Glide Softail Tour 1.25 In Dia. New other (see details) LA Choppers. Price: $199.95. Harley Davidson FL LA,154,200,https://flipandstrip.com/product/6293/handlebars-harley-davidson-fl-road-king-electra-glide-softail-tour-1-25-in-dia,"index, follow",LA Choppers,LA-7303-01B,used,MOTORCYCLE > HARLEY DAVIDSON > HARLEY DAVIDSON,850,"Harley Davidson FL LA Choppers 1.25 In. HandlebarLA-7303-01B Improves the rider's overall body positionProvides a more comfortable ride, is easier to steer and",11,200,LONG_TITLE_REVIEW; IMAGE_DIMENSIONS; RESPONSIVE_IMAGE; DESCRIPTION_RELEVANCE_REVIEW; MARKETPLACE_BOILERPLATE; EBAY_SHIPPING_COPY
6294,10156 FAS,https://flipandstrip.com/product/6294/dg-pipe-full-exhaust-yamaha-ytm-200-tri-moto-yamahauler-rcm-steel-atv-atc-83-85,DG Pipe Full Exhaust Yamaha YTM 200 Tri Moto Yamahauler RCM Steel ATV ATC 83-85 | Flip and Strip,96,DG Pipe Full Exhaust Yamaha YTM 200 Tri Moto Yamahauler RCM Steel ATV ATC 83-85. New other (see details) DG Performance. Price: $289.95. Yamaha YTM 200 Tri,155,200,https://flipandstrip.com/product/6294/dg-pipe-full-exhaust-yamaha-ytm-200-tri-moto-yamahauler-rcm-steel-atv-atc-83-85,"index, follow",DG Performance,04-4102,used,ATV 4 WHEELER / ATC 3 WHEELER > YAMAHA > YAMAHA,228,"Yamaha YTM 200 Tri Moto 83-85 RCM Steel ATV Exhaust System04-4102 RCM reverse megaphone systems are tuned for peak horsepower, increase acceleration and top",9,200,LONG_TITLE_REVIEW; IMAGE_DIMENSIONS; RESPONSIVE_IMAGE; MARKETPLACE_BOILERPLATE; EBAY_SHIPPING_COPY
6296,10157 FAS,https://flipandstrip.com/product/6296/crankshaft-kit-rm250-suzuki-05-06-07-with-crank-bearings-seals-gaskets-wpc165b,Crankshaft Kit RM250 Suzuki 05 06 07 with Crank Bearings Seals Gaskets WPC165B | Flip and Strip,95,Crankshaft Kit RM250 Suzuki 05 06 07 with Crank Bearings Seals Gaskets WPC165B. New Wiseco. Price: $298.76. WPC165B 05 06 07 Suzuki RM250 Crankshaft Kit,152,200,https://flipandstrip.com/product/6296/crankshaft-kit-rm250-suzuki-05-06-07-with-crank-bearings-seals-gaskets-wpc165b,"index, follow",Wiseco,WPC165B,new,DIRT BIKE / MOTOCROSS > SUZUKI > RM 250,281,"WPC165B 05 06 07 Suzuki RM250 Crankshaft Kit Wiseco’s bottom-end rebuild kits help save time and money for your dirt bike, ATV, or UTV bottom-end rebuild. A",17,200,LONG_TITLE_REVIEW; IMAGE_DIMENSIONS; RESPONSIVE_IMAGE; MARKETPLACE_BOILERPLATE; EBAY_SHIPPING_COPY; USED_TEMPLATE_ON_NEW_ITEM
6297,"10163 FAS , 10164 FAS",https://flipandstrip.com/product/6297/suzuki-rmz250-piston-kit-2010-2018-wiseco-performance-76-96-mm-rings-gaskets,Suzuki RMZ250 Piston Kit 2010 - 2018 Wiseco Performance 76.96 mm Rings Gaskets | Flip and Strip,95,Suzuki RMZ250 Piston Kit 2010 - 2018 Wiseco Performance 76.96 mm Rings Gaskets. New Wiseco. Price: $249.95. PK1877 Suzuki RMZ250 2010 - 2018 77mm Standard /,156,200,https://flipandstrip.com/product/6297/suzuki-rmz250-piston-kit-2010-2018-wiseco-performance-76-96-mm-rings-gaskets,"index, follow",Wiseco,pk1877,new,DIRT BIKE / MOTOCROSS > SUZUKI > RMZ250,334,PK1877 Suzuki RMZ250 2010 - 2018 77mm Standard / Stock Bore The Wiseco team has remained at the forefront of powersports performance through every era and,19,200,LONG_TITLE_REVIEW; IMAGE_DIMENSIONS; RESPONSIVE_IMAGE; MARKETPLACE_BOILERPLATE; EBAY_SHIPPING_COPY; USED_TEMPLATE_ON_NEW_ITEM
6298,10158 FAS,https://flipandstrip.com/product/6298/piston-kit-90mm-suzuki-drz-ltz-400-kawasaki-kfx-klx-400-arctic-cat-dvx400-pk1661,Piston Kit 90mm Suzuki DRZ LTZ 400 Kawasaki KFX KLX 400 Arctic Cat DVX400 PK1661 | Flip and Strip,97,Piston Kit 90mm Suzuki DRZ LTZ 400 Kawasaki KFX KLX 400 Arctic Cat DVX400 PK1661. New Wiseco. Price: $249.95. PK1661 Suzuki DRZ 400 Z400 2000 - 2019Kawasaki,156,200,https://flipandstrip.com/product/6298/piston-kit-90mm-suzuki-drz-ltz-400-kawasaki-kfx-klx-400-arctic-cat-dvx400-pk1661,"index, follow",Wiseco,PK1661,new,ATV 4 WHEELER / ATC 3 WHEELER > ATV - PERFORMANCE - GENERAL,398,PK1661 Suzuki DRZ 400 Z400 2000 - 2019Kawasaki KLX 400 KFX400 03-06 Arctic Cat/Kawasaki/Suzuki Wiseco Top End Kit – 90.00 mm Bore. 4714M09000 The Wiseco team h,17,200,LONG_TITLE_REVIEW; IMAGE_DIMENSIONS; RESPONSIVE_IMAGE; MARKETPLACE_BOILERPLATE; EBAY_SHIPPING_COPY; USED_TEMPLATE_ON_NEW_ITEM
6299,10165 FAS,https://flipandstrip.com/product/6299/kawasaki-ninja-ex650-left-tail-cover-metallic-spark-black-genuine-oem-36040-0119,Kawasaki Ninja EX650 Left Tail Cover Metallic Spark Black Genuine OEM 36040-0119 | Flip and Strip,97,Kawasaki Ninja EX650 Left Tail Cover Metallic Spark Black Genuine OEM 36040-0119. New Kawasaki. Price: $56.78. Kawasaki Ninja EX650 Left Tail Cover Metallic,156,200,https://flipandstrip.com/product/6299/kawasaki-ninja-ex650-left-tail-cover-metallic-spark-black-genuine-oem-36040-0119,"index, follow",Kawasaki,36040-0119-660,new,MOTORCYCLE > KAWASAKI > EX 650 R NINJA / ER 650,337,Kawasaki Ninja EX650 Left Tail Cover Metallic Spark Black Genuine OEM 36040-0119-660 THIS IS A GENUINE OEM KAWASAKI PART Color: METALLIC SPARK BLACK KAWASAKI,18,200,LONG_TITLE_REVIEW; IMAGE_DIMENSIONS; RESPONSIVE_IMAGE; MARKETPLACE_BOILERPLATE; EBAY_SHIPPING_COPY; USED_TEMPLATE_ON_NEW_ITEM
6300,"10159 FAS , 10160 FAS",https://flipandstrip.com/product/6300/yamaha-yz450f-wr450f-yz450fx-piston-kit-96-59-mm-rings-gaskets-wiseco-pk1900,Yamaha YZ450F WR450F YZ450FX Piston Kit 96.59 mm rings gaskets Wiseco PK1900 | Flip and Strip,93,Yamaha YZ450F WR450F YZ450FX Piston Kit 96.59 mm rings gaskets Wiseco PK1900. New Wiseco. Price: $198.76. PK1900 40111M09700 96.95 mm Piston / 97mm Bore The,156,200,https://flipandstrip.com/product/6300/yamaha-yz450f-wr450f-yz450fx-piston-kit-96-59-mm-rings-gaskets-wiseco-pk1900,"index, follow",Wiseco,PK1900,new,DIRT BIKE / MOTOCROSS > YAMAHA > YZ450F,344,PK1900 40111M09700 96.95 mm Piston / 97mm Bore The Wiseco team has remained at the forefront of powersports performance through every era and evolution,20,200,LONG_TITLE_REVIEW; IMAGE_DIMENSIONS; RESPONSIVE_IMAGE; MARKETPLACE_BOILERPLATE; EBAY_SHIPPING_COPY; USED_TEMPLATE_ON_NEW_ITEM
6302,10167 FAS,https://flipandstrip.com/product/6302/kawasaki-ninja-1000sx-cowling-fairing-lower-left-2022-23-genuine-oem-55028-0742,Kawasaki Ninja 1000SX Cowling Fairing Lower Left 2022-23 Genuine OEM 55028-0742 | Flip and Strip,96,Kawasaki Ninja 1000SX Cowling Fairing Lower Left 2022-23 Genuine OEM 55028-0742. New Kawasaki. Price: $129.95. 55028-0742-51B Cowling Lower Left Component,154,200,https://flipandstrip.com/product/6302/kawasaki-ninja-1000sx-cowling-fairing-lower-left-2022-23-genuine-oem-55028-0742,"index, follow",Kawasaki,55028-0742-51B,new,MOTORCYCLE > KAWASAKI > KAWASAKI SPORT BIKE,325,"55028-0742-51B Cowling Lower Left Component Name: Left-hand lower cowling (fairing).Official Factory Description: COWLING, LWR, LH, M.M.C.GRAY.Color Code: 51B",11,200,LONG_TITLE_REVIEW; IMAGE_DIMENSIONS; RESPONSIVE_IMAGE; MARKETPLACE_BOILERPLATE; EBAY_SHIPPING_COPY; USED_TEMPLATE_ON_NEW_ITEM
6303,10066 FAS,https://flipandstrip.com/product/6303/yamaha-cylinder-yzf-r3-jug-mt-03-barrel-engine-motor-new-oem-2ms-e1311-10-00,Yamaha Cylinder YZF R3 Jug MT 03 Barrel Engine Motor NEW OEM 2MS-E1311-10-00 | Flip and Strip,93,Yamaha Cylinder YZF R3 Jug MT 03 Barrel Engine Motor NEW OEM 2MS-E1311-10-00. New Yamaha. Price: $125.00. Yamaha Cylinder YZF-R3 Jug MT-03 Barrel Engine Motor,158,200,https://flipandstrip.com/product/6303/yamaha-cylinder-yzf-r3-jug-mt-03-barrel-engine-motor-new-oem-2ms-e1311-10-00,"index, follow",Yamaha,2MS-E1311-10-00,new,MOTORCYCLE > YAMAHA > YZF-R3,201,Yamaha Cylinder YZF-R3 Jug MT-03 Barrel Engine Motor NEW OEM 2MS-E1311-10-00 Brand NEW in the box factory OEM Genuine Yamaha cylinder part number,10,200,LONG_TITLE_REVIEW; IMAGE_DIMENSIONS; RESPONSIVE_IMAGE; MARKETPLACE_BOILERPLATE; EBAY_SHIPPING_COPY; USED_TEMPLATE_ON_NEW_ITEM
6304,"10161 FAS , 10162 FAS",https://flipandstrip.com/product/6304/top-end-gp-piston-kit-yamaha-yz250-02-26-fantic-xx250-22-25-66-40mm-bore-wiseco,Top End GP Piston Kit Yamaha YZ250 02-26 Fantic XX250 22-25 66.40mm Bore Wiseco | Flip and Strip,96,Top End GP Piston Kit Yamaha YZ250 02-26 Fantic XX250 22-25 66.40mm Bore Wiseco. New Wiseco. Price: $164.95. PK1704 02-26 YZ250 GP Series Yamaha Wiseco Top End,159,200,https://flipandstrip.com/product/6304/top-end-gp-piston-kit-yamaha-yz250-02-26-fantic-xx250-22-25-66-40mm-bore-wiseco,"index, follow",Wiseco,PK1704,new,DIRT BIKE / MOTOCROSS > GENERAL / PERFORMANCE,364,PK1704 02-26 YZ250 GP Series Yamaha Wiseco Top End Kit – 66.40 mm Bore (STANDARD / STOCK) Wiseco’s GP Series forged 2-stroke pistons build on the tri,21,200,LONG_TITLE_REVIEW; IMAGE_DIMENSIONS; RESPONSIVE_IMAGE; MARKETPLACE_BOILERPLATE; EBAY_SHIPPING_COPY; USED_TEMPLATE_ON_NEW_ITEM
6305,10171 FAS,https://flipandstrip.com/product/6305/kawasaki-kx250-04-wiseco-garage-buddy-engine-rebuild-kit-pwr128-101,Kawasaki KX250 04 Wiseco Garage Buddy Engine Rebuild Kit PWR128-101 | Flip and Strip,84,Kawasaki KX250 04 Wiseco Garage Buddy Engine Rebuild Kit PWR128-101. New EPI. Price: $599.95. Kawasaki KX250 04 Wiseco Garage Buddy Engine Rebuild,146,200,https://flipandstrip.com/product/6305/kawasaki-kx250-04-wiseco-garage-buddy-engine-rebuild-kit-pwr128-101,"index, follow",EPI,WE437724,new,DIRT BIKE / MOTOCROSS > KAWASAKI > KX 250,388,"Kawasaki KX250 04 Wiseco Garage Buddy Engine Rebuild KitPWR128-101 Wiseco’s Garage Buddy Complete Engine Rebuild Kits helps save time and money, whether you a",16,200,LONG_TITLE_REVIEW; IMAGE_DIMENSIONS; RESPONSIVE_IMAGE; MARKETPLACE_BOILERPLATE; EBAY_SHIPPING_COPY; USED_TEMPLATE_ON_NEW_ITEM
6306,10169 FAS,https://flipandstrip.com/product/6306/polaris-epi-clutch-kit-1000-ranger-xp-0-300-elev-30-32-tire-we437724,Polaris EPI Clutch Kit 1000 Ranger XP 0-300 ELEV 30-32 Tire WE437724 | Flip and Strip,85,Polaris EPI Clutch Kit 1000 Ranger XP 0-300 ELEV 30-32 Tire WE437724. New EPI. Price: $198.76. Polaris 100 Ranger XP EPI Clutch Kit 0-300 ELEV 30-32 Tire,153,200,https://flipandstrip.com/product/6306/polaris-epi-clutch-kit-1000-ranger-xp-0-300-elev-30-32-tire-we437724,"index, follow",EPI,WE437724,new,SIDE by SIDE / SXS /UTV > POLARIS,313,"Polaris 100 Ranger XP EPI Clutch Kit 0-300 ELEV 30-32 Tire WE437724 Designed for 30-32"" Tires 0-3000' elevation Our best all around use kit Great for trail",10,200,LONG_TITLE_REVIEW; IMAGE_DIMENSIONS; RESPONSIVE_IMAGE; MARKETPLACE_BOILERPLATE; EBAY_SHIPPING_COPY; USED_TEMPLATE_ON_NEW_ITEM
6307,10172 FAS,https://flipandstrip.com/product/6307/kawasaki-ninja-ex-250-tail-cover-black-red-right-cowling-panel-genuine-oem-36040,Kawasaki Ninja EX 250 Tail Cover Black Red Right Cowling Panel Genuine OEM 36040 | Flip and Strip,97,Kawasaki Ninja EX 250 Tail Cover Black Red Right Cowling Panel Genuine OEM 36040. New Kawasaki. Price: $76.54. Kawasaki Ninja EX250 Tail Cover Black Red Right,158,200,https://flipandstrip.com/product/6307/kawasaki-ninja-ex-250-tail-cover-black-red-right-cowling-panel-genuine-oem-36040,"index, follow",Kawasaki,36040-5356-H8,new,MOTORCYCLE > KAWASAKI > KAWASAKI SPORT BIKE,181,Kawasaki Ninja EX250 Tail Cover Black Red Right Cowling Panel Genuine OEM 36040-5356-H8 ((( 10172 FAS ))) ⚠️ IMPORTANT BUYER NOTICE – PLEASE READ BEFORE ORDER,16,200,LONG_TITLE_REVIEW; IMAGE_DIMENSIONS; RESPONSIVE_IMAGE; MARKETPLACE_BOILERPLATE; EBAY_SHIPPING_COPY; USED_TEMPLATE_ON_NEW_ITEM
6308,10179 FAS,https://flipandstrip.com/product/6308/kawasaki-kx250f-06-engine-rebuild-kit-crankshaft-piston-gaskets-cam-chain-meter,Kawasaki KX250F 06 Engine Rebuild kit Crankshaft Piston Gaskets Cam Chain Meter | Flip and Strip,96,Kawasaki KX250F 06 Engine Rebuild kit Crankshaft Piston Gaskets Cam Chain Meter. New Wiseco. Price: $598.76. PWR144-101 2006 Kawasaki KX250F engine rebuild kit,159,200,https://flipandstrip.com/product/6308/kawasaki-kx250f-06-engine-rebuild-kit-crankshaft-piston-gaskets-cam-chain-meter,"index, follow",Wiseco,PWR144-101,new,DIRT BIKE / MOTOCROSS > KAWASAKI > KX 250,410,"PWR144-101 2006 Kawasaki KX250F engine rebuild kit with crankshaft, piston, gaskets, bearings, cam chain, and FREE hour meter included. Wiseco’s Garage Buddy C",24,200,LONG_TITLE_REVIEW; IMAGE_DIMENSIONS; RESPONSIVE_IMAGE; MARKETPLACE_BOILERPLATE; EBAY_SHIPPING_COPY; USED_TEMPLATE_ON_NEW_ITEM
6310,10173 FAS,https://flipandstrip.com/product/6310/honda-gl1500radiator-cover-left-red-valkrie-interstate-genuine-oem-64380-mby-00,Honda GL1500Radiator Cover Left Red Valkrie Interstate Genuine OEM 64380-MBY-00 | Flip and Strip,96,Honda GL1500Radiator Cover Left Red Valkrie Interstate Genuine OEM 64380-MBY-00. New Honda. Price: $98.76. Genuine OEM Honda Part Number 64380-MBY-000ZF Left,157,200,https://flipandstrip.com/product/6310/honda-gl1500radiator-cover-left-red-valkrie-interstate-genuine-oem-64380-mby-00,"index, follow",Honda,64380-MBY-000ZF,new,MOTORCYCLE > HONDA > HONDA TOURING,196,Genuine OEM Honda Part Number 64380-MBY-000ZF Left Cover Red Component: Left front radiator cowl / cover Color Code: R260P (Pearl Cheyenne Red)Vehicle,17,200,LONG_TITLE_REVIEW; IMAGE_DIMENSIONS; RESPONSIVE_IMAGE; MARKETPLACE_BOILERPLATE; EBAY_SHIPPING_COPY; USED_TEMPLATE_ON_NEW_ITEM
6312,10178 FAS,https://flipandstrip.com/product/6312/ohlins-fork-spring-r-t-04-9-5-fits-nix30-ttx-and-more-04744,"Ohlins Fork Spring R&T 04 9.5 fits NIX30 ,TTX and more 04744 | Flip and Strip",77,"Ohlins Fork Spring R&T 04 9.5 fits NIX30 ,TTX and more 04744. New Ohlins. Price: $69.95. Ohlins R&T 04 Fork Spring 9.504050055 04744 Application: Front forks",157,200,https://flipandstrip.com/product/6312/ohlins-fork-spring-r-t-04-9-5-fits-nix30-ttx-and-more-04744,"index, follow",Ohlins,04744,new,MOTORCYCLE > MOTORCYCLE UNIVERSAL ITEMS,219,"Ohlins R&T 04 Fork Spring 9.504050055 04744 Application: Front forks and performance cartridge kits (such as Öhlins NIX30, TTX 25mm, and Road & Track FGRT",11,200,LONG_TITLE_REVIEW; IMAGE_DIMENSIONS; RESPONSIVE_IMAGE; MARKETPLACE_BOILERPLATE; EBAY_SHIPPING_COPY; USED_TEMPLATE_ON_NEW_ITEM
6313,10175 FAS,https://flipandstrip.com/product/6313/starter-ktm-500-exc-xc-sx-smr-450-husqvarna-fe-450-501-fc-husaberg-fe450-fe501,Starter KTM 500 EXC XC SX SMR 450 Husqvarna FE 450 501 FC Husaberg FE450 FE501 | Flip and Strip,95,Starter KTM 500 EXC XC SX SMR 450 Husqvarna FE 450 501 FC Husaberg FE450 FE501. New Arrowhead. Price: $125.00. Arrowhead Starter 410-54166 SMU0532 The,150,200,https://flipandstrip.com/product/6313/starter-ktm-500-exc-xc-sx-smr-450-husqvarna-fe-450-501-fc-husaberg-fe450-fe501,"index, follow",Arrowhead,410-54166,new,DIRT BIKE / MOTOCROSS > KTM,376,Arrowhead Starter 410-54166 SMU0532 The Arrowhead Starter 410-54166 is a 100% OEM-interchangeable replacement starter motor designed for high-performance,13,200,LONG_TITLE_REVIEW; IMAGE_DIMENSIONS; RESPONSIVE_IMAGE; DESCRIPTION_RELEVANCE_REVIEW; MARKETPLACE_BOILERPLATE; EBAY_SHIPPING_COPY; USED_TEMPLATE_ON_NEW_ITEM
6314,10183 FAS,https://flipandstrip.com/product/6314/polaris-axle-cv-half-shaft-drive-front-ranger-500-700-800-utv-sxs-quadboss,Polaris Axle CV Half Shaft Drive Front Ranger 500 700 800 UTV SXS Quadboss | Flip and Strip,91,Polaris Axle CV Half Shaft Drive Front Ranger 500 700 800 UTV SXS Quadboss. New other (see details) QuadBoss. Price: $59.95. Polaris Ranger 500 700 800,151,200,https://flipandstrip.com/product/6314/polaris-axle-cv-half-shaft-drive-front-ranger-500-700-800-utv-sxs-quadboss,"index, follow",QuadBoss,TRM-PO-8-311,used,SIDE by SIDE / SXS /UTV > Side by SIde / UTV Accessories,288,"Polaris Ranger 500 700 800 Quadboss Replacement Front Axle TRM-PO-8-311 Replaces Polaris Part Number 1332690 , 1332606 and others Exceeds OEM axle",8,200,LONG_TITLE_REVIEW; IMAGE_DIMENSIONS; RESPONSIVE_IMAGE; MARKETPLACE_BOILERPLATE; EBAY_SHIPPING_COPY
6315,10181 FAS,https://flipandstrip.com/product/6315/handlebar-hand-guards-snowmobile-atv-motorcycle-mx-powermadd-fuzion-protector,Handlebar Hand Guards Snowmobile ATV Motorcycle MX PowerMadd Fuzion Protector | Flip and Strip,94,Handlebar Hand Guards Snowmobile ATV Motorcycle MX PowerMadd Fuzion Protector. New PowerMadd. Price: $64.95. Universal Fitment PowerMadd Fuzion Handguard34500,158,200,https://flipandstrip.com/product/6315/handlebar-hand-guards-snowmobile-atv-motorcycle-mx-powermadd-fuzion-protector,"index, follow",PowerMadd,34500,new,SNOWMOBILE > SNOW MOBILE / MACHINE,352,Universal Fitment PowerMadd Fuzion Handguard34500 Ultimate in hand protection. - Great at keeping your hand warm in cold weather. - Flexible yet durable,8,200,LONG_TITLE_REVIEW; IMAGE_DIMENSIONS; RESPONSIVE_IMAGE; MARKETPLACE_BOILERPLATE; EBAY_SHIPPING_COPY; USED_TEMPLATE_ON_NEW_ITEM
6316,10182 FAS,https://flipandstrip.com/product/6316/polaris-cv-axle-drive-half-shaft-rear-rzr-800-utv-sxs-09-14-open-trail-paxl-6005,Polaris CV Axle Drive Half Shaft Rear RZR 800 UTV SXS 09-14 Open Trail PAXL-6005 | Flip and Strip,97,Polaris CV Axle Drive Half Shaft Rear RZR 800 UTV SXS 09-14 Open Trail PAXL-6005. New other (see details) Open Trail. Price: $56.78. Polaris RZR 800 09-14 Open,159,200,https://flipandstrip.com/product/6316/polaris-cv-axle-drive-half-shaft-rear-rzr-800-utv-sxs-09-14-open-trail-paxl-6005,"index, follow",Open Trail,PAXL-6005,used,SIDE by SIDE / SXS /UTV > Side by SIde / UTV Accessories,404,Polaris RZR 800 09-14 Open Trail Rear Axle HEAVY DUTYPAXL-6005 Replaces Polaris part number 1332884 and others. Designed to meet and exceed OEM axleAll,4,200,LONG_TITLE_REVIEW; IMAGE_DIMENSIONS; RESPONSIVE_IMAGE; MARKETPLACE_BOILERPLATE; EBAY_SHIPPING_COPY
6317,10184 FAS,https://flipandstrip.com/product/6317/yamaha-brake-rotor-yzf-r1-r6-disc-rear-2004-2016-billet-aluminum-motorcycle,Yamaha Brake Rotor YZF R1 R6 Disc Rear 2004-2016 Billet Aluminum Motorcycle | Flip and Strip,92,Yamaha Brake Rotor YZF R1 R6 Disc Rear 2004-2016 Billet Aluminum Motorcycle. New BikeMaster. Price: $59.95. Yamaha YZF Bike Master Rear Brake Rotor 962050,154,200,https://flipandstrip.com/product/6317/yamaha-brake-rotor-yzf-r1-r6-disc-rear-2004-2016-billet-aluminum-motorcycle,"index, follow",BikeMaster,903,new,MOTORCYCLE > YAMAHA > YAMAHA SPORT BIKE,299,Yamaha YZF Bike Master Rear Brake Rotor 962050 Manufactured by one of Europes premier disk brake experts!An OEM manufacturer to many well known brandsWith,4,200,LONG_TITLE_REVIEW; IMAGE_DIMENSIONS; RESPONSIVE_IMAGE; MARKETPLACE_BOILERPLATE; EBAY_SHIPPING_COPY; USED_TEMPLATE_ON_NEW_ITEM
6318,10176 FAS,https://flipandstrip.com/product/6318/harley-davidson-touring-air-intake-high-flow-w-filter-vance-hines-cage-fighter,Harley Davidson Touring Air Intake High Flow w Filter Vance Hines Cage Fighter | Flip and Strip,95,Harley Davidson Touring Air Intake High Flow w Filter Vance Hines Cage Fighter. New Vance & Hines. Price: $299.95. *** THIS ITEM WAS OPENED OUT OF FACTORY,154,200,https://flipandstrip.com/product/6318/harley-davidson-touring-air-intake-high-flow-w-filter-vance-hines-cage-fighter,"index, follow",Vance & Hines,70066,new,MOTORCYCLE > HARLEY DAVIDSON > HARLEY CUSTOM / PERFORMANCE,322,"*** THIS ITEM WAS OPENED OUT OF FACTORY PACKAGING TO TAKE THESE PICTURES *** VO2 Cage Fighter - Brushed FinishSporting a sleek and minimalistic design, the VO2",18,200,LONG_TITLE_REVIEW; IMAGE_DIMENSIONS; RESPONSIVE_IMAGE; DESCRIPTION_RELEVANCE_REVIEW; MARKETPLACE_BOILERPLATE; EBAY_SHIPPING_COPY; USED_TEMPLATE_ON_NEW_ITEM
6319,10187 FAS,https://flipandstrip.com/product/6319/polaris-ranger-axle-cv-front-rzr-570-800-900-1000-quadboss-rugged-tr6-po-8-307,Polaris Ranger Axle CV Front RZR 570 800 900 1000 Quadboss Rugged TR6-PO-8-307 | Flip and Strip,95,Polaris Ranger Axle CV Front RZR 570 800 900 1000 Quadboss Rugged TR6-PO-8-307. New other (see details) QuadBoss. Price: $79.95. Polaris Ranger RZR 570 800 900,159,200,https://flipandstrip.com/product/6319/polaris-ranger-axle-cv-front-rzr-570-800-900-1000-quadboss-rugged-tr6-po-8-307,"index, follow",QuadBoss,TR6-PO-8-307,used,SIDE by SIDE / SXS /UTV > Side by SIde / UTV Accessories,838,Polaris Ranger RZR 570 800 900 1000 Quadboss Front Rugged Axle TR6-PO-8-307 High-quality O.E. replacement axle.Chrome moly steel axle barPrecision-ground,8,200,LONG_TITLE_REVIEW; IMAGE_DIMENSIONS; RESPONSIVE_IMAGE; MARKETPLACE_BOILERPLATE; EBAY_SHIPPING_COPY
6320,10185 FAS,https://flipandstrip.com/product/6320/honda-rincon-trx-650-680-axle-cv-half-shaft-rear-2003-20-high-performance-rugged,Honda Rincon TRX 650 680 Axle CV Half Shaft Rear 2003-20 High performance Rugged | Flip and Strip,97,Honda Rincon TRX 650 680 Axle CV Half Shaft Rear 2003-20 High performance Rugged. New QuadBoss. Price: $84.95. Honda TRX650 03-20 Quadboss Rear Rugged Axle,155,200,https://flipandstrip.com/product/6320/honda-rincon-trx-650-680-axle-cv-half-shaft-rear-2003-20-high-performance-rugged,"index, follow",QuadBoss,TR6-HO-8-301,new,ATV 4 WHEELER / ATC 3 WHEELER > HONDA > TRX 680 Rincon Fourtrax,266,Honda TRX650 03-20 Quadboss Rear Rugged Axle TR6-HO-8-301 Replaces 42250-HN8-003 and others. High-quality O.E. replacement axle.Chrome moly steel axle,6,200,LONG_TITLE_REVIEW; IMAGE_DIMENSIONS; RESPONSIVE_IMAGE; MARKETPLACE_BOILERPLATE; EBAY_SHIPPING_COPY; USED_TEMPLATE_ON_NEW_ITEM
6321,10188 FAS,https://flipandstrip.com/product/6321/harley-davidson-u-uh-ul-uhl-1937-1948-james-gasket-set-genuine-oem-jgi-17027-36,Harley Davidson U UH UL UHL 1937-1948 James Gasket Set Genuine OEM JGI-17027-36 | Flip and Strip,96,Harley Davidson U UH UL UHL 1937-1948 James Gasket Set Genuine OEM JGI-17027-36. New James Gasket. Price: $79.95. Harley Davidson U 1937-1948 James Gasket,154,200,https://flipandstrip.com/product/6321/harley-davidson-u-uh-ul-uhl-1937-1948-james-gasket-set-genuine-oem-jgi-17027-36,"index, follow",James Gasket,JGI-17027-36,new,MOTORCYCLE > HARLEY DAVIDSON > HARLEY CUSTOM / PERFORMANCE,215,"Harley Davidson U 1937-1948 James Gasket Complete Gasket Set JGI-17027-36 Genuine James gaskets, seals and O-rings are made to last. Made in the USA. Vehicle",7,200,LONG_TITLE_REVIEW; IMAGE_DIMENSIONS; RESPONSIVE_IMAGE; MARKETPLACE_BOILERPLATE; EBAY_SHIPPING_COPY; USED_TEMPLATE_ON_NEW_ITEM
6322,10186 FAS,https://flipandstrip.com/product/6322/polaris-ranger-axle-rear-500-700-800-quadboss-heavy-duty-trm-po-8-328,Polaris Ranger Axle Rear 500 700 800 Quadboss Heavy Duty TRM-PO-8-328 | Flip and Strip,86,Polaris Ranger Axle Rear 500 700 800 Quadboss Heavy Duty TRM-PO-8-328. New other (see details) QuadBoss. Price: $49.95. Polaris Ranger 500 700 800 Quadboss,155,200,https://flipandstrip.com/product/6322/polaris-ranger-axle-rear-500-700-800-quadboss-heavy-duty-trm-po-8-328,"index, follow",QuadBoss,TRM-PO-8-328,used,SIDE by SIDE / SXS /UTV > Side by SIde / UTV Accessories,360,"Polaris Ranger 500 700 800 Quadboss Axle TRM-PO-8-328 Replaces 1332722 High-strength, 40CR chromium bar thats precision-machined to match O.E.M fitment specs",7,200,LONG_TITLE_REVIEW; IMAGE_DIMENSIONS; RESPONSIVE_IMAGE; MARKETPLACE_BOILERPLATE; EBAY_SHIPPING_COPY
6323,10189 FAS,https://flipandstrip.com/product/6323/yamaha-yfm600-grizzly-atv-98-01-piston-96mm-bore-wiseco-racing-4797m09600,Yamaha YFM600 Grizzly ATV 98-01 Piston 96mm Bore Wiseco Racing 4797M09600 | Flip and Strip,90,Yamaha YFM600 Grizzly ATV 98-01 Piston 96mm Bore Wiseco Racing 4797M09600. New Wiseco. Price: $199.95. Yamaha YFM 600 Grizzly 98-01 Wiseco Racing Piston,152,200,https://flipandstrip.com/product/6323/yamaha-yfm600-grizzly-atv-98-01-piston-96mm-bore-wiseco-racing-4797m09600,"index, follow",Wiseco,4797M09600,new,ATV 4 WHEELER / ATC 3 WHEELER > YAMAHA > YAMAHA,296,Yamaha YFM 600 Grizzly 98-01 Wiseco Racing Piston 4797M09600 The Wiseco team has remained at the forefront of powersports performance through every era and,7,200,LONG_TITLE_REVIEW; IMAGE_DIMENSIONS; RESPONSIVE_IMAGE; MARKETPLACE_BOILERPLATE; EBAY_SHIPPING_COPY; USED_TEMPLATE_ON_NEW_ITEM
6324,10192 FAS,https://flipandstrip.com/product/6324/honda-crf-450-13-16-wiseco-racing-piston-40089m09600,Honda CRF 450 13-16 Wiseco Racing Piston 40089M09600 | Flip and Strip,69,Honda CRF 450 13-16 Wiseco Racing Piston 40089M09600. New Wiseco. Price: $209.95. Honda CRF 450 13-16 Wiseco Racing Piston40089M09600 The Wiseco team has,153,200,https://flipandstrip.com/product/6324/honda-crf-450-13-16-wiseco-racing-piston-40089m09600,"index, follow",Wiseco,40089M09600,new,DIRT BIKE / MOTOCROSS > HONDA > CRF 450,300,Honda CRF 450 13-16 Wiseco Racing Piston40089M09600 The Wiseco team has remained at the forefront of powersports performance through every era and evolution,6,200,IMAGE_DIMENSIONS; RESPONSIVE_IMAGE; MARKETPLACE_BOILERPLATE; EBAY_SHIPPING_COPY; USED_TEMPLATE_ON_NEW_ITEM
6325,10191 FAS,https://flipandstrip.com/product/6325/honda-crf450r-crf450x-02-17-piston-95-94mm-wiseco-racing-4755m09600,Honda CRF450R CRF450X 02-17 Piston 95.94mm Wiseco Racing 4755M09600 | Flip and Strip,84,Honda CRF450R CRF450X 02-17 Piston 95.94mm Wiseco Racing 4755M09600. New Wiseco. Price: $224.95. Honda CRF450R CRF450X 02-17 Wiseco Racing Piston 4755M09600,156,200,https://flipandstrip.com/product/6325/honda-crf450r-crf450x-02-17-piston-95-94mm-wiseco-racing-4755m09600,"index, follow",Wiseco,4755M09600,new,DIRT BIKE / MOTOCROSS > HONDA > CRF 450,340,Honda CRF450R CRF450X 02-17 Wiseco Racing Piston 4755M09600 The Wiseco team has remained at the forefront of powersports performance through every era and,6,200,LONG_TITLE_REVIEW; IMAGE_DIMENSIONS; RESPONSIVE_IMAGE; MARKETPLACE_BOILERPLATE; EBAY_SHIPPING_COPY; USED_TEMPLATE_ON_NEW_ITEM
6326,10190 FAS,https://flipandstrip.com/product/6326/suz-drz400-ltz400-kaw-klx-kfx-400-piston-kit-90mm-bore-wiseco-racing-4714m09000,SUZ DRZ400 LTZ400 KAW KLX KFX 400 Piston Kit 90mm Bore Wiseco Racing 4714M09000 | Flip and Strip,96,SUZ DRZ400 LTZ400 KAW KLX KFX 400 Piston Kit 90mm Bore Wiseco Racing 4714M09000. New Wiseco. Price: $209.95. SUZ DRZ400 KAW KLX/KFX 400 Wiseco Racing Piston,156,200,https://flipandstrip.com/product/6326/suz-drz400-ltz400-kaw-klx-kfx-400-piston-kit-90mm-bore-wiseco-racing-4714m09000,"index, follow",Wiseco,4714M09000,new,DIRT BIKE / MOTOCROSS > GENERAL / PERFORMANCE,390,SUZ DRZ400 KAW KLX/KFX 400 Wiseco Racing Piston 4714M09000 The Wiseco team has led the powersports performance industry through eras and technological,7,200,LONG_TITLE_REVIEW; IMAGE_DIMENSIONS; RESPONSIVE_IMAGE; MARKETPLACE_BOILERPLATE; EBAY_SHIPPING_COPY; USED_TEMPLATE_ON_NEW_ITEM
6327,10193 FAS,https://flipandstrip.com/product/6327/piston-kit-standard-bore-67-50-mm-for-honda-cb360-cj360-cl360-wiseco-40057m06750,Piston Kit Standard Bore 67.50 mm for Honda CB360 CJ360 CL360 Wiseco 40057M06750 | Flip and Strip,97,Piston Kit Standard Bore 67.50 mm for Honda CB360 CJ360 CL360 Wiseco 40057M06750. New Wiseco. Price: $199.95. Honda CB360 CJ360 CL360 Wiseco Racing Piston,154,200,https://flipandstrip.com/product/6327/piston-kit-standard-bore-67-50-mm-for-honda-cb360-cj360-cl360-wiseco-40057m06750,"index, follow",Wiseco,40057M06750,new,MOTORCYCLE > HONDA > HONDA MOTORCYCLE,346,"Honda CB360 CJ360 CL360 Wiseco Racing Piston 40057M06750 Product Series 4 Stroke Forged Series Included Components Ring Set #2658XC, Wrist Pin #S256, CirClip",6,200,LONG_TITLE_REVIEW; IMAGE_DIMENSIONS; RESPONSIVE_IMAGE; MARKETPLACE_BOILERPLATE; EBAY_SHIPPING_COPY; USED_TEMPLATE_ON_NEW_ITEM
6329,10194 FAS,https://flipandstrip.com/product/6329/honda-crf250r-2006-pro-circuit-stainless-steel-exhaust-header-pipe-4h06250h2,Honda CRF250R 2006 Pro Circuit Stainless Steel Exhaust Header Pipe 4H06250H2 | Flip and Strip,93,Honda CRF250R 2006 Pro Circuit Stainless Steel Exhaust Header Pipe 4H06250H2. New Pro Circuit. Price: $189.95. Pro Circuit 4H06250H2 Available in stainless,155,200,https://flipandstrip.com/product/6329/honda-crf250r-2006-pro-circuit-stainless-steel-exhaust-header-pipe-4h06250h2,"index, follow",Pro Circuit,4H06250H2,new,DIRT BIKE / MOTOCROSS > HONDA > CRF250R,345,"Pro Circuit 4H06250H2 Available in stainless steel, the hand-built Head Pipe allows for one of the finest bolt-on modifications that you can add to your",10,200,LONG_TITLE_REVIEW; IMAGE_DIMENSIONS; RESPONSIVE_IMAGE; MARKETPLACE_BOILERPLATE; EBAY_SHIPPING_COPY; USED_TEMPLATE_ON_NEW_ITEM
6330,10195 FAS,https://flipandstrip.com/product/6330/yamaha-rhino-700-yxr-brake-rotor-disc-rear-ebc-2008-2013-heavy-duty-performance,Yamaha Rhino 700 YXR Brake Rotor Disc Rear EBC 2008-2013 Heavy Duty Performance | Flip and Strip,96,"Yamaha Rhino 700 YXR Brake Rotor Disc Rear EBC 2008-2013 Heavy Duty Performance. New EBC. Price: $99.95. MD6332D ( This part is brand new , the packaging has",157,200,https://flipandstrip.com/product/6330/yamaha-rhino-700-yxr-brake-rotor-disc-rear-ebc-2008-2013-heavy-duty-performance,"index, follow",EBC,4H06250H2,new,SIDE by SIDE / SXS /UTV > YAMAHA,248,"MD6332D ( This part is brand new , the packaging has some defects ) Vehicle Fitment: Rear position on Yamaha Rhino 700 models (2008–2013).Dimensions: 7-1/4 i",14,200,LONG_TITLE_REVIEW; IMAGE_DIMENSIONS; RESPONSIVE_IMAGE; MARKETPLACE_BOILERPLATE; EBAY_SHIPPING_COPY; USED_TEMPLATE_ON_NEW_ITEM
6331,10196 FAS,https://flipandstrip.com/product/6331/alpinestars-supertech-m8-echo-helmet-mips-medium-yellow-black-motocross-ebike,Alpinestars Supertech M8 Echo Helmet MIPS Medium Yellow Black Motocross Ebike | Flip and Strip,94,Alpinestars Supertech M8 Echo Helmet MIPS Medium Yellow Black Motocross Ebike. New with tags Alpinestars. Price: $399.95. Alpinestars Supertech M8 Echo MIPS,156,200,https://flipandstrip.com/product/6331/alpinestars-supertech-m8-echo-helmet-mips-medium-yellow-black-motocross-ebike,"index, follow",Alpinestars,4H06250H2,used,APPAREL BIKERS RIDERS,361,"Alpinestars Supertech M8 Echo MIPS Helmet in Size Medium, featuring the Black / Matte/Glossy Yellow Fluo colorway. MIPS Protection System: Equipped with the",24,200,LONG_TITLE_REVIEW; IMAGE_DIMENSIONS; RESPONSIVE_IMAGE; MARKETPLACE_BOILERPLATE; EBAY_SHIPPING_COPY
6332,10170 FAS,https://flipandstrip.com/product/6332/triumph-brake-rotor-disc-rear-ebc-255-vcr641-daytona-speed-sprint-trophy-sprint,Triumph Brake Rotor Disc Rear EBC 255 VCR641 Daytona Speed Sprint Trophy Sprint | Flip and Strip,96,"Triumph Brake Rotor Disc Rear EBC 255 VCR641 Daytona Speed Sprint Trophy Sprint. New EBC. Price: $119.95. ( This part is brand new , the packaging has some",155,200,https://flipandstrip.com/product/6332/triumph-brake-rotor-disc-rear-ebc-255-vcr641-daytona-speed-sprint-trophy-sprint,"index, follow",EBC,VR641,new,MOTORCYCLE > TRIUMPH > TRIUMPH,375,"( This part is brand new , the packaging has some defects ) EBC Vee-Rotors Rear Brake Rotors VR641 British-made heat-treated and tempered stainless steel",10,200,LONG_TITLE_REVIEW; IMAGE_DIMENSIONS; RESPONSIVE_IMAGE; MARKETPLACE_BOILERPLATE; EBAY_SHIPPING_COPY; USED_TEMPLATE_ON_NEW_ITEM
6333,10196 FAS,https://flipandstrip.com/product/6333/honda-trx420-trx500-rubicon-rancher-axle-rear-half-shaft-atv-extreme-duty,Honda TRX420 TRX500 Rubicon Rancher Axle Rear Half Shaft ATV Extreme Duty | Flip and Strip,90,Honda TRX420 TRX500 Rubicon Rancher Axle Rear Half Shaft ATV Extreme Duty. New ALL BALLS. Price: $99.95. Honda TRX420 TRX500 Rubicon Rancher All Balls Rear,155,200,https://flipandstrip.com/product/6333/honda-trx420-trx500-rubicon-rancher-axle-rear-half-shaft-atv-extreme-duty,"index, follow",ALL BALLS,AB8-HO-8-327,new,ATV 4 WHEELER / ATC 3 WHEELER > HONDA > TRX 400 - 500,357,Honda TRX420 TRX500 Rubicon Rancher All Balls Rear AxleAB8-HO-8-327 Replaces Honda part number 42250-HR6-A61 All Balls 8Ball Extreme Duty Rear AxleUpgrade your,8,200,LONG_TITLE_REVIEW; IMAGE_DIMENSIONS; RESPONSIVE_IMAGE; MARKETPLACE_BOILERPLATE; EBAY_SHIPPING_COPY; USED_TEMPLATE_ON_NEW_ITEM
6334,10197 FAS,https://flipandstrip.com/product/6334/brake-lever-yamaha-r1-and-kawasaki-z750-800-ninja-650-kle-vortex-race-2-0-lvb177,Brake Lever Yamaha R1 and Kawasaki Z750 800 Ninja 650 KLE Vortex Race 2.0 LVB177 | Flip and Strip,97,Brake Lever Yamaha R1 and Kawasaki Z750 800 Ninja 650 KLE Vortex Race 2.0 LVB177. New Vortex. Price: $74.95. Kawasaki Yamaha Vortex Race Brake Lever 2.0 LVB177,159,200,https://flipandstrip.com/product/6334/brake-lever-yamaha-r1-and-kawasaki-z750-800-ninja-650-kle-vortex-race-2-0-lvb177,"index, follow",Vortex,LVB177,new,MOTORCYCLE > KAWASAKI > EX 650 R NINJA / ER 650,281,"Kawasaki Yamaha Vortex Race Brake Lever 2.0 LVB177 Experience precision engineering with the Vortex V3 2.0 Levers, meticulously crafted from aerospace-grade",7,200,LONG_TITLE_REVIEW; IMAGE_DIMENSIONS; RESPONSIVE_IMAGE; MARKETPLACE_BOILERPLATE; EBAY_SHIPPING_COPY; USED_TEMPLATE_ON_NEW_ITEM
6336,10201 FAS,https://flipandstrip.com/product/6336/kawasaki-zx6r-ninja-zx-6r-air-filter-k-n-high-flow-2007-2008-performance-ka-6007,Kawasaki ZX6R Ninja ZX-6R Air Filter K&N High Flow 2007-2008 Performance KA 6007 | Flip and Strip,97,Kawasaki ZX6R Ninja ZX-6R Air Filter K&N High Flow 2007-2008 Performance KA 6007. New K&N Filters. Price: $69.95. 2007-2008 Kawasaki ZX600 Ninja ZX-6R 599cc,156,200,https://flipandstrip.com/product/6336/kawasaki-zx6r-ninja-zx-6r-air-filter-k-n-high-flow-2007-2008-performance-ka-6007,"index, follow",K&N Filters,6007,new,MOTORCYCLE > KAWASAKI > ZX6R NINJA + ZX600,317,"2007-2008 Kawasaki ZX600 Ninja ZX-6R 599cc K&N High-Flow Air Filter for Motorcycles is engineered to increase airflow for improved horsepower, throttle",11,200,LONG_TITLE_REVIEW; IMAGE_DIMENSIONS; RESPONSIVE_IMAGE; MARKETPLACE_BOILERPLATE; EBAY_SHIPPING_COPY; USED_TEMPLATE_ON_NEW_ITEM
6338,10202 FAS,https://flipandstrip.com/product/6338/yamaha-yz450f-06-09-crankshaft-rod-bearings-gasket-wiseco-bottom-end-rebuild-kit,Yamaha YZ450F 06-09 Crankshaft Rod Bearings Gasket Wiseco Bottom End Rebuild Kit | Flip and Strip,97,Yamaha YZ450F 06-09 Crankshaft Rod Bearings Gasket Wiseco Bottom End Rebuild Kit. New Wiseco. Price: $499.95. Yamaha YZ450F 06-09 Crankshaft Kit Wiseco’s b,155,200,https://flipandstrip.com/product/6338/yamaha-yz450f-06-09-crankshaft-rod-bearings-gasket-wiseco-bottom-end-rebuild-kit,"index, follow",Wiseco,wpc151,new,DIRT BIKE / MOTOCROSS > YAMAHA > YZ450F,279,"Yamaha YZ450F 06-09 Crankshaft Kit Wiseco’s bottom-end rebuild kits help save time and money for your dirt bike, ATV, or UTV bottom-end rebuild. Available for m",18,200,LONG_TITLE_REVIEW; IMAGE_DIMENSIONS; RESPONSIVE_IMAGE; MARKETPLACE_BOILERPLATE; EBAY_SHIPPING_COPY; USED_TEMPLATE_ON_NEW_ITEM
6339,10203 FAS,https://flipandstrip.com/product/6339/maico-250-top-end-gasket-kit-681-0320-vertex-810320-dirt-bike-motocross,Maico 250 Top End Gasket Kit 681-0320 Vertex 810320 Dirt Bike Motocross | Flip and Strip,88,Maico 250 Top End Gasket Kit 681-0320 Vertex 810320 Dirt Bike Motocross. New Vertex. Price: $44.44. Maico 250 Top End Gasket Kit 681-0320 Vertex 810320 7 14205,159,200,https://flipandstrip.com/product/6339/maico-250-top-end-gasket-kit-681-0320-vertex-810320-dirt-bike-motocross,"index, follow",Vertex,681-0320,new,DIRT BIKE / MOTOCROSS > DIRT BIKE,235,"Maico 250 Top End Gasket Kit 681-0320 Vertex 810320 7 14205 80320 4 Made in USA top-end gasket kit designed for vintage off-road motorcycles, specifically",5,200,LONG_TITLE_REVIEW; IMAGE_DIMENSIONS; RESPONSIVE_IMAGE; MARKETPLACE_BOILERPLATE; EBAY_SHIPPING_COPY; USED_TEMPLATE_ON_NEW_ITEM
6340,10207 FAS,https://flipandstrip.com/product/6340/honda-cbr600rr-07-cowling-right-upper-mid-silver-blue-panel-fairing-genuine-oem,Honda CBR600rr 07 Cowling Right Upper Mid Silver Blue Panel Fairing Genuine OEM | Flip and Strip,96,Honda CBR600rr 07 Cowling Right Upper Mid Silver Blue Panel Fairing Genuine OEM. New Honda. Price: $299.95. Honda Cowling Upper Mid Right Silver and Blue,153,200,https://flipandstrip.com/product/6340/honda-cbr600rr-07-cowling-right-upper-mid-silver-blue-panel-fairing-genuine-oem,"index, follow",Honda,64300-MFJ-D00ZN,new,MOTORCYCLE > HONDA > CBR 600,231,"Honda Cowling Upper Mid Right Silver and Blue Genuine OEM Honda.64300-MFJ-D00ZN Exact OEM part in brand new condition Honda 64300-MFJ-D00ZN COWL , R. MIDDLE A",7,200,LONG_TITLE_REVIEW; IMAGE_DIMENSIONS; RESPONSIVE_IMAGE; MARKETPLACE_BOILERPLATE; EBAY_SHIPPING_COPY; USED_TEMPLATE_ON_NEW_ITEM
6341,10206 FAS,https://flipandstrip.com/product/6341/kawasaki-ninja-ex-400-z400-exhaust-slip-on-muffler-akrapovic-real-carbon-fiber,Kawasaki Ninja EX 400 Z400 Exhaust Slip On Muffler Akrapovic (REAL) Carbon Fiber | Flip and Strip,97,Kawasaki Ninja EX 400 Z400 Exhaust Slip On Muffler Akrapovic (REAL) Carbon Fiber. New other (see details) AKRAPOVIC. Price: $589.76. Kawasaki Ninja 400 Z400,156,200,https://flipandstrip.com/product/6341/kawasaki-ninja-ex-400-z400-exhaust-slip-on-muffler-akrapovic-real-carbon-fiber,"index, follow",AKRAPOVIC,75-124878,used,MOTORCYCLE > KAWASAKI > KAWASAKI SPORT BIKE,385,Kawasaki Ninja 400 Z400 Akrapovic Exhaust System 75-124878 This carbon fiber slip-on muffler set offers the unique Akrapovic sound as well as weight savings,9,200,LONG_TITLE_REVIEW; IMAGE_DIMENSIONS; RESPONSIVE_IMAGE; MARKETPLACE_BOILERPLATE; EBAY_SHIPPING_COPY
6342,10208 FAS,https://flipandstrip.com/product/6342/clutch-outer-hub-basket-ktm-85-105-sx-husqvarna-tc85-wiseco-forged-heavy-duty,Clutch Outer Hub Basket KTM 85 105 SX Husqvarna TC85 Wiseco Forged Heavy Duty | Flip and Strip,94,Clutch Outer Hub Basket KTM 85 105 SX Husqvarna TC85 Wiseco Forged Heavy Duty. New Wiseco. Price: $198.76. Husqvarna TC85 KTM 85 105 SX Wiseco Forged Clutch,156,200,https://flipandstrip.com/product/6342/clutch-outer-hub-basket-ktm-85-105-sx-husqvarna-tc85-wiseco-forged-heavy-duty,"index, follow",Wiseco,WPP3045,new,DIRT BIKE / MOTOCROSS > HUSQVARNA,460,"Husqvarna TC85 KTM 85 105 SX Wiseco Forged Clutch Components WPP3045 Wiseco leads the clutch aftermarket with high performance FORGED clutch baskets, inner",7,200,LONG_TITLE_REVIEW; IMAGE_DIMENSIONS; RESPONSIVE_IMAGE; MARKETPLACE_BOILERPLATE; EBAY_SHIPPING_COPY; USED_TEMPLATE_ON_NEW_ITEM
6343,10204 FAS,https://flipandstrip.com/product/6343/belt-cvt-drive-can-am-utv-sxs-commander-defender-maverick-traxter-ultimax-ua487,Belt CVT Drive Can AM UTV SXS Commander Defender Maverick Traxter Ultimax UA487 | Flip and Strip,96,Belt CVT Drive Can AM UTV SXS Commander Defender Maverick Traxter Ultimax UA487. New Ultimax. Price: $98.76. Fiber-loaded rubber designed to grip the clutches,158,200,https://flipandstrip.com/product/6343/belt-cvt-drive-can-am-utv-sxs-commander-defender-maverick-traxter-ultimax-ua487,"index, follow",Ultimax,ua487,new,OTHER,458,Fiber-loaded rubber designed to grip the clutches and to stay that way over the life of the beltEach belt has rubber compounds that work best for the,11,200,LONG_TITLE_REVIEW; IMAGE_DIMENSIONS; RESPONSIVE_IMAGE; DESCRIPTION_RELEVANCE_REVIEW; MARKETPLACE_BOILERPLATE; EBAY_SHIPPING_COPY; USED_TEMPLATE_ON_NEW_ITEM
6344,10205 FAS,https://flipandstrip.com/product/6344/harley-davidson-fltr-road-glide-17-up-clutch-line-hose-kit-4-added-goodridge,"Harley Davidson FLTR Road Glide 17-UP Clutch Line Hose Kit 4"" Added Goodridge | Flip and Strip",94,"Harley Davidson FLTR Road Glide 17-UP Clutch Line Hose Kit 4"" Added Goodridge. New Goodridge. Price: $59.95. Goodridge HD0005 - 1CBK - 4 817-02054 2017 FLTR",156,200,https://flipandstrip.com/product/6344/harley-davidson-fltr-road-glide-17-up-clutch-line-hose-kit-4-added-goodridge,"index, follow",Goodridge,HD0005 - 1CBK - 4,new,MOTORCYCLE > HARLEY DAVIDSON > HARLEY DAVIDSON,282,"Goodridge HD0005 - 1CBK - 4 817-02054 2017 FLTR +4"" Black +4 inches over stock length (ideal for installing aftermarket handlebars) 2017 - UP Harley Davidson",17,200,LONG_TITLE_REVIEW; IMAGE_DIMENSIONS; RESPONSIVE_IMAGE; MARKETPLACE_BOILERPLATE; EBAY_SHIPPING_COPY; USED_TEMPLATE_ON_NEW_ITEM
6345,10137 FAS,https://flipandstrip.com/product/6345/kawasaki-kx450-19-23-fmf-rct4-1-slipon-muffler-exhaust-pipe-blue-titanium-carbon,Kawasaki KX450 19-23 FMF RCT4.1 SlipOn Muffler Exhaust Pipe Blue Titanium Carbon | Flip and Strip,97,Kawasaki KX450 19-23 FMF RCT4.1 SlipOn Muffler Exhaust Pipe Blue Titanium Carbon. New other (see details) FMF Racing. Price: $449.95. This is open box THERE IS,159,200,https://flipandstrip.com/product/6345/kawasaki-kx450-19-23-fmf-rct4-1-slipon-muffler-exhaust-pipe-blue-titanium-carbon,"index, follow",FMF Racing,042371,used,DIRT BIKE / MOTOCROSS > KAWASAKI > KX 450,405,"This is open box THERE IS NO HARDWARE PACKET INCLUDED and THERE IS SOME DAMAGE AND FLAWS examples shown in pictures, pointed out with a pen see ALL pictures",24,200,LONG_TITLE_REVIEW; IMAGE_DIMENSIONS; RESPONSIVE_IMAGE; DESCRIPTION_RELEVANCE_REVIEW; MARKETPLACE_BOILERPLATE; EBAY_SHIPPING_COPY
6346,10209 FAS,https://flipandstrip.com/product/6346/helmet-agv-numo-white-medium-modular-ventilated-with-lever-controlled-sun-visor,Helmet AGV Numo White Medium Modular Ventilated With Lever Controlled Sun Visor | Flip and Strip,96,Helmet AGV Numo White Medium Modular Ventilated With Lever Controlled Sun Visor. New with tags AGV. Price: $198.76. AGV NUMO MODULAR White Medium IVS,149,200,https://flipandstrip.com/product/6346/helmet-agv-numo-white-medium-modular-ventilated-with-lever-controlled-sun-visor,"index, follow",AGV,042371,used,MOTORCYCLE > MOTORCYCLE,256,AGV NUMO MODULAR White Medium IVS (Integrated Ventilation System) hollowed into shell Type: Modular (flip-up chin bar) Color: Solid White Size: Medium (MD),19,200,LONG_TITLE_REVIEW; IMAGE_DIMENSIONS; RESPONSIVE_IMAGE; MARKETPLACE_BOILERPLATE; EBAY_SHIPPING_COPY
6347,10210 FAS,https://flipandstrip.com/product/6347/dodge-ram-truck-air-k-n-filter-washable-boost-horsepower-and-mpg-fuel-mileage,Dodge Ram Truck Air K&N Filter Washable Boost Horsepower and MPG Fuel mileage | Flip and Strip,94,Dodge Ram Truck Air K&N Filter Washable Boost Horsepower and MPG Fuel mileage. New K&N. Price: $44.44. K&N SA 2247 K&N Select Filter SAVES MONEY: K&N Select,156,200,https://flipandstrip.com/product/6347/dodge-ram-truck-air-k-n-filter-washable-boost-horsepower-and-mpg-fuel-mileage,"index, follow",K&N,SA 2247,new,CAR & TRUCK PARTS CLEARANCE,395,K&N SA 2247 K&N Select Filter SAVES MONEY: K&N Select washable air filters will save you $200 over 10 years by eliminating the cost of traditional paper,11,200,LONG_TITLE_REVIEW; IMAGE_DIMENSIONS; RESPONSIVE_IMAGE; MARKETPLACE_BOILERPLATE; EBAY_SHIPPING_COPY; USED_TEMPLATE_ON_NEW_ITEM
6349,10212 FAS,https://flipandstrip.com/product/6349/t-shirt-alpinestars-blast-xl-grey-motorcycle-riders-apparel-biker-camo-logo,T Shirt Alpinestars Blast XL Grey Motorcycle Riders Apparel Biker Camo Logo | Flip and Strip,92,"T Shirt Alpinestars Blast XL Grey Motorcycle Riders Apparel Biker Camo Logo. New with tags Alpinestars. Price: $18.75. Great biker gift!!! , Soft hand print",156,200,https://flipandstrip.com/product/6349/t-shirt-alpinestars-blast-xl-grey-motorcycle-riders-apparel-biker-camo-logo,"index, follow",Alpinestars,,used,APPAREL BIKERS RIDERS,286,"Great biker gift!!! , Soft hand print, Internal neck print, external labeling Alpinestars Blast T Shirt XL Grey Alpinestars Blast T-Shirt XL Grey Motorcycle",10,200,LONG_TITLE_REVIEW; IMAGE_DIMENSIONS; RESPONSIVE_IMAGE; MARKETPLACE_BOILERPLATE; EBAY_SHIPPING_COPY; MISSING_MPN_REVIEW
6350,10213 FAS,https://flipandstrip.com/product/6350/wire-harness-adapter-suzuki-outboard-df-40-250-square-to-round-connector-key,Wire Harness adapter Suzuki Outboard DF 40-250 Square to Round Connector Key | Flip and Strip,93,Wire Harness adapter Suzuki Outboard DF 40-250 Square to Round Connector Key. New Suzuki. Price: $149.95. Wiring Harness Adapter 36620-93J22 Harness adapter,156,200,https://flipandstrip.com/product/6350/wire-harness-adapter-suzuki-outboard-df-40-250-square-to-round-connector-key,"index, follow",Suzuki,36620-93J22-000,new,MARINE / BOAT PARTS > SUZUKI OUTBOARD BOAT MOTOR,285,Wiring Harness Adapter 36620-93J22 Harness adapter Adapts 2005-and up model key switch harness with square connector to 2004 and earlier engines with round,11,200,LONG_TITLE_REVIEW; IMAGE_DIMENSIONS; RESPONSIVE_IMAGE; MARKETPLACE_BOILERPLATE; EBAY_SHIPPING_COPY; USED_TEMPLATE_ON_NEW_ITEM
6352,10214 FAS,https://flipandstrip.com/product/6352/sprocket-37-tooth-rear-honda-grom-msx125-crf50f-crx50-z125-monkey-supersprox-blk,Sprocket 37 Tooth Rear Honda Grom MSX125 CRF50F CRX50 Z125 Monkey Supersprox BLK | Flip and Strip,97,Sprocket 37 Tooth Rear Honda Grom MSX125 CRF50F CRX50 Z125 Monkey Supersprox BLK. New Supersprox. Price: $45.67. Supersprox Black Aluminum Rear Sprocket,152,200,https://flipandstrip.com/product/6352/sprocket-37-tooth-rear-honda-grom-msx125-crf50f-crx50-z125-monkey-supersprox-blk,"index, follow",Supersprox,RAL-214:37-BLK,new,MOTORCYCLE > HONDA > HONDA MOTORCYCLE,352,Supersprox Black Aluminum Rear Sprocket - RAL-214-37-BLK 420 CHAIN 37 TEETH high-performance aluminum rear sprocket manufactured by Supersprox. It is primarily,9,200,LONG_TITLE_REVIEW; IMAGE_DIMENSIONS; RESPONSIVE_IMAGE; MARKETPLACE_BOILERPLATE; EBAY_SHIPPING_COPY; USED_TEMPLATE_ON_NEW_ITEM
6353,10174 FAS,https://flipandstrip.com/product/6353/stator-yamaha-yfm350-wolverine-atv-big-bear-heavy-duty-95-02-charging-generator,Stator Yamaha YFM350 Wolverine ATV Big Bear Heavy Duty 95-02 Charging Generator | Flip and Strip,96,Stator Yamaha YFM350 Wolverine ATV Big Bear Heavy Duty 95-02 Charging Generator. New Electrosport Industries. Price: $98.76. ESG436 Stator YFM350 Wolverine,155,200,https://flipandstrip.com/product/6353/stator-yamaha-yfm350-wolverine-atv-big-bear-heavy-duty-95-02-charging-generator,"index, follow",Electrosport Industries,ESG436,new,ATV 4 WHEELER / ATC 3 WHEELER > YAMAHA > YAMAHA,319,ESG436 Stator YFM350 Wolverine (95-02) Big Bear (97-99) ElectroSport manufactures the ESG436 stator using the highest grade copper windings and a modern stator,16,200,LONG_TITLE_REVIEW; IMAGE_DIMENSIONS; RESPONSIVE_IMAGE; MARKETPLACE_BOILERPLATE; EBAY_SHIPPING_COPY; USED_TEMPLATE_ON_NEW_ITEM
6354,10220 FAS,https://flipandstrip.com/product/6354/clutch-outer-hub-basket-honda-crf250r-10-17-wiseco-forged-heavy-duty-wpp3056,Clutch Outer Hub Basket Honda CRF250R '10-17 Wiseco Forged Heavy Duty WPP3056 | Flip and Strip,94,"Clutch Outer Hub Basket Honda CRF250R '10-17 Wiseco Forged Heavy Duty WPP3056. New wiseco. Price: $222.22. Wiseco clutch baskets are engineered, forged, and",156,200,https://flipandstrip.com/product/6354/clutch-outer-hub-basket-honda-crf250r-10-17-wiseco-forged-heavy-duty-wpp3056,"index, follow",wiseco,WPP3056,new,DIRT BIKE / MOTOCROSS > GENERAL / PERFORMANCE,337,"Wiseco clutch baskets are engineered, forged, and machined in-house in its USA manufacturing facility. Thanks to the increased tensile strength of the forged",7,200,LONG_TITLE_REVIEW; DUPLICATE_SCHEMA_DESCRIPTION; IMAGE_DIMENSIONS; RESPONSIVE_IMAGE; MARKETPLACE_BOILERPLATE; EBAY_SHIPPING_COPY; USED_TEMPLATE_ON_NEW_ITEM
6355,10222 FAS,https://flipandstrip.com/product/6355/yamaha-yxz1000r-cv-axle-front-drive-half-shaft-4-long-travel-demon-heavy-duty,Yamaha YXZ1000R CV Axle Front Drive Half Shaft +4 Long Travel Demon Heavy Duty | Flip and Strip,95,Yamaha YXZ1000R CV Axle Front Drive Half Shaft +4 Long Travel Demon Heavy Duty. New Demon Powersports. Price: $289.76. Yamaha YXZ1000R Demon Powersports Heavy,158,200,https://flipandstrip.com/product/6355/yamaha-yxz1000r-cv-axle-front-drive-half-shaft-4-long-travel-demon-heavy-duty,"index, follow",Demon Powersports,0214-1523,new,SIDE by SIDE / SXS /UTV > YAMAHA,312,Yamaha YXZ1000R Demon Powersports Heavy Duty Extreme AxlePAXL-8018XHD-4 Replaces Yamaha part number 2HC-2518F-00-00 for extended or long travel suspension. The,8,200,LONG_TITLE_REVIEW; IMAGE_DIMENSIONS; RESPONSIVE_IMAGE; MARKETPLACE_BOILERPLATE; EBAY_SHIPPING_COPY; USED_TEMPLATE_ON_NEW_ITEM
6356,10219 FAS,https://flipandstrip.com/product/6356/speakers-kawasaki-teryx-1000-krxm-rear-utv-sxs-audio-sound-hifonics-krx-65rp,Speakers Kawasaki Teryx 1000 KRXM Rear UTV SXS Audio Sound HIFONICS KRX-65RP | Flip and Strip,93,Speakers Kawasaki Teryx 1000 KRXM Rear UTV SXS Audio Sound HIFONICS KRX-65RP. New Kawasaki. Price: $349.95. Kawasaki Teryx KRXM 1000 HIFONICS Rear,146,200,https://flipandstrip.com/product/6356/speakers-kawasaki-teryx-1000-krxm-rear-utv-sxs-audio-sound-hifonics-krx-65rp,"index, follow",Kawasaki,KRX-65RP,new,SIDE by SIDE / SXS /UTV > KAWASAKI > Teryx,407,Kawasaki Teryx KRXM 1000 HIFONICS Rear SpeakersKRX-65RP Rear Pod Speaker Set by Hifonics®These rear speakers are designed for the Teryx KRX® 1000 Audio System (,12,200,LONG_TITLE_REVIEW; IMAGE_DIMENSIONS; RESPONSIVE_IMAGE; MARKETPLACE_BOILERPLATE; EBAY_SHIPPING_COPY; USED_TEMPLATE_ON_NEW_ITEM
6357,10221 FAS,https://flipandstrip.com/product/6357/clutch-outer-hub-basket-honda-crf-450-r-wiseco-forged-heavy-duty-wpp3044,Clutch Outer Hub Basket Honda CRF 450 R Wiseco Forged Heavy Duty WPP3044 | Flip and Strip,89,Clutch Outer Hub Basket Honda CRF 450 R Wiseco Forged Heavy Duty WPP3044. New wiseco. Price: $234.56. Clutch Outer Hub Basket Honda CRF 450 R Wiseco Forged,155,200,https://flipandstrip.com/product/6357/clutch-outer-hub-basket-honda-crf-450-r-wiseco-forged-heavy-duty-wpp3044,"index, follow",wiseco,WPP3044,new,DIRT BIKE / MOTOCROSS > HONDA > CRF 450,456,"Clutch Outer Hub Basket Honda CRF 450 R Wiseco Forged Heavy DutyWPP3044 Wiseco leads the clutch aftermarket with high performance FORGED clutch baskets, inner",8,200,LONG_TITLE_REVIEW; IMAGE_DIMENSIONS; RESPONSIVE_IMAGE; MARKETPLACE_BOILERPLATE; EBAY_SHIPPING_COPY; USED_TEMPLATE_ON_NEW_ITEM
6358,10224 FAS,https://flipandstrip.com/product/6358/honda-axle-front-left-trx420-trx500-trx520-atv-cv-half-shaft-heavy-duty-quadboss,Honda Axle Front Left TRX420 TRX500 TRX520 ATV CV Half Shaft Heavy Duty Quadboss | Flip and Strip,97,Honda Axle Front Left TRX420 TRX500 TRX520 ATV CV Half Shaft Heavy Duty Quadboss. New QuadBoss. Price: $69.95. Honda TRX420 TRX500 TRX520 Quadboss,146,200,https://flipandstrip.com/product/6358/honda-axle-front-left-trx420-trx500-trx520-atv-cv-half-shaft-heavy-duty-quadboss,"index, follow",QuadBoss,ATV-HO-8-134,new,ATV 4 WHEELER / ATC 3 WHEELER > HONDA > TRX 400 - 500,277,"Honda TRX420 TRX500 TRX520 Quadboss AxleATV-HO-8-134 Replaces Honda part number 44350-HR4-A22 and others, Quadboss replacement axle shafts are made from",7,200,LONG_TITLE_REVIEW; IMAGE_DIMENSIONS; RESPONSIVE_IMAGE; MARKETPLACE_BOILERPLATE; EBAY_SHIPPING_COPY; USED_TEMPLATE_ON_NEW_ITEM
6360,10223 FAS,https://flipandstrip.com/product/6360/polaris-cv-axle-front-drive-half-shaft-atp-sportsman-magnum-quadboss-heavy-duty,Polaris CV Axle Front Drive Half Shaft ATP Sportsman Magnum Quadboss Heavy Duty | Flip and Strip,96,Polaris CV Axle Front Drive Half Shaft ATP Sportsman Magnum Quadboss Heavy Duty. New QuadBoss. Price: $79.95. Polaris ATP Sportsman Magnum Quadboss Rugged,154,200,https://flipandstrip.com/product/6360/polaris-cv-axle-front-drive-half-shaft-atp-sportsman-magnum-quadboss-heavy-duty,"index, follow",QuadBoss,TR6-PO-8-303,new,ATV 4 WHEELER / ATC 3 WHEELER > POLARIS,332,Polaris ATP Sportsman Magnum Quadboss Rugged AxleTR6-PO-8-303 Replaces Polaris part number 1380218 and others. Quadboss replacement axle shafts are made from,8,200,LONG_TITLE_REVIEW; IMAGE_DIMENSIONS; RESPONSIVE_IMAGE; MARKETPLACE_BOILERPLATE; EBAY_SHIPPING_COPY; USED_TEMPLATE_ON_NEW_ITEM
6361,10217 FAS,https://flipandstrip.com/product/6361/sprocket-43t-rear-suzuki-triumph-gold-stealth-supersprox-520-hayabusa-bking-gsxr,Sprocket 43t Rear Suzuki Triumph Gold Stealth Supersprox 520 Hayabusa Bking GSXR | Flip and Strip,97,Sprocket 43t Rear Suzuki Triumph Gold Stealth Supersprox 520 Hayabusa Bking GSXR. New Supersprox. Price: $98.76. SupersproxGold Stealth Rear Sprocket,149,200,https://flipandstrip.com/product/6361/sprocket-43t-rear-suzuki-triumph-gold-stealth-supersprox-520-hayabusa-bking-gsxr,"index, follow",Supersprox,RST-1793-43-gld,new,MOTORCYCLE > SUZUKI > GSX1300R HAYABUSA,429,SupersproxGold Stealth Rear Sprocket - RST-1793-43-GLD for Select Suzuki and Triumph Motorcycles Supersprox Gold Stealth Rear SprocketDrive with flair using,12,200,LONG_TITLE_REVIEW; IMAGE_DIMENSIONS; RESPONSIVE_IMAGE; MARKETPLACE_BOILERPLATE; EBAY_SHIPPING_COPY; USED_TEMPLATE_ON_NEW_ITEM
6362,10215 FAS,https://flipandstrip.com/product/6362/throttle-cables-kawasaki-kx250-kx250f-kx250x-motocross-dirtbike-push-pull-black,Throttle Cables Kawasaki KX250 KX250F KX250X Motocross Dirtbike Push Pull Black | Flip and Strip,96,"Throttle Cables Kawasaki KX250 KX250F KX250X Motocross Dirtbike Push Pull Black. New Motion Pro. Price: $19.87. 03-0443 Motion Pro Throttle Cables Cable, Black",159,200,https://flipandstrip.com/product/6362/throttle-cables-kawasaki-kx250-kx250f-kx250x-motocross-dirtbike-push-pull-black,"index, follow",Motion Pro,03-0443,new,DIRT BIKE / MOTOCROSS > KAWASAKI > KX 250,275,"03-0443 Motion Pro Throttle Cables Cable, Black Vinyl, Throttle Push-Pull Set Black vinyl coil-wound housingMeets or exceeds OEM qualityInner nylon sleeve for",8,200,LONG_TITLE_REVIEW; IMAGE_DIMENSIONS; RESPONSIVE_IMAGE; MARKETPLACE_BOILERPLATE; EBAY_SHIPPING_COPY; USED_TEMPLATE_ON_NEW_ITEM
6363,10225 FAS,https://flipandstrip.com/product/6363/valve-intake-yamaha-yxz1000r-utv-kibbblewhite-31mm-std-sxs-80-81312-stainless,Valve Intake Yamaha YXZ1000R UTV Kibbblewhite 31mm STD SXS 80-81312 Stainless | Flip and Strip,94,Valve Intake Yamaha YXZ1000R UTV Kibbblewhite 31mm STD SXS 80-81312 Stainless. New Kibblewhite Precision. Price: $29.95. WE HAVE THE MATCHING EXHAUST VALVES,156,200,https://flipandstrip.com/product/6363/valve-intake-yamaha-yxz1000r-utv-kibbblewhite-31mm-std-sxs-80-81312-stainless,"index, follow",Kibblewhite Precision,80-81312,new,SIDE by SIDE / SXS /UTV > YAMAHA,331,WE HAVE THE MATCHING EXHAUST VALVES AVAILABLE SEE OUR OTHER SALE ITEMS IN THIS STORE. Kibblewhite Intake Valve 80-81312 Black Diamond Stainless Engine Intake,11,200,LONG_TITLE_REVIEW; IMAGE_DIMENSIONS; RESPONSIVE_IMAGE; MARKETPLACE_BOILERPLATE; EBAY_SHIPPING_COPY; USED_TEMPLATE_ON_NEW_ITEM
6364,10226 FAS,https://flipandstrip.com/product/6364/brake-pads-front-yamaha-yzf600r-r1-mt-fz-07-09-fjr1300-xv1700-road-star-sintered,Brake Pads Front Yamaha YZF600R R1 MT FZ 07 09 FJR1300 XV1700 Road Star Sintered | Flip and Strip,97,Brake Pads Front Yamaha YZF600R R1 MT FZ 07 09 FJR1300 XV1700 Road Star Sintered. New bike master. Price: $23.45. 96-1414Sintered Brake Pads Front Sintered,155,200,https://flipandstrip.com/product/6364/brake-pads-front-yamaha-yzf600r-r1-mt-fz-07-09-fjr1300-xv1700-road-star-sintered,"index, follow",bike master,961414,new,MOTORCYCLE > YAMAHA > YAMAHA SPORT BIKE,522,"96-1414Sintered Brake Pads Front Sintered Brake Pads (Part 96-1414), which are heavy-duty, aramid-fiber metallic pads designed for select Yamaha motorcycles",8,200,LONG_TITLE_REVIEW; IMAGE_DIMENSIONS; RESPONSIVE_IMAGE; MARKETPLACE_BOILERPLATE; EBAY_SHIPPING_COPY; USED_TEMPLATE_ON_NEW_ITEM
6366,10229 FAS,https://flipandstrip.com/product/6366/sprocket-front-gsxr-1000-2017-2025-suzuki-vortex-16t-520p-3487-16-gsxr1000-race,Sprocket Front GSXR 1000 2017-2025 Suzuki Vortex 16t 520p 3487-16 GSXR1000 Race | Flip and Strip,96,Sprocket Front GSXR 1000 2017-2025 Suzuki Vortex 16t 520p 3487-16 GSXR1000 Race. New Vortex. Price: $29.95. Vortex 16 Tooth 520 Pitch Sprocket Front 3487-16,156,200,https://flipandstrip.com/product/6366/sprocket-front-gsxr-1000-2017-2025-suzuki-vortex-16t-520p-3487-16-gsxr1000-race,"index, follow",Vortex,3487-16,new,MOTORCYCLE > SUZUKI > GSXR 1000,293,Vortex 16 Tooth 520 Pitch Sprocket Front 3487-16 Suzuki GSXR 1000 2017-2025 VORTEX (#3487) 520 Pitch Chromoly-Steel Front Sprocket. Tooth Count & Pitch: 16,7,200,LONG_TITLE_REVIEW; IMAGE_DIMENSIONS; RESPONSIVE_IMAGE; MARKETPLACE_BOILERPLATE; EBAY_SHIPPING_COPY; USED_TEMPLATE_ON_NEW_ITEM
6367,10230 FAS,https://flipandstrip.com/product/6367/seat-cover-honda-trx250x-trx300ex-atv-black-quad-works,Seat Cover Honda TRX250X TRX300EX ATV Black Quad Works | Flip and Strip,71,Seat Cover Honda TRX250X TRX300EX ATV Black Quad Works. New quad works. Price: $39.95. 87-92 Honda TRX250X 93-06 TRX300EX Quad Works Black Replacement Seat,155,200,https://flipandstrip.com/product/6367/seat-cover-honda-trx250x-trx300ex-atv-black-quad-works,"index, follow",quad works,30-13093-01,new,ATV 4 WHEELER / ATC 3 WHEELER > HONDA > TRX 300,222,"87-92 Honda TRX250X 93-06 TRX300EX Quad Works Black Replacement Seat Cover Marine-Grade Vinyl: Made from UV-resistant, heavy-duty material built to withstand",9,200,LONG_TITLE_REVIEW; IMAGE_DIMENSIONS; RESPONSIVE_IMAGE; MARKETPLACE_BOILERPLATE; EBAY_SHIPPING_COPY; USED_TEMPLATE_ON_NEW_ITEM
6368,10227 FAS,https://flipandstrip.com/product/6368/barnett-clutch-spring-set-2002-2007-harley-davidson-v-rod-vrsc-heavy-duty-racing,Barnett Clutch Spring Set 2002–2007 Harley-Davidson V-Rod VRSC Heavy Duty Racing | Flip and Strip,97,Barnett Clutch Spring Set 2002–2007 Harley-Davidson V-Rod VRSC Heavy Duty Racing. New Barnett. Price: $29.95. Barnett Clutch Spring Set 2002–2007 Har,149,200,https://flipandstrip.com/product/6368/barnett-clutch-spring-set-2002-2007-harley-davidson-v-rod-vrsc-heavy-duty-racing,"index, follow",Barnett,501-82-05074,new,MOTORCYCLE > HARLEY DAVIDSON > HARLEY CUSTOM / PERFORMANCE,237,Barnett Clutch Spring Set 2002–2007 Harley-Davidson V-Rod (VRSC) Barnett Heavy Duty Clutch Spring Set 5 Heavy Duty Springs For 2002-2007 V-Rod Models (,5,200,LONG_TITLE_REVIEW; IMAGE_DIMENSIONS; RESPONSIVE_IMAGE; MARKETPLACE_BOILERPLATE; EBAY_SHIPPING_COPY; USED_TEMPLATE_ON_NEW_ITEM
6369,10231 FAS,https://flipandstrip.com/product/6369/graphic-kit-kx250f-kawasaki-2006-2008-kx-250-f-flu-designs-pts-5-kx250f-21120,Graphic Kit KX250F Kawasaki 2006-2008 KX 250 F FLU DESIGNS PTS 5 KX250F 21120 | Flip and Strip,94,Graphic Kit KX250F Kawasaki 2006-2008 KX 250 F FLU DESIGNS PTS 5 KX250F 21120. New FLU Designs. Price: $29.95. Pro Team Series 5 graphics package custom-made,157,200,https://flipandstrip.com/product/6369/graphic-kit-kx250f-kawasaki-2006-2008-kx-250-f-flu-designs-pts-5-kx250f-21120,"index, follow",FLU Designs,21120,new,DIRT BIKE / MOTOCROSS > KAWASAKI > KX 250,212,Pro Team Series 5 graphics package custom-made for 2006–2008 Kawasaki KX250F dirt bikes. 2006-2008 for Kawasaki KX 250 F FLU DESIGNS INC. PTS 5 Graphic Kit K,5,200,LONG_TITLE_REVIEW; IMAGE_DIMENSIONS; RESPONSIVE_IMAGE; MARKETPLACE_BOILERPLATE; EBAY_SHIPPING_COPY; USED_TEMPLATE_ON_NEW_ITEM
6370,1082 FAS,https://flipandstrip.com/product/6370/starter-evinrude-200-225-250hp-johnson-outboard-motor-boat-oem-4249904,Starter Evinrude 200 225 250HP Johnson Outboard Motor Boat OEM 4249904 | Flip and Strip,87,Starter Evinrude 200 225 250HP Johnson Outboard Motor Boat OEM 4249904. New other (see details) Evinrude. Price: $125.00. Johnson Evinrude Starter Part Number,158,200,https://flipandstrip.com/product/6370/starter-evinrude-200-225-250hp-johnson-outboard-motor-boat-oem-4249904,"index, follow",Evinrude,0586731,used,MARINE / BOAT PARTS > EVINRUDE / JOHNSON,1415,Johnson Evinrude Starter Part Number 0586731 Or 4249904. NICE USED CONDITION!! SEE PICTURES !! YOU CAN BUY ONE CHEAPER BUT NOT NICER!!! THIS IS IN GREAT USED,9,200,LONG_TITLE_REVIEW; IMAGE_DIMENSIONS; RESPONSIVE_IMAGE; MARKETPLACE_BOILERPLATE; EBAY_SHIPPING_COPY
6371,1044 FAS,https://flipandstrip.com/product/6371/prop-rebel-15-3-4-x-15-lh-propeller-johnson-evinrude-stainless-counter-rotation,Prop Rebel 15 3/4 x 15 LH Propeller Johnson Evinrude Stainless Counter Rotation | Flip and Strip,96,Prop Rebel 15 3/4 x 15 LH Propeller Johnson Evinrude Stainless Counter Rotation. New other (see details) Evinrude. Price: $234.56. Prop Rebel 15 3/4 x 15 LH,156,200,https://flipandstrip.com/product/6371/prop-rebel-15-3-4-x-15-lh-propeller-johnson-evinrude-stainless-counter-rotation,"index, follow",Evinrude,0763985,used,MARINE / BOAT PARTS > EVINRUDE / JOHNSON,567,Prop Rebel 15 3/4 x 15 LH Propeller Johnson Evinrude Stainless Counter Rotation REBEL BOAT PROP 3 x 15 3/4 x 15LX (( LEFT / COUNTER ROTATION )) COMES EXACTLY,10,200,LONG_TITLE_REVIEW; IMAGE_DIMENSIONS; RESPONSIVE_IMAGE; MARKETPLACE_BOILERPLATE; EBAY_SHIPPING_COPY
6372,C1,https://flipandstrip.com/product/6372/cbr1000rr-exhaust-servo-motor-actuator-muffler-06-07-honda-31420-mel-d21,CBR1000RR Exhaust Servo Motor Actuator Muffler 06 07 Honda 31420-MEL-D21 | Flip and Strip,89,CBR1000RR Exhaust Servo Motor Actuator Muffler 06 07 Honda 31420-MEL-D21. Used Honda. Price: $24.95. Honda CBR1000RR 06 07 Exhaust Muffler Servo Motor Actuator,159,200,https://flipandstrip.com/product/6372/cbr1000rr-exhaust-servo-motor-actuator-muffler-06-07-honda-31420-mel-d21,"index, follow",Honda,31420-MEL-D21,used,MOTORCYCLE > HONDA > CBR 1000 RR,258,Honda CBR1000RR 06 07 Exhaust Muffler Servo Motor Actuator 31420-MEL-D21 Exhaust Muffler Servo Motor Actuator 06 Honda CBR 1000 RR . This Is Honda Part #,7,200,LONG_TITLE_REVIEW; IMAGE_DIMENSIONS; RESPONSIVE_IMAGE; MARKETPLACE_BOILERPLATE; EBAY_SHIPPING_COPY
6374,10237 FAS,https://flipandstrip.com/product/6374/suzuki-m109r-boulevard-vzr1800-cover-lower-trim-headlamp-blue-51821-48g00-yld,Suzuki M109R Boulevard VZR1800 Cover Lower Trim Headlamp Blue 51821-48G00-YLD | Flip and Strip,94,Suzuki M109R Boulevard VZR1800 Cover Lower Trim Headlamp Blue 51821-48G00-YLD. New Suzuki. Price: $225.00. Genuine OEM Suzuki 51821-48G00-YLD is a genuine,154,200,https://flipandstrip.com/product/6374/suzuki-m109r-boulevard-vzr1800-cover-lower-trim-headlamp-blue-51821-48g00-yld,"index, follow",Suzuki,51821-48G00-YLD,new,MOTORCYCLE > SUZUKI > SUZUKI CRUISER,242,Genuine OEM Suzuki 51821-48G00-YLD is a genuine Suzuki OEM motorcycle part number corresponding to a blue lower center headlamp cover. This specific component,16,200,LONG_TITLE_REVIEW; IMAGE_DIMENSIONS; RESPONSIVE_IMAGE; MARKETPLACE_BOILERPLATE; EBAY_SHIPPING_COPY; USED_TEMPLATE_ON_NEW_ITEM
6375,10238 FAS,https://flipandstrip.com/product/6375/kawasaki-kx250f-cylinder-kit-standard-bore-cylinder-works-vertex-77m-30006-k02hc,Kawasaki KX250F Cylinder Kit Standard Bore Cylinder Works Vertex 77m 30006-K02HC | Flip and Strip,97,Kawasaki KX250F Cylinder Kit Standard Bore Cylinder Works Vertex 77m 30006-K02HC. New Cylinder Works. Price: $498.76. Cylinder Works 30006-K02HC standard bore,158,200,https://flipandstrip.com/product/6375/kawasaki-kx250f-cylinder-kit-standard-bore-cylinder-works-vertex-77m-30006-k02hc,"index, follow",Cylinder Works,30006-K02HC,new,DIRT BIKE / MOTOCROSS > KAWASAKI > KX 250,248,Cylinder Works 30006-K02HC standard bore high-compression cylinder kit designed for 2015–2016 Kawasaki KX250F dirt bikes. It boosts engine performance with a h,20,200,LONG_TITLE_REVIEW; IMAGE_DIMENSIONS; RESPONSIVE_IMAGE; MARKETPLACE_BOILERPLATE; EBAY_SHIPPING_COPY; USED_TEMPLATE_ON_NEW_ITEM
6376,10241 FAS,https://flipandstrip.com/product/6376/excel-rim-21-spoke-set-yamaha-yz-wr-suzuki-rm-dr-dirt-bikes-motocross-xs9-11207,"Excel Rim 21"" Spoke Set Yamaha YZ WR Suzuki RM DR Dirt Bikes Motocross XS9-11207 | Flip and Strip",97,"Excel Rim 21"" Spoke Set Yamaha YZ WR Suzuki RM DR Dirt Bikes Motocross XS9-11207. New Excel. Price: $98.76. motorcycle stainless steel spoke and nipple set",155,200,https://flipandstrip.com/product/6376/excel-rim-21-spoke-set-yamaha-yz-wr-suzuki-rm-dr-dirt-bikes-motocross-xs9-11207,"index, follow",Excel,XS9-11207,new,DIRT BIKE / MOTOCROSS > YAMAHA > YZ250,370,motorcycle stainless steel spoke and nipple set designed by RK Excel high-strength polished stainless steel construction and aluminum spline-drive nipples,15,200,LONG_TITLE_REVIEW; IMAGE_DIMENSIONS; RESPONSIVE_IMAGE; MARKETPLACE_BOILERPLATE; EBAY_SHIPPING_COPY; USED_TEMPLATE_ON_NEW_ITEM
6377,10234 FAS,https://flipandstrip.com/product/6377/kawasaki-kvf750-brute-force-wheel-front-rim-12-17-oem-12x6-0at-49058-0120-31200,Kawasaki KVF750 Brute Force Wheel Front Rim 12-17 OEM 12x6.0AT 49058-0120-31200 | Flip and Strip,96,Kawasaki KVF750 Brute Force Wheel Front Rim 12-17 OEM 12x6.0AT 49058-0120-31200. New other (see details) KAWASAKI. Price: $149.95. Kawasaki KVF750 Brute Force,158,200,https://flipandstrip.com/product/6377/kawasaki-kvf750-brute-force-wheel-front-rim-12-17-oem-12x6-0at-49058-0120-31200,"index, follow",KAWASAKI,49058-0120-31f,used,ATV 4 WHEELER / ATC 3 WHEELER > KAWASAKI > KAWASAKI,275,"Kawasaki KVF750 Brute Force 12-17 OEM Wheel FRONT 12x6.0AT49058-0120-31f Product Specifications: Genuine OEM Kawasaki Wheel, Front 12X6.0At Silver Part #",6,200,LONG_TITLE_REVIEW; IMAGE_DIMENSIONS; RESPONSIVE_IMAGE; MARKETPLACE_BOILERPLATE; EBAY_SHIPPING_COPY
6378,10235 FAS,https://flipandstrip.com/product/6378/can-am-maverick-x3-cv-axle-half-shaft-front-right-18-20-all-balls-extreme-duty,Can Am Maverick X3 CV Axle Half Shaft Front Right 18-20 All Balls Extreme Duty | Flip and Strip,95,Can Am Maverick X3 CV Axle Half Shaft Front Right 18-20 All Balls Extreme Duty. New other (see details) ALL BALLS. Price: $69.95. Can Am Maverick 18-20 All,155,200,https://flipandstrip.com/product/6378/can-am-maverick-x3-cv-axle-half-shaft-front-right-18-20-all-balls-extreme-duty,"index, follow",ALL BALLS,TRK-CA-8-226,used,SIDE by SIDE / SXS /UTV > Can Am,430,Can Am Maverick 18-20 All Balls Extreme Duty AxleTRK-CA-8-226 Replaces Can Am part number 705402098 extreme-duty front-right CV axle built for high-intensity,5,200,LONG_TITLE_REVIEW; IMAGE_DIMENSIONS; RESPONSIVE_IMAGE; MARKETPLACE_BOILERPLATE; EBAY_SHIPPING_COPY
6379,10233 FAS,https://flipandstrip.com/product/6379/radiator-kawasaki-kx250f-left-side-2006-08-fps-racing-heavy-duty-fps11-6kx250f-l,Radiator Kawasaki KX250F Left Side 2006-08 FPS Racing Heavy Duty FPS11-6KX250F-L | Flip and Strip,97,Radiator Kawasaki KX250F Left Side 2006-08 FPS Racing Heavy Duty FPS11-6KX250F-L. New other (see details) FPS Racing. Price: $109.95. Kawasaki KXF250 06-08 FPS,159,200,https://flipandstrip.com/product/6379/radiator-kawasaki-kx250f-left-side-2006-08-fps-racing-heavy-duty-fps11-6kx250f-l,"index, follow",FPS Racing,FPS11-6KX250F-L,used,DIRT BIKE / MOTOCROSS > KAWASAKI > KX 250,245,Kawasaki KXF250 06-08 FPS Racing RadiatorFPS11-6KX250F-L KAWASAKI KXF250 06-08 LEFT HAND RADIATOR ONLY High Performance Off-Road Motorcycle,5,200,LONG_TITLE_REVIEW; IMAGE_DIMENSIONS; RESPONSIVE_IMAGE; MARKETPLACE_BOILERPLATE; EBAY_SHIPPING_COPY
6380,10236 FAS,https://flipandstrip.com/product/6380/polaris-cv-axle-shaft-front-ranger-500-700-800-left-right-09-16-high-performance,Polaris CV Axle Shaft Front Ranger 500 700 800 Left Right 09-16 High Performance | Flip and Strip,97,Polaris CV Axle Shaft Front Ranger 500 700 800 Left Right 09-16 High Performance. New QuadBoss. Price: $87.65. Polaris Ranger 500 700 800 09-16 Quad Boss,153,200,https://flipandstrip.com/product/6380/polaris-cv-axle-shaft-front-ranger-500-700-800-left-right-09-16-high-performance,"index, follow",QuadBoss,TR6-PO-8-311,new,SIDE by SIDE / SXS /UTV > POLARIS,348,"Polaris Ranger 500 700 800 09-16 Quad Boss Rugged Axle Front Left or Right. TR6-PO-8-311 Replaces Polaris Part Number 1332856 and others. Part is new, but the",7,200,LONG_TITLE_REVIEW; IMAGE_DIMENSIONS; RESPONSIVE_IMAGE; MARKETPLACE_BOILERPLATE; EBAY_SHIPPING_COPY; USED_TEMPLATE_ON_NEW_ITEM
6381,10232 FAS,https://flipandstrip.com/product/6381/zx12r-headlight-lens-housing-kawasaki-2002-2005-ninja-genuine-oem-23007-1419,ZX12R Headlight Lens Housing Kawasaki 2002-2005 Ninja Genuine OEM 23007-1419 | Flip and Strip,93,ZX12R Headlight Lens Housing Kawasaki 2002-2005 Ninja Genuine OEM 23007-1419. New Kawasaki. Price: $179.95. Kawasaki ZX12R 2002-2005 Headlight Lens Genuine,155,200,https://flipandstrip.com/product/6381/zx12r-headlight-lens-housing-kawasaki-2002-2005-ninja-genuine-oem-23007-1419,"index, follow",Kawasaki,23007-1419,new,MOTORCYCLE > KAWASAKI > ZX-12R,208,"Kawasaki ZX12R 2002-2005 Headlight Lens Genuine OEM23007-1419 Kawasaki 23007-1419 LENS-COMP, HEAD LAMPManufacturer: KawasakiOEM Part Number: 23007-1419Part",6,200,LONG_TITLE_REVIEW; IMAGE_DIMENSIONS; RESPONSIVE_IMAGE; MARKETPLACE_BOILERPLATE; EBAY_SHIPPING_COPY; USED_TEMPLATE_ON_NEW_ITEM
6382,10242 FAS,https://flipandstrip.com/product/6382/renthal-10-inch-handlebar-pad-red-white-motorcross-dirtbike-motard-atv-quad-p215,Renthal 10 Inch Handlebar Pad Red White Motorcross Dirtbike Motard ATV Quad P215 | Flip and Strip,97,"Renthal 10 Inch Handlebar Pad Red White Motorcross Dirtbike Motard ATV Quad P215. New Renthal. Price: $22.22. Renthal P215 10"" Bar Pad in Red with lettering in",159,200,https://flipandstrip.com/product/6382/renthal-10-inch-handlebar-pad-red-white-motorcross-dirtbike-motard-atv-quad-p215,"index, follow",Renthal,p215,new,ATV 4 WHEELER / ATC 3 WHEELER > ATV - PERFORMANCE - GENERAL,273,"Renthal P215 10"" Bar Pad in Red with lettering in white. Durable, high-impact crossbar pad designed to prevent rider injury while resisting sun fade and fuel",9,200,LONG_TITLE_REVIEW; IMAGE_DIMENSIONS; RESPONSIVE_IMAGE; MARKETPLACE_BOILERPLATE; EBAY_SHIPPING_COPY; USED_TEMPLATE_ON_NEW_ITEM
6383,10239 FAS,https://flipandstrip.com/product/6383/can-am-beadlock-ring-renegade-atv-quad-yellow-wheel-rim-tire-genuine-oem-can-am,Can-Am Beadlock Ring Renegade ATV Quad Yellow Wheel Rim Tire Genuine OEM Can am | Flip and Strip,96,Can-Am Beadlock Ring Renegade ATV Quad Yellow Wheel Rim Tire Genuine OEM Can am. New Can-Am. Price: $69.95. 705402326 Quantity 1 Bead Lock B-354 Can-Am,151,200,https://flipandstrip.com/product/6383/can-am-beadlock-ring-renegade-atv-quad-yellow-wheel-rim-tire-genuine-oem-can-am,"index, follow",Can-Am,705402326,new,ATV 4 WHEELER / ATC 3 WHEELER > ATV - PERFORMANCE - GENERAL,283,705402326 Quantity 1 Bead Lock B-354 Can-Am Beadlock Ring Performance & HandlingDesigned to help retain the tire bead on the wheel in demanding off-road,15,200,LONG_TITLE_REVIEW; IMAGE_DIMENSIONS; RESPONSIVE_IMAGE; MARKETPLACE_BOILERPLATE; EBAY_SHIPPING_COPY; USED_TEMPLATE_ON_NEW_ITEM
6384,10240 FAS,https://flipandstrip.com/product/6384/kawasaki-cylinder-jug-ultra-150-jh1200-jet-ski-jt1200-stx-pwc-99-05-genuine-oem,Kawasaki Cylinder Jug Ultra 150 JH1200 Jet Ski JT1200 STX PWC 99-05 Genuine OEM | Flip and Strip,96,"Kawasaki Cylinder Jug Ultra 150 JH1200 Jet Ski JT1200 STX PWC 99-05 Genuine OEM. New Kawasaki. Price: $678.95. Genuine OEM Kawasaki Cylinder , Brand new in the",159,200,https://flipandstrip.com/product/6384/kawasaki-cylinder-jug-ultra-150-jh1200-jet-ski-jt1200-stx-pwc-99-05-genuine-oem,"index, follow",Kawasaki,11005-3744,new,Other,203,"Genuine OEM Kawasaki Cylinder , Brand new in the box. Part Number 11005-3744 Quantity 1 Cylinder Kawasaki2005JT1200 1200STX-RJH1200 Ultra 1502004JT1200",14,200,LONG_TITLE_REVIEW; IMAGE_DIMENSIONS; RESPONSIVE_IMAGE; MARKETPLACE_BOILERPLATE; EBAY_SHIPPING_COPY; USED_TEMPLATE_ON_NEW_ITEM
6385,10243 FAS,https://flipandstrip.com/product/6385/polaris-speedometer-120-mph-gauge-snowmobile-sled-pro-xc-classic-rmx-super-sport,Polaris Speedometer 120 MPH Gauge Snowmobile Sled Pro XC Classic RMX Super Sport | Flip and Strip,97,Polaris Speedometer 120 MPH Gauge Snowmobile Sled Pro XC Classic RMX Super Sport. New Polaris. Price: $79.95. 3280348 Polaris Genuine OEM manufacturer part for,159,200,https://flipandstrip.com/product/6385/polaris-speedometer-120-mph-gauge-snowmobile-sled-pro-xc-classic-rmx-super-sport,"index, follow",Polaris,3280348,new,SNOWMOBILE > SNOW MOBILE / MACHINE,231,3280348 Polaris Genuine OEM manufacturer part for speedometer gauge cluster assembly. Polaris: 2004 800 PRO XR 2003 440 Pro X 2002 800 XC SP800 RMK700 RMK440,17,200,LONG_TITLE_REVIEW; IMAGE_DIMENSIONS; RESPONSIVE_IMAGE; MARKETPLACE_BOILERPLATE; EBAY_SHIPPING_COPY; USED_TEMPLATE_ON_NEW_ITEM
6386,10245 FAS,https://flipandstrip.com/product/6386/yamaha-yfz450-cylinder-piston-kit-atv-big-bore-98mm-top-end-3mm-cylinder-works,Yamaha YFZ450 Cylinder Piston Kit ATV Big Bore 98mm Top End +3mm Cylinder Works | Flip and Strip,96,Yamaha YFZ450 Cylinder Piston Kit ATV Big Bore 98mm Top End +3mm Cylinder Works. New Cylinder Works. Price: $678.00. Yamaha YFZ450 Cylinder Kit Big Bore 04-09,158,200,https://flipandstrip.com/product/6386/yamaha-yfz450-cylinder-piston-kit-atv-big-bore-98mm-top-end-3mm-cylinder-works,"index, follow",Cylinder Works,23001-K01,new,ATV 4 WHEELER / ATC 3 WHEELER > YAMAHA > YAMAHA,320,Yamaha YFZ450 Cylinder Kit Big Bore 04-09 12 13 23001-K01 +3mm big bore complete cylinder and piston kit designed for 2004–2013 Yamaha YFZ 450 ATVs. It i,24,200,LONG_TITLE_REVIEW; IMAGE_DIMENSIONS; RESPONSIVE_IMAGE; MARKETPLACE_BOILERPLATE; EBAY_SHIPPING_COPY; USED_TEMPLATE_ON_NEW_ITEM
6388,10247 FAS,https://flipandstrip.com/product/6388/suzuki-rmz450-clutch-basket-wiseco-black-outer-hub-primary-driven-forged-08-19,Suzuki RMZ450 Clutch Basket Wiseco Black Outer Hub Primary Driven Forged 08-19 | Flip and Strip,95,Suzuki RMZ450 Clutch Basket Wiseco Black Outer Hub Primary Driven Forged 08-19. New wiseco. Price: $225.00. Suzuki Part Number 21200-28H10 Wiseco Clutch Basket,159,200,https://flipandstrip.com/product/6388/suzuki-rmz450-clutch-basket-wiseco-black-outer-hub-primary-driven-forged-08-19,"index, follow",wiseco,WPP3049,new,DIRT BIKE / MOTOCROSS > SUZUKI > RMZ450,280,"Suzuki Part Number 21200-28H10 Wiseco Clutch Basket – Suzuki RMZ450SKU#: WPP3049 Wiseco clutch baskets are engineered, forged, and machined in-house in its USA",11,200,LONG_TITLE_REVIEW; IMAGE_DIMENSIONS; RESPONSIVE_IMAGE; MARKETPLACE_BOILERPLATE; EBAY_SHIPPING_COPY; USED_TEMPLATE_ON_NEW_ITEM
6389,10248 FAS,https://flipandstrip.com/product/6389/kx250-kawasaki-reed-valve-rev-plate-kit-boyesen-rad-valve-petals-rl12-1987-1996,KX250 Kawasaki Reed Valve Rev Plate Kit Boyesen RAD Valve Petals RL12 1987-1996 | Flip and Strip,96,KX250 Kawasaki Reed Valve Rev Plate Kit Boyesen RAD Valve Petals RL12 1987-1996. New Boyesen. Price: $39.95. Boyesen RL12 804429007059 Description: Replacement,159,200,https://flipandstrip.com/product/6389/kx250-kawasaki-reed-valve-rev-plate-kit-boyesen-rad-valve-petals-rl12-1987-1996,"index, follow",Boyesen,RL12,new,DIRT BIKE / MOTOCROSS > KAWASAKI > KX 250,235,"Boyesen RL12 804429007059 Description: Replacement reeds for the Boyesen RAD valve # RAD-12 and RAD-12AIncludes petals, rev-plates, and extra screws",12,200,LONG_TITLE_REVIEW; IMAGE_DIMENSIONS; RESPONSIVE_IMAGE; MARKETPLACE_BOILERPLATE; EBAY_SHIPPING_COPY; USED_TEMPLATE_ON_NEW_ITEM
6390,10047 FAS,https://flipandstrip.com/product/6390/yz125-clutch-outer-hub-basket-wiseco-2005-26-yamaha-yz125x-wpp3032-new-racing,YZ125 Clutch Outer Hub Basket Wiseco 2005-26 Yamaha YZ125X WPP3032 NEW Racing | Flip and Strip,94,"YZ125 Clutch Outer Hub Basket Wiseco 2005-26 Yamaha YZ125X WPP3032 NEW Racing. New Wiseco. Price: $222.22. Wiseco clutch baskets are engineered, forged, and",156,200,https://flipandstrip.com/product/6390/yz125-clutch-outer-hub-basket-wiseco-2005-26-yamaha-yz125x-wpp3032-new-racing,"index, follow",Wiseco,WPP3032,new,DIRT BIKE / MOTOCROSS > DIRT BIKE,258,"Wiseco clutch baskets are engineered, forged, and machined in-house in its USA manufacturing facility. Thanks to the increased tensile strength of the forged",10,200,LONG_TITLE_REVIEW; DUPLICATE_SCHEMA_DESCRIPTION; IMAGE_DIMENSIONS; RESPONSIVE_IMAGE; DESCRIPTION_RELEVANCE_REVIEW; MARKETPLACE_BOILERPLATE; EBAY_SHIPPING_COPY; USED_TEMPLATE_ON_NEW_ITEM
6391,10250 FAS,https://flipandstrip.com/product/6391/clutch-basket-yamaha-yz250f-fx-outer-hub-wr250f-primary-gear-high-perfomance,Clutch Basket Yamaha YZ250F FX Outer Hub WR250F Primary Gear High Perfomance | Flip and Strip,93,Clutch Basket Yamaha YZ250F FX Outer Hub WR250F Primary Gear High Perfomance. New wiseco. Price: $212.00. Wiseco Clutch Basket – Yamaha YZ250FSKU#: WPP3061 W,157,200,https://flipandstrip.com/product/6391/clutch-basket-yamaha-yz250f-fx-outer-hub-wr250f-primary-gear-high-perfomance,"index, follow",wiseco,"wpp3061, 5NL-16150-10-00",new,DIRT BIKE / MOTOCROSS > YAMAHA > YZ250F,286,"Wiseco Clutch Basket – Yamaha YZ250FSKU#: WPP3061 Wiseco clutch baskets are engineered, forged, and machined in-house in its USA manufacturing facility. Thanks",15,200,LONG_TITLE_REVIEW; IMAGE_DIMENSIONS; RESPONSIVE_IMAGE; MARKETPLACE_BOILERPLATE; EBAY_SHIPPING_COPY; USED_TEMPLATE_ON_NEW_ITEM
6392,10252 FAS,https://flipandstrip.com/product/6392/gloves-alpinestars-megawatt-black-orange-mx-motorcycle-riding-3565018-1056-3xl,Gloves Alpinestars Megawatt Black Orange MX Motorcycle Riding 3565018-1056-3XL | Flip and Strip,95,Gloves Alpinestars Megawatt Black Orange MX Motorcycle Riding 3565018-1056-3XL. New with tags Alpinestars. Price: $69.95. Alpinestars MX 35650181056,148,200,https://flipandstrip.com/product/6392/gloves-alpinestars-megawatt-black-orange-mx-motorcycle-riding-3565018-1056-3xl,"index, follow",Alpinestars,3565018-1056-3XL,used,APPAREL BIKERS RIDERS,251,Alpinestars MX 35650181056 8021506915829 ALPINESTARS MEGAWATT GLOVES BLACK ANTHRACITE and ORANGE 3X 3565018-1056-3XL Features top hand constructed from,14,200,LONG_TITLE_REVIEW; IMAGE_DIMENSIONS; RESPONSIVE_IMAGE; MARKETPLACE_BOILERPLATE; EBAY_SHIPPING_COPY
6393,10251 FAS,https://flipandstrip.com/product/6393/yfz450r-radiator-hose-kit-blue-yamaha-atv-09-13-cv4-silicone-rubber-high-temp,YFZ450R Radiator Hose Kit Blue Yamaha ATV 09-13 CV4 Silicone Rubber High Temp | Flip and Strip,94,YFZ450R Radiator Hose Kit Blue Yamaha ATV 09-13 CV4 Silicone Rubber High Temp. New Cycra. Price: $34.95. ATV Radiator Hose Kit SFSMBC154B 2009-2013 Yamaha,154,200,https://flipandstrip.com/product/6393/yfz450r-radiator-hose-kit-blue-yamaha-atv-09-13-cv4-silicone-rubber-high-temp,"index, follow",Cycra,SFSMBC154B,new,ATV 4 WHEELER / ATC 3 WHEELER > YAMAHA > YFZ 450,227,ATV Radiator Hose Kit SFSMBC154B 2009-2013 Yamaha YFZ450R and 2009-2013 Yamaha YFZ450RSE Special Edition ATVs. CV4 ATV Radiator Hose Kit Replaces Yamaha part,10,200,LONG_TITLE_REVIEW; IMAGE_DIMENSIONS; RESPONSIVE_IMAGE; MARKETPLACE_BOILERPLATE; EBAY_SHIPPING_COPY; USED_TEMPLATE_ON_NEW_ITEM
